D_TEMPORAL_0;D_TERRITORIO_0;D_NUMHIJOSMENORED_0;INDICATOR;OBS_VALUE;FREQ
2020;C01;000;Divorcios;13992.45022;A
2020;C01;0;Divorcios;6504.66592;A
2020;C01;1;Divorcios;3659.29909;A
2020;C01;2;Divorcios;3396.99825;A
2020;C01;3;Divorcios;396.5127;A
2020;C01;4;Divorcios;29.70055;A
2020;C01;05+;Divorcios;5.27371;A
2020;04;000;Divorcios;1287.5417;A
2020;04;0;Divorcios;621.46538;A
2020;04;1;Divorcios;315.95928;A
2020;04;2;Divorcios;309.5547;A
2020;04;3;Divorcios;38.42748;A
2020;04;4;Divorcios;2.13486;A
2020;11;000;Divorcios;1956.38358;A
2020;11;0;Divorcios;865.76566;A
2020;11;1;Divorcios;543.20352;A
2020;11;2;Divorcios;477.93488;A
2020;11;3;Divorcios;65.26864;A
2020;11;4;Divorcios;4.21088;A
2020;14;000;Divorcios;1295.68526;A
2020;14;0;Divorcios;586.82122;A
2020;14;1;Divorcios;340.09084;A
2020;14;2;Divorcios;317.5547;A
2020;14;3;Divorcios;47.12102;A
2020;14;4;Divorcios;4.09748;A
2020;18;000;Divorcios;1333.9225;A
2020;18;0;Divorcios;570.58384;A
2020;18;1;Divorcios;358.30182;A
2020;18;2;Divorcios;360.89821;A
2020;18;3;Divorcios;44.13863;A
2020;21;000;Divorcios;832.55851;A
2020;21;0;Divorcios;376.04119;A
2020;21;1;Divorcios;246.89202;A
2020;21;2;Divorcios;195.65028;A
2020;21;3;Divorcios;13.97502;A
2020;23;000;Divorcios;886.77634;A
2020;23;0;Divorcios;471.77282;A
2020;23;1;Divorcios;207.50176;A
2020;23;2;Divorcios;184.12128;A
2020;23;3;Divorcios;20.45792;A
2020;23;05+;Divorcios;2.92256;A
2020;29;000;Divorcios;3009.31704;A
2020;29;0;Divorcios;1488.12299;A
2020;29;1;Divorcios;728.8565;A
2020;29;2;Divorcios;710.0473;A
2020;29;3;Divorcios;65.8322;A
2020;29;4;Divorcios;14.1069;A
2020;29;05+;Divorcios;2.35115;A
2020;41;000;Divorcios;3390.26529;A
2020;41;0;Divorcios;1524.09282;A
2020;41;1;Divorcios;918.49335;A
2020;41;2;Divorcios;841.2369;A
2020;41;3;Divorcios;101.29179;A
2020;41;4;Divorcios;5.15043;A
2019;C01;000;Divorcios;17078.2748;A
2019;C01;0;Divorcios;7873.34974;A
2019;C01;1;Divorcios;4512.6298;A
2019;C01;2;Divorcios;4096.56814;A
2019;C01;3;Divorcios;522.642;A
2019;C01;4;Divorcios;64.13179;A
2019;C01;05+;Divorcios;8.95333;A
2019;04;000;Divorcios;1684.43364;A
2019;04;0;Divorcios;762.64566;A
2019;04;1;Divorcios;452.77251;A
2019;04;2;Divorcios;406.074;A
2019;04;3;Divorcios;54.81999;A
2019;04;4;Divorcios;6.09111;A
2019;04;05+;Divorcios;2.03037;A
2019;11;000;Divorcios;2350.11045;A
2019;11;0;Divorcios;1046.38673;A
2019;11;1;Divorcios;675.8434;A
2019;11;2;Divorcios;523.2336;A
2019;11;3;Divorcios;89.38574;A
2019;11;4;Divorcios;13.08084;A
2019;11;05+;Divorcios;2.18014;A
2019;14;000;Divorcios;1369.08113;A
2019;14;0;Divorcios;596.97089;A
2019;14;1;Divorcios;365.5825;A
2019;14;2;Divorcios;348.03454;A
2019;14;3;Divorcios;54.10621;A
2019;14;4;Divorcios;4.38699;A
2019;18;000;Divorcios;1634.5488;A
2019;18;0;Divorcios;788.30896;A
2019;18;1;Divorcios;424.31856;A
2019;18;2;Divorcios;361.98928;A
2019;18;3;Divorcios;52.74016;A
2019;18;4;Divorcios;4.79456;A
2019;18;05+;Divorcios;2.39728;A
2019;21;000;Divorcios;1003.79841;A
2019;21;0;Divorcios;380.19285;A
2019;21;1;Divorcios;290.40455;A
2019;21;2;Divorcios;311.80278;A
2019;21;3;Divorcios;18.34134;A
2019;21;4;Divorcios;3.05689;A
2019;23;000;Divorcios;1181.24056;A
2019;23;0;Divorcios;694.80536;A
2019;23;1;Divorcios;231.05672;A
2019;23;2;Divorcios;224.97628;A
2019;23;3;Divorcios;24.32176;A
2019;23;4;Divorcios;6.08044;A
2019;29;000;Divorcios;3795.50761;A
2019;29;0;Divorcios;1900.31129;A
2019;29;1;Divorcios;966.36248;A
2019;29;2;Divorcios;827.97562;A
2019;29;3;Divorcios;89.13052;A
2019;29;4;Divorcios;9.38216;A
2019;29;05+;Divorcios;2.34554;A
2019;41;000;Divorcios;4059.5542;A
2019;41;0;Divorcios;1703.728;A
2019;41;1;Divorcios;1106.28908;A
2019;41;2;Divorcios;1092.48204;A
2019;41;3;Divorcios;139.79628;A
2019;41;4;Divorcios;17.2588;A
2018;C01;000;Divorcios;16934.828;A
2018;C01;0;Divorcios;7818.8216;A
2018;C01;1;Divorcios;4462.5654;A
2018;C01;2;Divorcios;4126.0726;A
2018;C01;3;Divorcios;478.5613;A
2018;C01;4;Divorcios;43.9028;A
2018;C01;05+;Divorcios;4.9043;A
2018;04;000;Divorcios;1456.1395;A
2018;04;0;Divorcios;673.2158;A
2018;04;1;Divorcios;406.925;A
2018;04;2;Divorcios;336.9339;A
2018;04;3;Divorcios;37.4371;A
2018;04;4;Divorcios;1.6277;A
2018;11;000;Divorcios;2490.3415;A
2018;11;0;Divorcios;1102.8918;A
2018;11;1;Divorcios;731.8416;A
2018;11;2;Divorcios;594.6213;A
2018;11;3;Divorcios;60.9868;A
2018;11;4;Divorcios;;A
2018;14;000;Divorcios;1405.7198;A
2018;14;0;Divorcios;610.6478;A
2018;14;1;Divorcios;377.856;A
2018;14;2;Divorcios;377.856;A
2018;14;3;Divorcios;34.112;A
2018;14;4;Divorcios;5.248;A
2018;14;05+;Divorcios;;A
2018;18;000;Divorcios;1684.5826;A
2018;18;0;Divorcios;822.0082;A
2018;18;1;Divorcios;399.7296;A
2018;18;2;Divorcios;404.4048;A
2018;18;3;Divorcios;53.7648;A
2018;18;4;Divorcios;4.6752;A
2018;21;000;Divorcios;986.218;A
2018;21;0;Divorcios;432.72;A
2018;21;1;Divorcios;287.452;A
2018;21;2;Divorcios;253.814;A
2018;21;3;Divorcios;9.174;A
2018;21;4;Divorcios;3.058;A
2018;23;000;Divorcios;1108.2069;A
2018;23;0;Divorcios;627.8725;A
2018;23;1;Divorcios;214.7649;A
2018;23;2;Divorcios;240.1672;A
2018;23;3;Divorcios;23.093;A
2018;23;4;Divorcios;2.3093;A
2018;29;000;Divorcios;3718.358;A
2018;29;0;Divorcios;1836.8003;A
2018;29;1;Divorcios;920.1348;A
2018;29;2;Divorcios;823.7959;A
2018;29;3;Divorcios;121.8982;A
2018;29;4;Divorcios;13.7627;A
2018;29;05+;Divorcios;1.9661;A
2018;41;000;Divorcios;4085.2617;A
2018;41;0;Divorcios;1712.6652;A
2018;41;1;Divorcios;1123.8615;A
2018;41;2;Divorcios;1094.4795;A
2018;41;3;Divorcios;138.0954;A
2018;41;4;Divorcios;13.2219;A
2018;41;05+;Divorcios;2.9382;A
2017;C01;000;Divorcios;17436.6101;A
2017;C01;0;Divorcios;8012.7218;A
2017;C01;1;Divorcios;4613.873;A
2017;C01;2;Divorcios;4198.5134;A
2017;C01;3;Divorcios;549.6071;A
2017;C01;4;Divorcios;55.2921;A
2017;C01;05+;Divorcios;6.6027;A
2017;04;000;Divorcios;1454.7143;A
2017;04;0;Divorcios;709.3263;A
2017;04;1;Divorcios;403.118;A
2017;04;2;Divorcios;304.24;A
2017;04;3;Divorcios;27.3816;A
2017;04;4;Divorcios;9.1272;A
2017;04;05+;Divorcios;1.5212;A
2017;11;000;Divorcios;2406.3281;A
2017;11;0;Divorcios;1047.8127;A
2017;11;1;Divorcios;680.1036;A
2017;11;2;Divorcios;603.9726;A
2017;11;3;Divorcios;69.3638;A
2017;11;4;Divorcios;3.3836;A
2017;11;05+;Divorcios;1.6918;A
2017;14;000;Divorcios;1426.032;A
2017;14;0;Divorcios;586.859;A
2017;14;1;Divorcios;435.578;A
2017;14;2;Divorcios;360.951;A
2017;14;3;Divorcios;39.598;A
2017;14;4;Divorcios;3.046;A
2017;18;000;Divorcios;1990.6668;A
2017;18;0;Divorcios;912.5348;A
2017;18;1;Divorcios;465.5112;A
2017;18;2;Divorcios;519.9216;A
2017;18;3;Divorcios;84.6384;A
2017;18;4;Divorcios;6.0456;A
2017;18;05+;Divorcios;2.0152;A
2017;21;000;Divorcios;1060.4795;A
2017;21;0;Divorcios;458.3163;A
2017;21;1;Divorcios;301.0816;A
2017;21;2;Divorcios;269.3888;A
2017;21;3;Divorcios;29.712;A
2017;21;4;Divorcios;1.9808;A
2017;23;000;Divorcios;1127.8821;A
2017;23;0;Divorcios;616.0821;A
2017;23;1;Divorcios;247.7112;A
2017;23;2;Divorcios;229.2864;A
2017;23;3;Divorcios;32.7552;A
2017;23;4;Divorcios;2.0472;A
2017;29;000;Divorcios;3652.1307;A
2017;29;0;Divorcios;1827.8925;A
2017;29;1;Divorcios;909.6954;A
2017;29;2;Divorcios;783.663;A
2017;29;3;Divorcios;116.3376;A
2017;29;4;Divorcios;14.5422;A
2017;41;000;Divorcios;4318.3766;A
2017;41;0;Divorcios;1853.8981;A
2017;41;1;Divorcios;1171.074;A
2017;41;2;Divorcios;1127.09;A
2017;41;3;Divorcios;149.8205;A
2017;41;4;Divorcios;15.1195;A
2017;41;05+;Divorcios;1.3745;A
2016;C01;000;Divorcios;16968.2676;A
2016;C01;0;Divorcios;7577.9682;A
2016;C01;1;Divorcios;4777.3752;A
2016;C01;2;Divorcios;4003.6689;A
2016;C01;3;Divorcios;554.4398;A
2016;C01;4;Divorcios;46.2014;A
2016;C01;05+;Divorcios;8.6141;A
2016;04;000;Divorcios;1425.5804;A
2016;04;0;Divorcios;676.8467;A
2016;04;1;Divorcios;387.0009;A
2016;04;2;Divorcios;316.5162;A
2016;04;3;Divorcios;43.8867;A
2016;04;4;Divorcios;1.3299;A
2016;11;000;Divorcios;2275.825;A
2016;11;0;Divorcios;908.9128;A
2016;11;1;Divorcios;733.119;A
2016;11;2;Divorcios;550.2334;A
2016;11;3;Divorcios;77.2534;A
2016;11;4;Divorcios;6.3064;A
2016;14;000;Divorcios;1473.292;A
2016;14;0;Divorcios;606.8384;A
2016;14;1;Divorcios;444.9709;A
2016;14;2;Divorcios;388.8602;A
2016;14;3;Divorcios;27.4029;A
2016;14;4;Divorcios;3.9147;A
2016;14;05+;Divorcios;1.3049;A
2016;18;000;Divorcios;1937.4432;A
2016;18;0;Divorcios;927.824;A
2016;18;1;Divorcios;463.3184;A
2016;18;2;Divorcios;463.3184;A
2016;18;3;Divorcios;76.0672;A
2016;18;4;Divorcios;6.9152;A
2016;21;000;Divorcios;1053.5608;A
2016;21;0;Divorcios;420.6736;A
2016;21;1;Divorcios;332.0064;A
2016;21;2;Divorcios;264.5676;A
2016;21;3;Divorcios;32.8548;A
2016;21;4;Divorcios;1.7292;A
2016;21;05+;Divorcios;1.7292;A
2016;23;000;Divorcios;1120.7404;A
2016;23;0;Divorcios;528.7996;A
2016;23;1;Divorcios;287.0016;A
2016;23;2;Divorcios;261.59;A
2016;23;3;Divorcios;40.3596;A
2016;23;4;Divorcios;1.4948;A
2016;23;05+;Divorcios;1.4948;A
2016;29;000;Divorcios;3657.8326;A
2016;29;0;Divorcios;1798.5892;A
2016;29;1;Divorcios;951.3804;A
2016;29;2;Divorcios;780.312;A
2016;29;3;Divorcios;117.0468;A
2016;29;4;Divorcios;9.0036;A
2016;29;05+;Divorcios;1.5006;A
2016;41;000;Divorcios;4023.9932;A
2016;41;0;Divorcios;1709.4839;A
2016;41;1;Divorcios;1178.5776;A
2016;41;2;Divorcios;978.2711;A
2016;41;3;Divorcios;139.5684;A
2016;41;4;Divorcios;15.5076;A
2016;41;05+;Divorcios;2.5846;A
2015;C01;000;Divorcios;17029.5907;A
2015;C01;0;Divorcios;7637.8795;A
2015;C01;1;Divorcios;4781.808;A
2015;C01;2;Divorcios;4063.8332;A
2015;C01;3;Divorcios;495.7448;A
2015;C01;4;Divorcios;42.8632;A
2015;C01;05+;Divorcios;7.462;A
2015;04;000;Divorcios;1398.5163;A
2015;04;0;Divorcios;681.8319;A
2015;04;1;Divorcios;369.3924;A
2015;04;2;Divorcios;306.2484;A
2015;04;3;Divorcios;34.7292;A
2015;04;4;Divorcios;4.7358;A
2015;04;05+;Divorcios;1.5786;A
2015;11;000;Divorcios;2355.5567;A
2015;11;0;Divorcios;999.2329;A
2015;11;1;Divorcios;734.7418;A
2015;11;2;Divorcios;533.923;A
2015;11;3;Divorcios;84.4714;A
2015;11;4;Divorcios;3.1876;A
2015;14;000;Divorcios;1621.987;A
2015;14;0;Divorcios;674.665;A
2015;14;1;Divorcios;430.4655;A
2015;14;2;Divorcios;475.1505;A
2015;14;3;Divorcios;37.2375;A
2015;14;4;Divorcios;4.4685;A
2015;18;000;Divorcios;1864.9266;A
2015;18;0;Divorcios;842.1216;A
2015;18;1;Divorcios;488.196;A
2015;18;2;Divorcios;462.411;A
2015;18;3;Divorcios;65.322;A
2015;18;4;Divorcios;5.157;A
2015;18;05+;Divorcios;1.719;A
2015;21;000;Divorcios;1022.9657;A
2015;21;0;Divorcios;403.3454;A
2015;21;1;Divorcios;312.039;A
2015;21;2;Divorcios;279.3492;A
2015;21;3;Divorcios;26.7462;A
2015;21;4;Divorcios;1.4859;A
2015;23;000;Divorcios;1197.5493;A
2015;23;0;Divorcios;542.8172;A
2015;23;1;Divorcios;355.4694;A
2015;23;2;Divorcios;262.8043;A
2015;23;3;Divorcios;34.9393;A
2015;23;4;Divorcios;1.5191;A
2015;29;000;Divorcios;3560.4711;A
2015;29;0;Divorcios;1801.9869;A
2015;29;1;Divorcios;901.6789;A
2015;29;2;Divorcios;740.4144;A
2015;29;3;Divorcios;95.3564;A
2015;29;4;Divorcios;18.2299;A
2015;29;05+;Divorcios;2.8046;A
2015;41;000;Divorcios;4007.618;A
2015;41;0;Divorcios;1691.8786;A
2015;41;1;Divorcios;1189.825;A
2015;41;2;Divorcios;1003.5324;A
2015;41;3;Divorcios;116.9428;A
2015;41;4;Divorcios;4.0794;A
2015;41;05+;Divorcios;1.3598;A
2014;C01;000;Divorcios;17376.98787;A
2014;C01;0;Divorcios;7428.1654;A
2014;C01;1;Divorcios;5046.60286;A
2014;C01;2;Divorcios;4263.84878;A
2014;C01;3;Divorcios;581.93644;A
2014;C01;4;Divorcios;45.93276;A
2014;C01;05+;Divorcios;10.50163;A
2014;04;000;Divorcios;1315.503;A
2014;04;0;Divorcios;570.852;A
2014;04;1;Divorcios;373.032;A
2014;04;2;Divorcios;322.164;A
2014;04;3;Divorcios;42.39;A
2014;04;4;Divorcios;4.239;A
2014;04;05+;Divorcios;2.826;A
2014;11;000;Divorcios;2485.68082;A
2014;11;0;Divorcios;1003.89044;A
2014;11;1;Divorcios;758.92915;A
2014;11;2;Divorcios;619.16596;A
2014;11;3;Divorcios;94.67829;A
2014;11;4;Divorcios;7.51415;A
2014;11;05+;Divorcios;1.50283;A
2014;14;000;Divorcios;1712.10316;A
2014;14;0;Divorcios;717.81757;A
2014;14;1;Divorcios;506.30288;A
2014;14;2;Divorcios;426.36032;A
2014;14;3;Divorcios;59.95692;A
2014;14;05+;Divorcios;1.66547;A
2014;18;000;Divorcios;1848.68385;A
2014;18;0;Divorcios;785.34885;A
2014;18;1;Divorcios;537.7437;A
2014;18;2;Divorcios;442.04355;A
2014;18;3;Divorcios;80.50965;A
2014;18;4;Divorcios;3.0381;A
2014;21;000;Divorcios;1140.17566;A
2014;21;0;Divorcios;421.55378;A
2014;21;1;Divorcios;383.35931;A
2014;21;2;Divorcios;289.99505;A
2014;21;3;Divorcios;41.02369;A
2014;21;4;Divorcios;4.24383;A
2014;23;000;Divorcios;1180.1112;A
2014;23;0;Divorcios;478.5028;A
2014;23;1;Divorcios;364.0144;A
2014;23;2;Divorcios;306.7702;A
2014;23;3;Divorcios;29.356;A
2014;23;4;Divorcios;1.4678;A
2014;29;000;Divorcios;3567.8708;A
2014;29;0;Divorcios;1696.9927;A
2014;29;1;Divorcios;920.9486;A
2014;29;2;Divorcios;827.5657;A
2014;29;3;Divorcios;107.87335;A
2014;29;4;Divorcios;11.27035;A
2014;29;05+;Divorcios;3.2201;A
2014;41;000;Divorcios;4126.85938;A
2014;41;0;Divorcios;1753.20726;A
2014;41;1;Divorcios;1202.27282;A
2014;41;2;Divorcios;1029.784;A
2014;41;3;Divorcios;126.14854;A
2014;41;4;Divorcios;14.15953;A
2014;41;05+;Divorcios;1.28723;A
2013;C01;000;Divorcios;16473.17478;A
2013;C01;0;Divorcios;7220.07376;A
2013;C01;1;Divorcios;4952.98014;A
2013;C01;2;Divorcios;3768.42882;A
2013;C01;3;Divorcios;496.23918;A
2013;C01;4;Divorcios;27.20316;A
2013;C01;05+;Divorcios;8.24972;A
2013;04;000;Divorcios;1267.4696;A
2013;04;0;Divorcios;607.466;A
2013;04;1;Divorcios;338.2108;A
2013;04;2;Divorcios;284.0314;A
2013;04;3;Divorcios;32.836;A
2013;04;4;Divorcios;4.9254;A
2013;11;000;Divorcios;2358.7305;A
2013;11;0;Divorcios;1009.41945;A
2013;11;1;Divorcios;707.61915;A
2013;11;2;Divorcios;565.5093;A
2013;11;3;Divorcios;71.78745;A
2013;11;4;Divorcios;4.39515;A
2013;14;000;Divorcios;1452.76866;A
2013;14;0;Divorcios;609.05054;A
2013;14;1;Divorcios;486.96914;A
2013;14;2;Divorcios;322.83748;A
2013;14;3;Divorcios;31.19858;A
2013;14;4;Divorcios;1.35646;A
2013;14;05+;Divorcios;1.35646;A
2013;18;000;Divorcios;1822.15704;A
2013;18;0;Divorcios;800.60343;A
2013;18;1;Divorcios;542.82822;A
2013;18;2;Divorcios;413.25867;A
2013;18;3;Divorcios;61.37505;A
2013;18;4;Divorcios;2.72778;A
2013;18;05+;Divorcios;1.36389;A
2013;21;000;Divorcios;995.33511;A
2013;21;0;Divorcios;432.31727;A
2013;21;1;Divorcios;294.43535;A
2013;21;2;Divorcios;241.29336;A
2013;21;3;Divorcios;22.98032;A
2013;21;4;Divorcios;2.87254;A
2013;21;05+;Divorcios;1.43627;A
2013;23;000;Divorcios;1155.71547;A
2013;23;0;Divorcios;506.59567;A
2013;23;1;Divorcios;347.13798;A
2013;23;2;Divorcios;249.77001;A
2013;23;3;Divorcios;50.80068;A
2013;23;4;Divorcios;1.41113;A
2013;29;000;Divorcios;3581.6334;A
2013;29;0;Divorcios;1628.5374;A
2013;29;1;Divorcios;1062.714;A
2013;29;2;Divorcios;769.7496;A
2013;29;3;Divorcios;116.3241;A
2013;29;4;Divorcios;2.8722;A
2013;29;05+;Divorcios;1.4361;A
2013;41;000;Divorcios;3839.365;A
2013;41;0;Divorcios;1626.084;A
2013;41;1;Divorcios;1173.0655;A
2013;41;2;Divorcios;921.979;A
2013;41;3;Divorcios;108.937;A
2013;41;4;Divorcios;6.6425;A
2013;41;05+;Divorcios;2.657;A
2012;C01;000;Divorcios;19100.05171;A
2012;C01;0;Divorcios;8277.67408;A
2012;C01;1;Divorcios;5744.25856;A
2012;C01;2;Divorcios;4438.21973;A
2012;C01;3;Divorcios;588.12709;A
2012;C01;4;Divorcios;39.34058;A
2012;C01;05+;Divorcios;12.43167;A
2012;04;000;Divorcios;1673.28115;A
2012;04;0;Divorcios;794.03702;A
2012;04;1;Divorcios;480.34575;A
2012;04;2;Divorcios;365.83438;A
2012;04;3;Divorcios;27.03896;A
2012;04;4;Divorcios;6.02504;A
2012;11;000;Divorcios;2751.43454;A
2012;11;0;Divorcios;1192.61732;A
2012;11;1;Divorcios;845.30394;A
2012;11;2;Divorcios;623.70872;A
2012;11;3;Divorcios;79.38752;A
2012;11;4;Divorcios;5.20852;A
2012;11;05+;Divorcios;5.20852;A
2012;14;000;Divorcios;1519.27045;A
2012;14;0;Divorcios;677.43838;A
2012;14;1;Divorcios;443.3598;A
2012;14;2;Divorcios;363.37422;A
2012;14;3;Divorcios;29.24019;A
2012;14;4;Divorcios;4.60962;A
2012;14;05+;Divorcios;1.24824;A
2012;18;000;Divorcios;2194.10578;A
2012;18;0;Divorcios;898.12826;A
2012;18;1;Divorcios;630.93392;A
2012;18;2;Divorcios;565.05708;A
2012;18;3;Divorcios;93.88036;A
2012;18;4;Divorcios;6.10616;A
2012;21;000;Divorcios;1090.26737;A
2012;21;0;Divorcios;435.22177;A
2012;21;1;Divorcios;342.97663;A
2012;21;2;Divorcios;283.31119;A
2012;21;3;Divorcios;27.37762;A
2012;21;4;Divorcios;1.38016;A
2012;23;000;Divorcios;1282.34085;A
2012;23;0;Divorcios;549.47948;A
2012;23;1;Divorcios;362.85464;A
2012;23;2;Divorcios;311.92896;A
2012;23;3;Divorcios;54.36695;A
2012;23;4;Divorcios;1.85541;A
2012;23;05+;Divorcios;1.85541;A
2012;29;000;Divorcios;4090.46015;A
2012;29;0;Divorcios;1852.62459;A
2012;29;1;Divorcios;1241.96483;A
2012;29;2;Divorcios;859.054;A
2012;29;3;Divorcios;125.03559;A
2012;29;4;Divorcios;10.23833;A
2012;29;05+;Divorcios;1.54281;A
2012;41;000;Divorcios;4498.89142;A
2012;41;0;Divorcios;1878.12726;A
2012;41;1;Divorcios;1396.51905;A
2012;41;2;Divorcios;1065.95118;A
2012;41;3;Divorcios;151.7999;A
2012;41;4;Divorcios;3.91734;A
2012;41;05+;Divorcios;2.57669;A
2011;C01;000;Divorcios;18257.58564089;A
2011;C01;0;Divorcios;7846.04933399;A
2011;C01;1;Divorcios;5527.79355028;A
2011;C01;2;Divorcios;4267.80886431;A
2011;C01;3;Divorcios;556.81508384;A
2011;C01;4;Divorcios;51.27548841;A
2011;C01;05+;Divorcios;7.84332006;A
2011;04;000;Divorcios;1426.82187464;A
2011;04;0;Divorcios;583.52640992;A
2011;04;1;Divorcios;473.24332963;A
2011;04;2;Divorcios;325.8645722;A
2011;04;3;Divorcios;33.50802275;A
2011;04;4;Divorcios;8.94397693;A
2011;04;05+;Divorcios;1.73556321;A
2011;11;000;Divorcios;2822.48660103;A
2011;11;0;Divorcios;1202.3111071;A
2011;11;1;Divorcios;876.25066798;A
2011;11;2;Divorcios;687.0078043;A
2011;11;3;Divorcios;54.20382726;A
2011;11;4;Divorcios;2.71319439;A
2011;14;000;Divorcios;1607.8291226;A
2011;14;0;Divorcios;694.5188753;A
2011;14;1;Divorcios;460.81061422;A
2011;14;2;Divorcios;405.63396368;A
2011;14;3;Divorcios;45.24572844;A
2011;14;4;Divorcios;1.61994096;A
2011;14;05+;Divorcios;;A
2011;18;000;Divorcios;2058.63585768;A
2011;18;0;Divorcios;942.86928504;A
2011;18;1;Divorcios;588.47517352;A
2011;18;2;Divorcios;447.82141032;A
2011;18;3;Divorcios;77.16153716;A
2011;18;4;Divorcios;2.30845164;A
2011;18;05+;Divorcios;;A
2011;21;000;Divorcios;976.40048302;A
2011;21;0;Divorcios;372.33923021;A
2011;21;1;Divorcios;331.09876328;A
2011;21;2;Divorcios;238.67755323;A
2011;21;3;Divorcios;29.82189314;A
2011;21;4;Divorcios;4.46304316;A
2011;23;000;Divorcios;1223.16206129;A
2011;23;0;Divorcios;453.89824154;A
2011;23;1;Divorcios;401.44938377;A
2011;23;2;Divorcios;321.72581146;A
2011;23;3;Divorcios;42.65822548;A
2011;23;4;Divorcios;3.43039904;A
2011;29;000;Divorcios;3827.02436747;A
2011;29;0;Divorcios;1750.01485096;A
2011;29;1;Divorcios;1095.64919368;A
2011;29;2;Divorcios;839.63571072;A
2011;29;3;Divorcios;127.68371955;A
2011;29;4;Divorcios;12.54909087;A
2011;29;05+;Divorcios;1.49180169;A
2011;41;000;Divorcios;4315.22527316;A
2011;41;0;Divorcios;1846.57133392;A
2011;41;1;Divorcios;1300.8164242;A
2011;41;2;Divorcios;1001.4420384;A
2011;41;3;Divorcios;146.53213006;A
2011;41;4;Divorcios;15.24739142;A
2011;41;05+;Divorcios;4.61595516;A
2010;C01;000;Divorcios;18373.44232079;A
2010;C01;0;Divorcios;8065.31128136;A
2010;C01;1;Divorcios;5593.03758546;A
2010;C01;2;Divorcios;4025.1756401;A
2010;C01;3;Divorcios;625.40437014;A
2010;C01;4;Divorcios;56.08979426;A
2010;C01;05+;Divorcios;8.42364947;A
2010;04;000;Divorcios;1362.40772485;A
2010;04;0;Divorcios;637.91482471;A
2010;04;1;Divorcios;427.86772925;A
2010;04;2;Divorcios;246.61045796;A
2010;04;3;Divorcios;46.42308397;A
2010;04;4;Divorcios;3.59162896;A
2010;04;05+;Divorcios;;A
2010;11;000;Divorcios;2718.61775842;A
2010;11;0;Divorcios;1205.02172308;A
2010;11;1;Divorcios;821.67696864;A
2010;11;2;Divorcios;584.38205406;A
2010;11;3;Divorcios;105.28180038;A
2010;11;4;Divorcios;2.25521226;A
2010;11;05+;Divorcios;;A
2010;14;000;Divorcios;1659.02026916;A
2010;14;0;Divorcios;711.70786281;A
2010;14;1;Divorcios;529.88168197;A
2010;14;2;Divorcios;342.19432698;A
2010;14;3;Divorcios;71.5255726;A
2010;14;4;Divorcios;3.7108248;A
2010;14;05+;Divorcios;;A
2010;18;000;Divorcios;2005.38373943;A
2010;18;0;Divorcios;896.31338402;A
2010;18;1;Divorcios;560.3100903;A
2010;18;2;Divorcios;460.52129936;A
2010;18;3;Divorcios;80.13866957;A
2010;18;4;Divorcios;8.10029618;A
2010;18;05+;Divorcios;;A
2010;21;000;Divorcios;992.51673019;A
2010;21;0;Divorcios;365.54317683;A
2010;21;1;Divorcios;343.41205939;A
2010;21;2;Divorcios;262.43037653;A
2010;21;3;Divorcios;21.13111744;A
2010;21;05+;Divorcios;;A
2010;23;000;Divorcios;1193.6878551;A
2010;23;0;Divorcios;503.40566671;A
2010;23;1;Divorcios;363.363745;A
2010;23;2;Divorcios;278.57335401;A
2010;23;3;Divorcios;44.49493093;A
2010;23;4;Divorcios;3.85015845;A
2010;23;05+;Divorcios;;A
2010;29;000;Divorcios;3876.9745934;A
2010;29;0;Divorcios;1813.05202636;A
2010;29;1;Divorcios;1132.46632564;A
2010;29;2;Divorcios;806.15460836;A
2010;29;3;Divorcios;102.6103785;A
2010;29;4;Divorcios;17.86002722;A
2010;29;05+;Divorcios;4.83122732;A
2010;41;000;Divorcios;4564.83365024;A
2010;41;0;Divorcios;1932.35261684;A
2010;41;1;Divorcios;1414.05898527;A
2010;41;2;Divorcios;1044.30916284;A
2010;41;3;Divorcios;153.79881675;A
2010;41;4;Divorcios;16.72164639;A
2010;41;05+;Divorcios;3.59242215;A
2009;C01;000;Divorcios;17493.840001105;A
2009;C01;0;Divorcios;7367.016376294;A
2009;C01;1;Divorcios;5521.814068235;A
2009;C01;2;Divorcios;3957.4437141;A
2009;C01;3;Divorcios;575.932710851;A
2009;C01;4;Divorcios;60.759239981;A
2009;C01;05+;Divorcios;10.873891644;A
2009;04;000;Divorcios;1275.959999958;A
2009;04;0;Divorcios;548.909408698;A
2009;04;1;Divorcios;419.489501416;A
2009;04;2;Divorcios;259.262625628;A
2009;04;3;Divorcios;48.298464216;A
2009;11;000;Divorcios;2773.590000972;A
2009;11;0;Divorcios;1093.429997348;A
2009;11;1;Divorcios;855.462367554;A
2009;11;2;Divorcios;677.050289865;A
2009;11;3;Divorcios;134.155363482;A
2009;11;4;Divorcios;11.439459358;A
2009;11;05+;Divorcios;2.052523365;A
2009;14;000;Divorcios;1537.74000012;A
2009;14;0;Divorcios;615.243080616;A
2009;14;1;Divorcios;501.057156437;A
2009;14;2;Divorcios;364.214502398;A
2009;14;3;Divorcios;43.048862563;A
2009;14;4;Divorcios;12.480331755;A
2009;14;05+;Divorcios;1.696066351;A
2009;18;000;Divorcios;1967.070000359;A
2009;18;0;Divorcios;839.845352239;A
2009;18;1;Divorcios;599.679329655;A
2009;18;2;Divorcios;449.50807857;A
2009;18;3;Divorcios;65.872741165;A
2009;18;4;Divorcios;9.96278683;A
2009;18;05+;Divorcios;2.2017119;A
2009;21;000;Divorcios;1012.380000091;A
2009;21;0;Divorcios;412.989034729;A
2009;21;1;Divorcios;362.026130413;A
2009;21;2;Divorcios;212.712945661;A
2009;21;3;Divorcios;24.651889288;A
2009;23;000;Divorcios;1122.459999905;A
2009;23;0;Divorcios;446.674941824;A
2009;23;1;Divorcios;351.158982528;A
2009;23;2;Divorcios;280.162726721;A
2009;23;3;Divorcios;44.463348832;A
2009;29;000;Divorcios;3607.690000055;A
2009;29;0;Divorcios;1605.336062765;A
2009;29;1;Divorcios;1113.386260257;A
2009;29;2;Divorcios;783.271417692;A
2009;29;3;Divorcios;86.55806244;A
2009;29;4;Divorcios;14.214606873;A
2009;29;05+;Divorcios;4.923590028;A
2009;41;000;Divorcios;4196.949999645;A
2009;41;0;Divorcios;1804.588498075;A
2009;41;1;Divorcios;1319.554339975;A
2009;41;2;Divorcios;931.261127565;A
2009;41;3;Divorcios;128.883978865;A
2009;41;4;Divorcios;12.662055165;A
2008;C01;000;Divorcios;19784.701197956;A
2008;C01;0;Divorcios;8103.188624682;A
2008;C01;1;Divorcios;6355.905095753;A
2008;C01;2;Divorcios;4444.27677642;A
2008;C01;3;Divorcios;772.892093966;A
2008;C01;4;Divorcios;78.265547275;A
2008;C01;05+;Divorcios;30.17305986;A
2008;04;000;Divorcios;1459.899390218;A
2008;04;0;Divorcios;653.907917411;A
2008;04;1;Divorcios;461.515033195;A
2008;04;2;Divorcios;276.858285841;A
2008;04;3;Divorcios;56.31026775;A
2008;04;4;Divorcios;7.073157822;A
2008;04;05+;Divorcios;4.234728199;A
2008;11;000;Divorcios;3029.88628849;A
2008;11;0;Divorcios;1138.362894625;A
2008;11;1;Divorcios;1040.263783822;A
2008;11;2;Divorcios;701.11409692;A
2008;11;3;Divorcios;124.83595297;A
2008;11;4;Divorcios;16.765567315;A
2008;11;05+;Divorcios;8.543992838;A
2008;14;000;Divorcios;1595.530376772;A
2008;14;0;Divorcios;618.687382398;A
2008;14;1;Divorcios;524.206859958;A
2008;14;2;Divorcios;382.073191764;A
2008;14;3;Divorcios;62.14778022;A
2008;14;4;Divorcios;5.610108288;A
2008;14;05+;Divorcios;2.805054144;A
2008;18;000;Divorcios;2172.357568834;A
2008;18;0;Divorcios;883.302283714;A
2008;18;1;Divorcios;657.604541729;A
2008;18;2;Divorcios;533.789154224;A
2008;18;3;Divorcios;89.381332709;A
2008;18;4;Divorcios;8.280256458;A
2008;21;000;Divorcios;1165.944181717;A
2008;21;0;Divorcios;446.223359771;A
2008;21;1;Divorcios;395.408269821;A
2008;21;2;Divorcios;265.339802842;A
2008;21;3;Divorcios;53.037579906;A
2008;21;4;Divorcios;4.739714513;A
2008;21;05+;Divorcios;1.195454864;A
2008;23;000;Divorcios;1297.204501345;A
2008;23;0;Divorcios;486.759187946;A
2008;23;1;Divorcios;427.859535971;A
2008;23;2;Divorcios;316.126193846;A
2008;23;3;Divorcios;57.279188614;A
2008;23;4;Divorcios;6.120263312;A
2008;23;05+;Divorcios;3.060131656;A
2008;29;000;Divorcios;4187.089941605;A
2008;29;0;Divorcios;1892.061196537;A
2008;29;1;Divorcios;1224.411584981;A
2008;29;2;Divorcios;908.064020032;A
2008;29;3;Divorcios;143.568736121;A
2008;29;4;Divorcios;14.579650821;A
2008;29;05+;Divorcios;4.404753113;A
2008;41;000;Divorcios;4876.788948975;A
2008;41;0;Divorcios;1983.88440228;A
2008;41;1;Divorcios;1624.635486276;A
2008;41;2;Divorcios;1060.912030951;A
2008;41;3;Divorcios;186.331255676;A
2008;41;4;Divorcios;15.096828746;A
2008;41;05+;Divorcios;5.928945046;A
2007;C01;000;Divorcios;21609.099999161;A
2007;C01;0;Divorcios;9235.18263709;A
2007;C01;1;Divorcios;6525.329655391;A
2007;C01;2;Divorcios;4934.439281881;A
2007;C01;3;Divorcios;783.028277506;A
2007;C01;4;Divorcios;100.887294317;A
2007;C01;05+;Divorcios;30.232852976;A
2007;04;000;Divorcios;1642.139999901;A
2007;04;0;Divorcios;736.159068449;A
2007;04;1;Divorcios;447.781315037;A
2007;04;2;Divorcios;403.270520527;A
2007;04;3;Divorcios;46.627890409;A
2007;04;4;Divorcios;4.305205479;A
2007;04;05+;Divorcios;3.996;A
2007;11;000;Divorcios;3287.229999146;A
2007;11;0;Divorcios;1338.020561096;A
2007;11;1;Divorcios;1067.731862316;A
2007;11;2;Divorcios;736.208342806;A
2007;11;3;Divorcios;122.349926317;A
2007;11;4;Divorcios;18.592434365;A
2007;11;05+;Divorcios;4.326872246;A
2007;14;000;Divorcios;1853.999999925;A
2007;14;0;Divorcios;795.645714253;A
2007;14;1;Divorcios;541.148571406;A
2007;14;2;Divorcios;436.171428555;A
2007;14;3;Divorcios;71.245714283;A
2007;14;4;Divorcios;8.091428571;A
2007;14;05+;Divorcios;1.697142857;A
2007;18;000;Divorcios;2389.41000052;A
2007;18;0;Divorcios;985.989161519;A
2007;18;1;Divorcios;739.053636439;A
2007;18;2;Divorcios;554.398979947;A
2007;18;3;Divorcios;90.650123231;A
2007;18;4;Divorcios;15.541010916;A
2007;18;05+;Divorcios;3.777088468;A
2007;21;000;Divorcios;1393.309999774;A
2007;21;0;Divorcios;508.429450436;A
2007;21;1;Divorcios;498.411853017;A
2007;21;2;Divorcios;322.914016395;A
2007;21;3;Divorcios;53.393280993;A
2007;21;4;Divorcios;5.07670498;A
2007;21;05+;Divorcios;5.084693953;A
2007;23;000;Divorcios;1422.190000204;A
2007;23;0;Divorcios;622.67164801;A
2007;23;1;Divorcios;411.298666543;A
2007;23;2;Divorcios;335.169812323;A
2007;23;3;Divorcios;44.32054999;A
2007;23;4;Divorcios;6.631234166;A
2007;23;05+;Divorcios;2.098089172;A
2007;29;000;Divorcios;4555.859999734;A
2007;29;0;Divorcios;2099.157279382;A
2007;29;1;Divorcios;1279.07431143;A
2007;29;2;Divorcios;996.945946468;A
2007;29;3;Divorcios;146.700528726;A
2007;29;4;Divorcios;27.252755466;A
2007;29;05+;Divorcios;6.729178262;A
2007;41;000;Divorcios;5064.959999957;A
2007;41;0;Divorcios;2149.109753945;A
2007;41;1;Divorcios;1540.829439203;A
2007;41;2;Divorcios;1149.36023486;A
2007;41;3;Divorcios;207.740263557;A
2007;41;4;Divorcios;15.396520374;A
2007;41;05+;Divorcios;2.523788018;A
2006;C01;000;Divorcios;21218.50087;A
2006;C01;NC;Divorcios;21218.50087;A
2006;04;000;Divorcios;1595.879802;A
2006;04;NC;Divorcios;1595.879802;A
2006;11;000;Divorcios;3145.260002;A
2006;11;NC;Divorcios;3145.260002;A
2006;14;000;Divorcios;1834.890112;A
2006;14;NC;Divorcios;1834.890112;A
2006;18;000;Divorcios;2080.80049;A
2006;18;NC;Divorcios;2080.80049;A
2006;21;000;Divorcios;1332.84986;A
2006;21;NC;Divorcios;1332.84986;A
2006;23;000;Divorcios;1309.440144;A
2006;23;NC;Divorcios;1309.440144;A
2006;29;000;Divorcios;4712.309813;A
2006;29;NC;Divorcios;4712.309813;A
2006;41;000;Divorcios;5207.070647;A
2006;41;NC;Divorcios;5207.070647;A
2005;C01;000;Divorcios;10748.000406;A
2005;C01;NC;Divorcios;10748.000406;A
2005;04;000;Divorcios;833.000224;A
2005;04;NC;Divorcios;833.000224;A
2005;11;000;Divorcios;1642.999986;A
2005;11;NC;Divorcios;1642.999986;A
2005;14;000;Divorcios;939.000159;A
2005;14;NC;Divorcios;939.000159;A
2005;18;000;Divorcios;959.000189;A
2005;18;NC;Divorcios;959.000189;A
2005;21;000;Divorcios;726.999975;A
2005;21;NC;Divorcios;726.999975;A
2005;23;000;Divorcios;636.999935;A
2005;23;NC;Divorcios;636.999935;A
2005;29;000;Divorcios;2312.000002;A
2005;29;NC;Divorcios;2312.000002;A
2005;41;000;Divorcios;2697.999936;A
2005;41;NC;Divorcios;2697.999936;A
2004;C01;000;Divorcios;7744.999297;A
2004;C01;NC;Divorcios;7744.999297;A
2004;04;000;Divorcios;623.000146;A
2004;04;NC;Divorcios;623.000146;A
2004;11;000;Divorcios;1177.000044;A
2004;11;NC;Divorcios;1177.000044;A
2004;14;000;Divorcios;607.00024;A
2004;14;NC;Divorcios;607.00024;A
2004;18;000;Divorcios;873.000025;A
2004;18;NC;Divorcios;873.000025;A
2004;21;000;Divorcios;473.000077;A
2004;21;NC;Divorcios;473.000077;A
2004;23;000;Divorcios;411.9999;A
2004;23;NC;Divorcios;411.9999;A
2004;29;000;Divorcios;1704.999483;A
2004;29;NC;Divorcios;1704.999483;A
2004;41;000;Divorcios;1874.999382;A
2004;41;NC;Divorcios;1874.999382;A
2003;C01;000;Divorcios;6791.000174;A
2003;C01;NC;Divorcios;6791.000174;A
2003;04;000;Divorcios;513.000075;A
2003;04;NC;Divorcios;513.000075;A
2003;11;000;Divorcios;1006.00038;A
2003;11;NC;Divorcios;1006.00038;A
2003;14;000;Divorcios;567.99999;A
2003;14;NC;Divorcios;567.99999;A
2003;18;000;Divorcios;787.999854;A
2003;18;NC;Divorcios;787.999854;A
2003;21;000;Divorcios;439.999954;A
2003;21;NC;Divorcios;439.999954;A
2003;23;000;Divorcios;408.000085;A
2003;23;NC;Divorcios;408.000085;A
2003;29;000;Divorcios;1500.999744;A
2003;29;NC;Divorcios;1500.999744;A
2003;41;000;Divorcios;1567.000092;A
2003;41;NC;Divorcios;1567.000092;A
2002;C01;000;Divorcios;6363.999709;A
2002;C01;NC;Divorcios;6363.999709;A
2002;04;000;Divorcios;462.9999;A
2002;04;NC;Divorcios;462.9999;A
2002;11;000;Divorcios;957.999859;A
2002;11;NC;Divorcios;957.999859;A
2002;14;000;Divorcios;493.999804;A
2002;14;NC;Divorcios;493.999804;A
2002;18;000;Divorcios;746.999952;A
2002;18;NC;Divorcios;746.999952;A
2002;21;000;Divorcios;333.0;A
2002;21;NC;Divorcios;333.0;A
2002;23;000;Divorcios;356.999936;A
2002;23;NC;Divorcios;356.999936;A
2002;29;000;Divorcios;1505.000544;A
2002;29;NC;Divorcios;1505.000544;A
2002;41;000;Divorcios;1506.999714;A
2002;41;NC;Divorcios;1506.999714;A
2001;C01;000;Divorcios;5750.999337;A
2001;C01;NC;Divorcios;5750.999337;A
2001;04;000;Divorcios;423.999939;A
2001;04;NC;Divorcios;423.999939;A
2001;11;000;Divorcios;862.99983;A
2001;11;NC;Divorcios;862.99983;A
2001;14;000;Divorcios;500.000085;A
2001;14;NC;Divorcios;500.000085;A
2001;18;000;Divorcios;630.000204;A
2001;18;NC;Divorcios;630.000204;A
2001;21;000;Divorcios;327.999998;A
2001;21;NC;Divorcios;327.999998;A
2001;23;000;Divorcios;297.999919;A
2001;23;NC;Divorcios;297.999919;A
2001;29;000;Divorcios;1340.999712;A
2001;29;NC;Divorcios;1340.999712;A
2001;41;000;Divorcios;1366.99965;A
2001;41;NC;Divorcios;1366.99965;A
2000;C01;000;Divorcios;5740.00032;A
2000;C01;NC;Divorcios;5740.00032;A
2000;04;000;Divorcios;411.0;A
2000;04;NC;Divorcios;411.0;A
2000;11;000;Divorcios;936.000311;A
2000;11;NC;Divorcios;936.000311;A
2000;14;000;Divorcios;464.000102;A
2000;14;NC;Divorcios;464.000102;A
2000;18;000;Divorcios;665.999884;A
2000;18;NC;Divorcios;665.999884;A
2000;21;000;Divorcios;376.999989;A
2000;21;NC;Divorcios;376.999989;A
2000;23;000;Divorcios;255.999936;A
2000;23;NC;Divorcios;255.999936;A
2000;29;000;Divorcios;1409.0005;A
2000;29;NC;Divorcios;1409.0005;A
2000;41;000;Divorcios;1220.999598;A
2000;41;NC;Divorcios;1220.999598;A
1999;C01;000;Divorcios;5117.000106;A
1999;C01;NC;Divorcios;5117.000106;A
1999;04;000;Divorcios;386.000076;A
1999;04;NC;Divorcios;386.000076;A
1999;11;000;Divorcios;839.999809;A
1999;11;NC;Divorcios;839.999809;A
1999;14;000;Divorcios;382.999968;A
1999;14;NC;Divorcios;382.999968;A
1999;18;000;Divorcios;575.999946;A
1999;18;NC;Divorcios;575.999946;A
1999;21;000;Divorcios;300.00003;A
1999;21;NC;Divorcios;300.00003;A
1999;23;000;Divorcios;301.999996;A
1999;23;NC;Divorcios;301.999996;A
1999;29;000;Divorcios;1150.000369;A
1999;29;NC;Divorcios;1150.000369;A
1999;41;000;Divorcios;1179.999912;A
1999;41;NC;Divorcios;1179.999912;A
1998;C01;000;Divorcios;5076.99993;A
1998;C01;NC;Divorcios;5076.99993;A
1998;04;000;Divorcios;367.000102;A
1998;04;NC;Divorcios;367.000102;A
1998;11;000;Divorcios;769.999972;A
1998;11;NC;Divorcios;769.999972;A
1998;14;000;Divorcios;430.999854;A
1998;14;NC;Divorcios;430.999854;A
1998;18;000;Divorcios;552.0;A
1998;18;NC;Divorcios;552.0;A
1998;21;000;Divorcios;309.0;A
1998;21;NC;Divorcios;309.0;A
1998;23;000;Divorcios;301.999984;A
1998;23;NC;Divorcios;301.999984;A
1998;29;000;Divorcios;1159.999858;A
1998;29;NC;Divorcios;1159.999858;A
1998;41;000;Divorcios;1186.00016;A
1998;41;NC;Divorcios;1186.00016;A
2020;C01;000;Separaciones;569.10667;A
2020;C01;0;Separaciones;330.38059;A
2020;C01;1;Separaciones;91.64736;A
2020;C01;2;Separaciones;130.30308;A
2020;C01;3;Separaciones;15.05883;A
2020;C01;4;Separaciones;1.71681;A
2020;C01;05+;Separaciones;;A
2020;04;000;Separaciones;32.35418;A
2020;04;0;Separaciones;17.41016;A
2020;04;1;Separaciones;8.53944;A
2020;04;2;Separaciones;4.26972;A
2020;04;3;Separaciones;2.13486;A
2020;04;4;Separaciones;;A
2020;11;000;Separaciones;91.37225;A
2020;11;0;Separaciones;34.52537;A
2020;11;1;Separaciones;14.73808;A
2020;11;2;Separaciones;37.89792;A
2020;11;3;Separaciones;4.21088;A
2020;11;4;Separaciones;;A
2020;14;000;Separaciones;55.28281;A
2020;14;0;Separaciones;40.94163;A
2020;14;1;Separaciones;6.14622;A
2020;14;2;Separaciones;6.14622;A
2020;14;3;Separaciones;2.04874;A
2020;14;4;Separaciones;;A
2020;18;000;Separaciones;68.52691;A
2020;18;0;Separaciones;29.58106;A
2020;18;1;Separaciones;12.98195;A
2020;18;2;Separaciones;23.36751;A
2020;18;3;Separaciones;2.59639;A
2020;21;000;Separaciones;18.33693;A
2020;21;0;Separaciones;11.34942;A
2020;21;1;Separaciones;2.32917;A
2020;21;2;Separaciones;4.65834;A
2020;21;3;Separaciones;;A
2020;23;000;Separaciones;35.30201;A
2020;23;0;Separaciones;26.53433;A
2020;23;1;Separaciones;;A
2020;23;2;Separaciones;8.76768;A
2020;23;3;Separaciones;;A
2020;23;05+;Separaciones;;A
2020;29;000;Separaciones;142.65563;A
2020;29;0;Separaciones;97.98378;A
2020;29;1;Separaciones;21.16035;A
2020;29;2;Separaciones;21.16035;A
2020;29;3;Separaciones;2.35115;A
2020;29;4;Separaciones;;A
2020;29;05+;Separaciones;;A
2020;41;000;Separaciones;125.27595;A
2020;41;0;Separaciones;72.05484;A
2020;41;1;Separaciones;25.75215;A
2020;41;2;Separaciones;24.03534;A
2020;41;3;Separaciones;1.71681;A
2020;41;4;Separaciones;1.71681;A
2019;C01;000;Separaciones;731.04555;A
2019;C01;0;Separaciones;404.91975;A
2019;C01;1;Separaciones;146.9998;A
2019;C01;2;Separaciones;155.48507;A
2019;C01;3;Separaciones;19.56951;A
2019;C01;4;Separaciones;4.07142;A
2019;C01;05+;Separaciones;;A
2019;04;000;Separaciones;36.5805;A
2019;04;0;Separaciones;24.39828;A
2019;04;1;Separaciones;6.09111;A
2019;04;2;Separaciones;6.09111;A
2019;04;3;Separaciones;;A
2019;04;4;Separaciones;;A
2019;04;05+;Separaciones;;A
2019;11;000;Separaciones;117.39034;A
2019;11;0;Separaciones;51.98614;A
2019;11;1;Separaciones;32.7021;A
2019;11;2;Separaciones;26.16168;A
2019;11;3;Separaciones;6.54042;A
2019;11;4;Separaciones;;A
2019;11;05+;Separaciones;;A
2019;14;000;Separaciones;71.72973;A
2019;14;0;Separaciones;35.17148;A
2019;14;1;Separaciones;13.16097;A
2019;14;2;Separaciones;23.39728;A
2019;14;3;Separaciones;;A
2019;14;4;Separaciones;;A
2019;18;000;Separaciones;60.09424;A
2019;18;0;Separaciones;33.72416;A
2019;18;1;Separaciones;11.9864;A
2019;18;2;Separaciones;9.58912;A
2019;18;3;Separaciones;4.79456;A
2019;18;4;Separaciones;;A
2019;18;05+;Separaciones;;A
2019;21;000;Separaciones;28.45104;A
2019;21;0;Separaciones;13.16659;A
2019;21;1;Separaciones;6.11378;A
2019;21;2;Separaciones;6.11378;A
2019;21;3;Separaciones;3.05689;A
2019;21;4;Separaciones;;A
2019;23;000;Separaciones;53.24972;A
2019;23;0;Separaciones;41.08884;A
2019;23;1;Separaciones;3.04022;A
2019;23;2;Separaciones;9.12066;A
2019;23;3;Separaciones;;A
2019;23;4;Separaciones;;A
2019;29;000;Separaciones;201.02437;A
2019;29;0;Separaciones;111.89385;A
2019;29;1;Separaciones;44.56526;A
2019;29;2;Separaciones;42.21972;A
2019;29;3;Separaciones;;A
2019;29;4;Separaciones;2.34554;A
2019;29;05+;Separaciones;;A
2019;41;000;Separaciones;162.52561;A
2019;41;0;Separaciones;93.49041;A
2019;41;1;Separaciones;29.33996;A
2019;41;2;Separaciones;32.79172;A
2019;41;3;Separaciones;5.17764;A
2019;41;4;Separaciones;1.72588;A
2018;C01;000;Separaciones;820.8281;A
2018;C01;0;Separaciones;472.1153;A
2018;C01;1;Separaciones;169.4282;A
2018;C01;2;Separaciones;140.414;A
2018;C01;3;Separaciones;32.1024;A
2018;C01;4;Separaciones;5.4562;A
2018;C01;05+;Separaciones;1.312;A
2018;04;000;Separaciones;26.8855;A
2018;04;0;Separaciones;13.8639;A
2018;04;1;Separaciones;8.1385;A
2018;04;2;Separaciones;3.2554;A
2018;04;3;Separaciones;1.6277;A
2018;04;4;Separaciones;;A
2018;11;000;Separaciones;131.8558;A
2018;11;0;Separaciones;75.2252;A
2018;11;1;Separaciones;32.6715;A
2018;11;2;Separaciones;19.6029;A
2018;11;3;Separaciones;2.1781;A
2018;11;4;Separaciones;2.1781;A
2018;14;000;Separaciones;94.772;A
2018;14;0;Separaciones;47.54;A
2018;14;1;Separaciones;27.552;A
2018;14;2;Separaciones;15.744;A
2018;14;3;Separaciones;1.312;A
2018;14;4;Separaciones;1.312;A
2018;14;05+;Separaciones;1.312;A
2018;18;000;Separaciones;120.6111;A
2018;18;0;Separaciones;76.1967;A
2018;18;1;Separaciones;25.7136;A
2018;18;2;Separaciones;18.7008;A
2018;18;3;Separaciones;;A
2018;18;4;Separaciones;;A
2018;21;000;Separaciones;27.635;A
2018;21;0;Separaciones;18.461;A
2018;21;1;Separaciones;6.116;A
2018;21;2;Separaciones;3.058;A
2018;21;3;Separaciones;;A
2018;21;4;Separaciones;;A
2018;23;000;Separaciones;86.754;A
2018;23;0;Separaciones;65.9703;A
2018;23;1;Separaciones;6.9279;A
2018;23;2;Separaciones;13.8558;A
2018;23;3;Separaciones;;A
2018;23;4;Separaciones;;A
2018;29;000;Separaciones;134.7646;A
2018;29;0;Separaciones;63.985;A
2018;29;1;Separaciones;31.4576;A
2018;29;2;Separaciones;23.5932;A
2018;29;3;Separaciones;13.7627;A
2018;29;4;Separaciones;1.9661;A
2018;29;05+;Separaciones;;A
2018;41;000;Separaciones;197.5501;A
2018;41;0;Separaciones;110.8732;A
2018;41;1;Separaciones;30.8511;A
2018;41;2;Separaciones;42.6039;A
2018;41;3;Separaciones;13.2219;A
2018;41;4;Separaciones;;A
2018;41;05+;Separaciones;;A
2017;C01;000;Separaciones;839.597;A
2017;C01;0;Separaciones;443.836;A
2017;C01;1;Separaciones;213.1119;A
2017;C01;2;Separaciones;157.4487;A
2017;C01;3;Separaciones;20.8356;A
2017;C01;4;Separaciones;4.3648;A
2017;C01;05+;Separaciones;;A
2017;04;000;Separaciones;35.0423;A
2017;04;0;Separaciones;15.2667;A
2017;04;1;Separaciones;7.606;A
2017;04;2;Separaciones;10.6484;A
2017;04;3;Separaciones;1.5212;A
2017;04;4;Separaciones;;A
2017;04;05+;Separaciones;;A
2017;11;000;Separaciones;163.034;A
2017;11;0;Separaciones;95.362;A
2017;11;1;Separaciones;40.6032;A
2017;11;2;Separaciones;23.6852;A
2017;11;3;Separaciones;3.3836;A
2017;11;4;Separaciones;;A
2017;11;05+;Separaciones;;A
2017;14;000;Separaciones;92.572;A
2017;14;0;Separaciones;56.02;A
2017;14;1;Separaciones;22.845;A
2017;14;2;Separaciones;12.184;A
2017;14;3;Separaciones;1.523;A
2017;14;4;Separaciones;;A
2017;18;000;Separaciones;91.1584;A
2017;18;0;Separaciones;42.7936;A
2017;18;1;Separaciones;36.2736;A
2017;18;2;Separaciones;10.076;A
2017;18;3;Separaciones;2.0152;A
2017;18;4;Separaciones;;A
2017;18;05+;Separaciones;;A
2017;21;000;Separaciones;32.839;A
2017;21;0;Separaciones;9.0694;A
2017;21;1;Separaciones;9.904;A
2017;21;2;Separaciones;13.8656;A
2017;21;3;Separaciones;;A
2017;21;4;Separaciones;;A
2017;23;000;Separaciones;76.0582;A
2017;23;0;Separaciones;39.2086;A
2017;23;1;Separaciones;20.472;A
2017;23;2;Separaciones;14.3304;A
2017;23;3;Separaciones;2.0472;A
2017;23;4;Separaciones;;A
2017;29;000;Separaciones;159.5805;A
2017;29;0;Separaciones;82.0221;A
2017;29;1;Separaciones;35.5476;A
2017;29;2;Separaciones;35.5476;A
2017;29;3;Separaciones;4.8474;A
2017;29;4;Separaciones;1.6158;A
2017;41;000;Separaciones;189.3126;A
2017;41;0;Separaciones;104.0936;A
2017;41;1;Separaciones;39.8605;A
2017;41;2;Separaciones;37.1115;A
2017;41;3;Separaciones;5.498;A
2017;41;4;Separaciones;2.749;A
2017;41;05+;Separaciones;;A
2016;C01;000;Separaciones;902.9587;A
2016;C01;0;Separaciones;477.4809;A
2016;C01;1;Separaciones;222.0151;A
2016;C01;2;Separaciones;168.2046;A
2016;C01;3;Separaciones;33.9658;A
2016;C01;4;Separaciones;1.2923;A
2016;C01;05+;Separaciones;;A
2016;04;000;Separaciones;42.5671;A
2016;04;0;Separaciones;19.9588;A
2016;04;1;Separaciones;14.6289;A
2016;04;2;Separaciones;6.6495;A
2016;04;3;Separaciones;1.3299;A
2016;04;4;Separaciones;;A
2016;11;000;Separaciones;139.4344;A
2016;11;0;Separaciones;68.4874;A
2016;11;1;Separaciones;40.9916;A
2016;11;2;Separaciones;28.3788;A
2016;11;3;Separaciones;1.5766;A
2016;11;4;Separaciones;;A
2016;14;000;Separaciones;115.2214;A
2016;14;0;Separaciones;52.5862;A
2016;14;1;Separaciones;32.6225;A
2016;14;2;Separaciones;23.4882;A
2016;14;3;Separaciones;6.5245;A
2016;14;4;Separaciones;;A
2016;14;05+;Separaciones;;A
2016;18;000;Separaciones;106.728;A
2016;18;0;Separaciones;56.5928;A
2016;18;1;Separaciones;25.932;A
2016;18;2;Separaciones;17.288;A
2016;18;3;Separaciones;6.9152;A
2016;18;4;Separaciones;;A
2016;21;000;Separaciones;50.6884;A
2016;21;0;Separaciones;33.3964;A
2016;21;1;Separaciones;8.646;A
2016;21;2;Separaciones;5.1876;A
2016;21;3;Separaciones;3.4584;A
2016;21;4;Separaciones;;A
2016;21;05+;Separaciones;;A
2016;23;000;Separaciones;72.7504;A
2016;23;0;Separaciones;45.844;A
2016;23;1;Separaciones;14.948;A
2016;23;2;Separaciones;8.9688;A
2016;23;3;Separaciones;2.9896;A
2016;23;4;Separaciones;;A
2016;23;05+;Separaciones;;A
2016;29;000;Separaciones;172.0624;A
2016;29;0;Separaciones;94.0312;A
2016;29;1;Separaciones;39.0156;A
2016;29;2;Separaciones;33.0132;A
2016;29;3;Separaciones;6.0024;A
2016;29;4;Separaciones;;A
2016;29;05+;Separaciones;;A
2016;41;000;Separaciones;203.5066;A
2016;41;0;Separaciones;106.5841;A
2016;41;1;Separaciones;45.2305;A
2016;41;2;Separaciones;45.2305;A
2016;41;3;Separaciones;5.1692;A
2016;41;4;Separaciones;1.2923;A
2016;41;05+;Separaciones;;A
2015;C01;000;Separaciones;899.1127;A
2015;C01;0;Separaciones;454.8428;A
2015;C01;1;Separaciones;206.4049;A
2015;C01;2;Separaciones;174.8718;A
2015;C01;3;Separaciones;53.8521;A
2015;C01;4;Separaciones;7.7813;A
2015;C01;05+;Separaciones;1.3598;A
2015;04;000;Separaciones;56.0604;A
2015;04;0;Separaciones;30.8028;A
2015;04;1;Separaciones;12.6288;A
2015;04;2;Separaciones;11.0502;A
2015;04;3;Separaciones;1.5786;A
2015;04;4;Separaciones;;A
2015;04;05+;Separaciones;;A
2015;11;000;Separaciones;133.4995;A
2015;11;0;Separaciones;61.7785;A
2015;11;1;Separaciones;39.845;A
2015;11;2;Separaciones;22.3132;A
2015;11;3;Separaciones;7.969;A
2015;11;4;Separaciones;1.5938;A
2015;14;000;Separaciones;117.3954;A
2015;14;0;Separaciones;44.4099;A
2015;14;1;Separaciones;25.3215;A
2015;14;2;Separaciones;40.2165;A
2015;14;3;Separaciones;2.979;A
2015;14;4;Separaciones;4.4685;A
2015;18;000;Separaciones;108.1972;A
2015;18;0;Separaciones;60.0652;A
2015;18;1;Separaciones;22.347;A
2015;18;2;Separaciones;15.471;A
2015;18;3;Separaciones;8.595;A
2015;18;4;Separaciones;1.719;A
2015;18;05+;Separaciones;;A
2015;21;000;Separaciones;40.5241;A
2015;21;0;Separaciones;19.7215;A
2015;21;1;Separaciones;14.859;A
2015;21;2;Separaciones;5.9436;A
2015;21;3;Separaciones;;A
2015;21;4;Separaciones;;A
2015;23;000;Separaciones;81.3217;A
2015;23;0;Separaciones;38.7869;A
2015;23;1;Separaciones;18.2292;A
2015;23;2;Separaciones;13.6719;A
2015;23;3;Separaciones;10.6337;A
2015;23;4;Separaciones;;A
2015;29;000;Separaciones;173.1336;A
2015;29;0;Separaciones;94.6048;A
2015;29;1;Separaciones;36.4598;A
2015;29;2;Separaciones;30.8506;A
2015;29;3;Separaciones;11.2184;A
2015;29;4;Separaciones;;A
2015;29;05+;Separaciones;;A
2015;41;000;Separaciones;188.9808;A
2015;41;0;Separaciones;104.6732;A
2015;41;1;Separaciones;36.7146;A
2015;41;2;Separaciones;35.3548;A
2015;41;3;Separaciones;10.8784;A
2015;41;4;Separaciones;;A
2015;41;05+;Separaciones;1.3598;A
2014;C01;000;Separaciones;1033.68097;A
2014;C01;0;Separaciones;501.1155;A
2014;C01;1;Separaciones;258.1684;A
2014;C01;2;Separaciones;236.11905;A
2014;C01;3;Separaciones;33.84314;A
2014;C01;4;Separaciones;4.43488;A
2014;C01;05+;Separaciones;;A
2014;04;000;Separaciones;57.933;A
2014;04;0;Separaciones;21.195;A
2014;04;1;Separaciones;18.369;A
2014;04;2;Separaciones;12.717;A
2014;04;3;Separaciones;4.239;A
2014;04;4;Separaciones;1.413;A
2014;04;05+;Separaciones;;A
2014;11;000;Separaciones;162.30564;A
2014;11;0;Separaciones;87.16414;A
2014;11;1;Separaciones;36.06792;A
2014;11;2;Separaciones;30.0566;A
2014;11;3;Separaciones;7.51415;A
2014;11;4;Separaciones;1.50283;A
2014;11;05+;Separaciones;;A
2014;14;000;Separaciones;113.25196;A
2014;14;0;Separaciones;51.62957;A
2014;14;1;Separaciones;29.97846;A
2014;14;2;Separaciones;28.31299;A
2014;14;3;Separaciones;3.33094;A
2014;14;05+;Separaciones;;A
2014;18;000;Separaciones;138.23355;A
2014;18;0;Separaciones;74.43345;A
2014;18;1;Separaciones;36.4572;A
2014;18;2;Separaciones;21.2667;A
2014;18;3;Separaciones;4.55715;A
2014;18;4;Separaciones;1.51905;A
2014;21;000;Separaciones;57.99901;A
2014;21;0;Separaciones;29.70681;A
2014;21;1;Separaciones;15.56071;A
2014;21;2;Separaciones;12.73149;A
2014;21;3;Separaciones;;A
2014;21;4;Separaciones;;A
2014;23;000;Separaciones;74.8578;A
2014;23;0;Separaciones;42.5662;A
2014;23;1;Separaciones;16.1458;A
2014;23;2;Separaciones;13.2102;A
2014;23;3;Separaciones;2.9356;A
2014;23;4;Separaciones;;A
2014;29;000;Separaciones;207.69645;A
2014;29;0;Separaciones;77.2824;A
2014;29;1;Separaciones;57.9618;A
2014;29;2;Separaciones;67.6221;A
2014;29;3;Separaciones;4.83015;A
2014;29;4;Separaciones;;A
2014;29;05+;Separaciones;;A
2014;41;000;Separaciones;221.40356;A
2014;41;0;Separaciones;117.13793;A
2014;41;1;Separaciones;47.62751;A
2014;41;2;Separaciones;50.20197;A
2014;41;3;Separaciones;6.43615;A
2014;41;4;Separaciones;;A
2014;41;05+;Separaciones;;A
2013;C01;000;Separaciones;974.08657;A
2013;C01;0;Separaciones;439.69164;A
2013;C01;1;Separaciones;276.77832;A
2013;C01;2;Separaciones;222.38185;A
2013;C01;3;Separaciones;31.07814;A
2013;C01;4;Separaciones;4.15662;A
2013;C01;05+;Separaciones;;A
2013;04;000;Separaciones;64.0302;A
2013;04;0;Separaciones;22.9852;A
2013;04;1;Separaciones;27.9106;A
2013;04;2;Separaciones;11.4926;A
2013;04;3;Separaciones;1.6418;A
2013;04;4;Separaciones;;A
2013;11;000;Separaciones;161.1555;A
2013;11;0;Separaciones;68.85735;A
2013;11;1;Separaciones;45.41655;A
2013;11;2;Separaciones;39.55635;A
2013;11;3;Separaciones;7.32525;A
2013;11;4;Separaciones;;A
2013;14;000;Separaciones;97.66512;A
2013;14;0;Separaciones;35.26796;A
2013;14;1;Separaciones;31.19858;A
2013;14;2;Separaciones;23.05982;A
2013;14;3;Separaciones;6.7823;A
2013;14;4;Separaciones;1.35646;A
2013;14;05+;Separaciones;;A
2013;18;000;Separaciones;103.65564;A
2013;18;0;Separaciones;54.5556;A
2013;18;1;Separaciones;21.82224;A
2013;18;2;Separaciones;19.09446;A
2013;18;3;Separaciones;6.81945;A
2013;18;4;Separaciones;1.36389;A
2013;18;05+;Separaciones;;A
2013;21;000;Separaciones;66.06842;A
2013;21;0;Separaciones;24.41659;A
2013;21;1;Separaciones;20.10778;A
2013;21;2;Separaciones;17.23524;A
2013;21;3;Separaciones;2.87254;A
2013;21;4;Separaciones;1.43627;A
2013;21;05+;Separaciones;;A
2013;23;000;Separaciones;88.90119;A
2013;23;0;Separaciones;39.51164;A
2013;23;1;Separaciones;26.81147;A
2013;23;2;Separaciones;22.57808;A
2013;23;3;Separaciones;;A
2013;23;4;Separaciones;;A
2013;29;000;Separaciones;186.693;A
2013;29;0;Separaciones;90.4743;A
2013;29;1;Separaciones;51.6996;A
2013;29;2;Separaciones;40.2108;A
2013;29;3;Separaciones;4.3083;A
2013;29;4;Separaciones;;A
2013;29;05+;Separaciones;;A
2013;41;000;Separaciones;205.9175;A
2013;41;0;Separaciones;103.623;A
2013;41;1;Separaciones;51.8115;A
2013;41;2;Separaciones;49.1545;A
2013;41;3;Separaciones;1.3285;A
2013;41;4;Separaciones;;A
2013;41;05+;Separaciones;;A
2012;C01;000;Separaciones;1325.99833;A
2012;C01;0;Separaciones;615.48143;A
2012;C01;1;Separaciones;338.4834;A
2012;C01;2;Separaciones;312.17917;A
2012;C01;3;Separaciones;51.40521;A
2012;C01;4;Separaciones;2.03194;A
2012;C01;05+;Separaciones;6.41718;A
2012;04;000;Separaciones;81.0995;A
2012;04;0;Separaciones;29.73194;A
2012;04;1;Separaciones;27.94033;A
2012;04;2;Separaciones;23.42723;A
2012;04;3;Separaciones;;A
2012;04;4;Separaciones;;A
2012;11;000;Separaciones;217.75166;A
2012;11;0;Separaciones;84.84476;A
2012;11;1;Separaciones;48.06214;A
2012;11;2;Separaciones;61.82966;A
2012;11;3;Separaciones;20.98316;A
2012;11;4;Separaciones;2.03194;A
2012;11;05+;Separaciones;;A
2012;14;000;Separaciones;108.2448;A
2012;14;0;Separaciones;47.88036;A
2012;14;1;Separaciones;33.5358;A
2012;14;2;Separaciones;20.0052;A
2012;14;3;Separaciones;6.82344;A
2012;14;4;Separaciones;;A
2012;14;05+;Separaciones;;A
2012;18;000;Separaciones;139.01817;A
2012;18;0;Separaciones;61.65197;A
2012;18;1;Separaciones;45.46504;A
2012;18;2;Separaciones;27.31684;A
2012;18;3;Separaciones;4.58432;A
2012;18;4;Separaciones;;A
2012;21;000;Separaciones;60.6245;A
2012;21;0;Separaciones;31.89379;A
2012;21;1;Separaciones;26.40638;A
2012;21;2;Separaciones;2.32433;A
2012;21;3;Separaciones;;A
2012;21;4;Separaciones;;A
2012;23;000;Separaciones;141.41699;A
2012;23;0;Separaciones;63.24626;A
2012;23;1;Separaciones;32.58879;A
2012;23;2;Separaciones;38.75171;A
2012;23;3;Separaciones;4.2316;A
2012;23;4;Separaciones;;A
2012;23;05+;Separaciones;2.59863;A
2012;29;000;Separaciones;271.91439;A
2012;29;0;Separaciones;139.93425;A
2012;29;1;Separaciones;54.52947;A
2012;29;2;Separaciones;73.75263;A
2012;29;3;Separaciones;3.69804;A
2012;29;4;Separaciones;;A
2012;29;05+;Separaciones;;A
2012;41;000;Separaciones;305.92832;A
2012;41;0;Separaciones;156.2981;A
2012;41;1;Separaciones;69.95545;A
2012;41;2;Separaciones;64.77157;A
2012;41;3;Separaciones;11.08465;A
2012;41;4;Separaciones;;A
2012;41;05+;Separaciones;3.81855;A
2011;C01;000;Separaciones;1399.03667512;A
2011;C01;0;Separaciones;597.61326934;A
2011;C01;1;Separaciones;395.66964198;A
2011;C01;2;Separaciones;362.53823608;A
2011;C01;3;Separaciones;37.77740571;A
2011;C01;4;Separaciones;1.39980475;A
2011;C01;05+;Separaciones;4.03831726;A
2011;04;000;Separaciones;85.45557379;A
2011;04;0;Separaciones;48.10559752;A
2011;04;1;Separaciones;19.75055026;A
2011;04;2;Separaciones;14.60111634;A
2011;04;3;Separaciones;2.99830967;A
2011;04;4;Separaciones;;A
2011;04;05+;Separaciones;;A
2011;11;000;Separaciones;246.54489022;A
2011;11;0;Separaciones;110.60361406;A
2011;11;1;Separaciones;67.5891639;A
2011;11;2;Separaciones;68.35211226;A
2011;11;3;Separaciones;;A
2011;11;4;Separaciones;;A
2011;14;000;Separaciones;180.74680224;A
2011;14;0;Separaciones;80.54059843;A
2011;14;1;Separaciones;43.80398053;A
2011;14;2;Separaciones;46.60359003;A
2011;14;3;Separaciones;6.99902375;A
2011;14;4;Separaciones;1.39980475;A
2011;14;05+;Separaciones;1.39980475;A
2011;18;000;Separaciones;166.89356225;A
2011;18;0;Separaciones;57.28424747;A
2011;18;1;Separaciones;46.73019743;A
2011;18;2;Separaciones;53.56486235;A
2011;18;3;Separaciones;6.67574249;A
2011;18;4;Separaciones;;A
2011;18;05+;Separaciones;2.63851251;A
2011;21;000;Separaciones;59.07766582;A
2011;21;0;Separaciones;27.27707942;A
2011;21;1;Separaciones;23.8504398;A
2011;21;2;Separaciones;6.44231094;A
2011;21;3;Separaciones;1.50783566;A
2011;21;4;Separaciones;;A
2011;23;000;Separaciones;112.55728429;A
2011;23;0;Separaciones;53.86105854;A
2011;23;1;Separaciones;23.4784903;A
2011;23;2;Separaciones;35.21773545;A
2011;23;3;Separaciones;;A
2011;23;4;Separaciones;;A
2011;29;000;Separaciones;242.68781176;A
2011;29;0;Separaciones;93.38138165;A
2011;29;1;Separaciones;80.35851551;A
2011;29;2;Separaciones;61.78601971;A
2011;29;3;Separaciones;7.16189489;A
2011;29;4;Separaciones;;A
2011;29;05+;Separaciones;;A
2011;41;000;Separaciones;305.07308475;A
2011;41;0;Separaciones;126.55969225;A
2011;41;1;Separaciones;90.10830425;A
2011;41;2;Separaciones;75.970489;A
2011;41;3;Separaciones;12.43459925;A
2011;41;4;Separaciones;;A
2011;41;05+;Separaciones;;A
2010;C01;000;Separaciones;1530.47424568;A
2010;C01;0;Separaciones;;A
2010;C01;1;Separaciones;447.94742009;A
2010;C01;2;Separaciones;416.94888787;A
2010;C01;3;Separaciones;57.05293315;A
2010;C01;4;Separaciones;10.89592969;A
2010;C01;05+;Separaciones;597.62907488;A
2010;04;000;Separaciones;67.26164627;A
2010;04;0;Separaciones;;A
2010;04;1;Separaciones;34.77162333;A
2010;04;2;Separaciones;21.6295921;A
2010;04;3;Separaciones;;A
2010;04;4;Separaciones;;A
2010;04;05+;Separaciones;10.86043084;A
2010;11;000;Separaciones;276.67635717;A
2010;11;0;Separaciones;;A
2010;11;1;Separaciones;73.59114228;A
2010;11;2;Separaciones;91.08713589;A
2010;11;3;Separaciones;5.83199787;A
2010;11;4;Separaciones;;A
2010;11;05+;Separaciones;106.16608113;A
2010;14;000;Separaciones;201.9348937;A
2010;14;0;Separaciones;;A
2010;14;1;Separaciones;65.57628038;A
2010;14;2;Separaciones;59.11832732;A
2010;14;3;Separaciones;10.2987048;A
2010;14;4;Separaciones;2.58885124;A
2010;14;05+;Separaciones;64.35272996;A
2010;18;000;Separaciones;185.5777762;A
2010;18;0;Separaciones;;A
2010;18;1;Separaciones;44.23264926;A
2010;18;2;Separaciones;45.59399835;A
2010;18;3;Separaciones;3.94716595;A
2010;18;4;Separaciones;3.94716595;A
2010;18;05+;Separaciones;87.85679669;A
2010;21;000;Separaciones;67.9660588;A
2010;21;0;Separaciones;;A
2010;21;1;Separaciones;18.9051928;A
2010;21;2;Separaciones;18.57121372;A
2010;21;3;Separaciones;2.2732549;A
2010;21;05+;Separaciones;28.21639738;A
2010;23;000;Separaciones;120.14646873;A
2010;23;0;Separaciones;;A
2010;23;1;Separaciones;31.55864653;A
2010;23;2;Separaciones;26.44925821;A
2010;23;3;Separaciones;9.44343463;A
2010;23;4;Separaciones;3.02495558;A
2010;23;05+;Separaciones;49.67017378;A
2010;29;000;Separaciones;269.07493748;A
2010;29;0;Separaciones;;A
2010;29;1;Separaciones;71.60155021;A
2010;29;2;Separaciones;76.96455449;A
2010;29;3;Separaciones;12.35414566;A
2010;29;4;Separaciones;1.33495692;A
2010;29;05+;Separaciones;106.8197302;A
2010;41;000;Separaciones;341.83610733;A
2010;41;0;Separaciones;;A
2010;41;1;Separaciones;107.7103353;A
2010;41;2;Separaciones;77.53480779;A
2010;41;3;Separaciones;12.90422934;A
2010;41;4;Separaciones;;A
2010;41;05+;Separaciones;143.6867349;A
2009;C01;000;Separaciones;1592.640000016;A
2009;C01;0;Separaciones;624.7443944896;A
2009;C01;1;Separaciones;444.4180267469;A
2009;C01;2;Separaciones;423.0097372119;A
2009;C01;3;Separaciones;82.2255454984;A
2009;C01;4;Separaciones;15.9059130905;A
2009;C01;05+;Separaciones;2.3363829787;A
2009;04;000;Separaciones;82.4700000021;A
2009;04;0;Separaciones;38.5559148946;A
2009;04;1;Separaciones;23.5301276602;A
2009;04;2;Separaciones;18.2865106387;A
2009;04;3;Separaciones;2.0974468086;A
2009;11;000;Separaciones;275.3500000001;A
2009;11;0;Separaciones;100.6985106381;A
2009;11;1;Separaciones;73.8359574469;A
2009;11;2;Separaciones;87.936170213;A
2009;11;3;Separaciones;10.5429787234;A
2009;11;4;Separaciones;;A
2009;11;05+;Separaciones;2.3363829787;A
2009;14;000;Separaciones;191.580000002;A
2009;14;0;Separaciones;58.528639176;A
2009;14;1;Separaciones;55.882837114;A
2009;14;2;Separaciones;62.97806598;A
2009;14;3;Separaciones;8.312857732;A
2009;14;4;Separaciones;5.8776;A
2009;14;05+;Separaciones;;A
2009;18;000;Separaciones;187.1600000002;A
2009;18;0;Separaciones;61.5446634616;A
2009;18;1;Separaciones;56.9721634616;A
2009;18;2;Separaciones;55.8290384616;A
2009;18;3;Separaciones;9.8364423077;A
2009;18;4;Separaciones;2.9776923077;A
2009;18;05+;Separaciones;;A
2009;21;000;Separaciones;80.0000000014;A
2009;21;0;Separaciones;41.1759420296;A
2009;21;1;Separaciones;25.3879347831;A
2009;21;2;Separaciones;13.4361231887;A
2009;21;3;Separaciones;;A
2009;23;000;Separaciones;140.120000003;A
2009;23;0;Separaciones;50.9846666677;A
2009;23;1;Separaciones;38.7396666677;A
2009;23;2;Separaciones;40.4343333341;A
2009;23;3;Separaciones;9.9613333335;A
2009;29;000;Separaciones;262.8999999998;A
2009;29;0;Separaciones;119.3358974358;A
2009;29;1;Separaciones;68.282051282;A
2009;29;2;Separaciones;62.5974358974;A
2009;29;3;Separaciones;8.2282051282;A
2009;29;4;Separaciones;4.4564102564;A
2009;29;05+;Separaciones;;A
2009;41;000;Separaciones;373.0600000074;A
2009;41;0;Separaciones;153.9201601862;A
2009;41;1;Separaciones;101.7872883314;A
2009;41;2;Separaciones;81.5120594984;A
2009;41;3;Separaciones;33.246281465;A
2009;41;4;Separaciones;2.5942105264;A
2008;C01;000;Separaciones;1692.7371674121;A
2008;C01;0;Separaciones;701.71555322;A
2008;C01;1;Separaciones;502.4927584006;A
2008;C01;2;Separaciones;401.879498771;A
2008;C01;3;Separaciones;62.7326211368;A
2008;C01;4;Separaciones;14.5595897545;A
2008;C01;05+;Separaciones;9.3571461292;A
2008;04;000;Separaciones;96.2877203913;A
2008;04;0;Separaciones;53.222850336;A
2008;04;1;Separaciones;28.3449874416;A
2008;04;2;Separaciones;9.3671980269;A
2008;04;3;Separaciones;4.0145134401;A
2008;04;4;Separaciones;1.3381711467;A
2008;04;05+;Separaciones;;A
2008;11;000;Separaciones;285.8106521385;A
2008;11;0;Separaciones;114.5572460104;A
2008;11;1;Separaciones;87.5398441799;A
2008;11;2;Separaciones;68.013912961;A
2008;11;3;Separaciones;9.5972131561;A
2008;11;4;Separaciones;;A
2008;11;05+;Separaciones;6.1024358311;A
2008;14;000;Separaciones;227.038028358;A
2008;14;0;Separaciones;98.7761424808;A
2008;14;1;Separaciones;59.962626711;A
2008;14;2;Separaciones;55.9138001307;A
2008;14;3;Separaciones;7.9096130047;A
2008;14;4;Separaciones;4.4758460308;A
2008;14;05+;Separaciones;;A
2008;18;000;Separaciones;182.40095509;A
2008;18;0;Separaciones;76.1344305849;A
2008;18;1;Separaciones;54.204984733;A
2008;18;2;Separaciones;48.021917158;A
2008;18;3;Separaciones;1.0305112625;A
2008;18;4;Separaciones;3.0091113516;A
2008;21;000;Separaciones;100.3696713296;A
2008;21;0;Separaciones;30.2985790212;A
2008;21;1;Separaciones;47.4218027978;A
2008;21;2;Separaciones;18.8246447553;A
2008;21;3;Separaciones;3.8246447553;A
2008;21;4;Separaciones;;A
2008;21;05+;Separaciones;;A
2008;23;000;Separaciones;135.4196187528;A
2008;23;0;Separaciones;45.843136005;A
2008;23;1;Separaciones;52.3164494262;A
2008;23;2;Separaciones;25.8820897956;A
2008;23;3;Separaciones;11.377943526;A
2008;23;4;Separaciones;;A
2008;23;05+;Separaciones;;A
2008;29;000;Separaciones;266.3862143614;A
2008;29;0;Separaciones;120.554250908;A
2008;29;1;Separaciones;70.0548379994;A
2008;29;2;Separaciones;62.2217003632;A
2008;29;3;Separaciones;9.2777125454;A
2008;29;4;Separaciones;2.2777125454;A
2008;29;05+;Separaciones;2.0;A
2008;41;000;Separaciones;399.0243069905;A
2008;41;0;Separaciones;162.3289178737;A
2008;41;1;Separaciones;102.6472251117;A
2008;41;2;Separaciones;113.6342355803;A
2008;41;3;Separaciones;15.7004694467;A
2008;41;4;Separaciones;3.45874868;A
2008;41;05+;Separaciones;1.2547102981;A
2007;C01;000;Separaciones;2252.190000142;A
2007;C01;0;Separaciones;885.79541058;A
2007;C01;1;Separaciones;656.883226045;A
2007;C01;2;Separaciones;583.919057451;A
2007;C01;3;Separaciones;106.535398424;A
2007;C01;4;Separaciones;14.300134914;A
2007;C01;05+;Separaciones;4.756772728;A
2007;04;000;Separaciones;121.410000006;A
2007;04;0;Separaciones;45.86727273;A
2007;04;1;Separaciones;29.200909092;A
2007;04;2;Separaciones;44.490000002;A
2007;04;3;Separaciones;1.851818182;A
2007;04;4;Separaciones;;A
2007;04;05+;Separaciones;;A
2007;11;000;Separaciones;345.03999999;A
2007;11;0;Separaciones;139.785569618;A
2007;11;1;Separaciones;112.648909441;A
2007;11;2;Separaciones;67.02331061;A
2007;11;3;Separaciones;25.582210321;A
2007;11;4;Separaciones;;A
2007;11;05+;Separaciones;;A
2007;14;000;Separaciones;269.900000005;A
2007;14;0;Separaciones;93.947272729;A
2007;14;1;Separaciones;88.063636365;A
2007;14;2;Separaciones;74.005454547;A
2007;14;3;Separaciones;13.883636364;A
2007;14;4;Separaciones;;A
2007;14;05+;Separaciones;;A
2007;18;000;Separaciones;229.899999993;A
2007;18;0;Separaciones;100.806504062;A
2007;18;1;Separaciones;60.236585364;A
2007;18;2;Separaciones;59.211382112;A
2007;18;3;Separaciones;7.113821138;A
2007;18;4;Separaciones;2.531707317;A
2007;18;05+;Separaciones;;A
2007;21;000;Separaciones;120.089999991;A
2007;21;0;Separaciones;42.648113205;A
2007;21;1;Separaciones;49.091320752;A
2007;21;2;Separaciones;22.520943393;A
2007;21;3;Separaciones;5.829622641;A
2007;21;4;Separaciones;;A
2007;21;05+;Separaciones;;A
2007;23;000;Separaciones;213.10999998;A
2007;23;0;Separaciones;68.76891025;A
2007;23;1;Separaciones;59.37814102;A
2007;23;2;Separaciones;55.38538461;A
2007;23;3;Separaciones;24.17955128;A
2007;23;4;Separaciones;2.81051282;A
2007;23;05+;Separaciones;2.5875;A
2007;29;000;Separaciones;424.9200001;A
2007;29;0;Separaciones;179.33441353;A
2007;29;1;Separaciones;108.567985362;A
2007;29;2;Separaciones;116.321155456;A
2007;29;3;Separaciones;17.44253666;A
2007;29;4;Separaciones;1.084636364;A
2007;29;05+;Separaciones;2.169272728;A
2007;41;000;Separaciones;527.820000077;A
2007;41;0;Separaciones;214.637354456;A
2007;41;1;Separaciones;149.695738649;A
2007;41;2;Separaciones;144.961426721;A
2007;41;3;Separaciones;10.652201838;A
2007;41;4;Separaciones;7.873278413;A
2007;41;05+;Separaciones;;A
2006;C01;000;Separaciones;4085.709783;A
2006;C01;NC;Separaciones;4085.709783;A
2006;04;000;Separaciones;267.840027;A
2006;04;NC;Separaciones;267.840027;A
2006;11;000;Separaciones;640.770013;A
2006;11;NC;Separaciones;640.770013;A
2006;14;000;Separaciones;451.979978;A
2006;14;NC;Separaciones;451.979978;A
2006;18;000;Separaciones;537.299946;A
2006;18;NC;Separaciones;537.299946;A
2006;21;000;Separaciones;286.899984;A
2006;21;NC;Separaciones;286.899984;A
2006;23;000;Separaciones;326.429937;A
2006;23;NC;Separaciones;326.429937;A
2006;29;000;Separaciones;657.509904;A
2006;29;NC;Separaciones;657.509904;A
2006;41;000;Separaciones;916.979994;A
2006;41;NC;Separaciones;916.979994;A
2005;C01;000;Separaciones;11613.00000646;A
2005;C01;NC;Separaciones;11613.00000646;A
2005;04;000;Separaciones;808.99999851;A
2005;04;NC;Separaciones;808.99999851;A
2005;11;000;Separaciones;1853.00000467;A
2005;11;NC;Separaciones;1853.00000467;A
2005;14;000;Separaciones;1087.99999705;A
2005;14;NC;Separaciones;1087.99999705;A
2005;18;000;Separaciones;1255.99999686;A
2005;18;NC;Separaciones;1255.99999686;A
2005;21;000;Separaciones;779.00000184;A
2005;21;NC;Separaciones;779.00000184;A
2005;23;000;Separaciones;816.99999969;A
2005;23;NC;Separaciones;816.99999969;A
2005;29;000;Separaciones;2263.00000248;A
2005;29;NC;Separaciones;2263.00000248;A
2005;41;000;Separaciones;2748.00000536;A
2005;41;NC;Separaciones;2748.00000536;A
2004;C01;000;Separaciones;14276.001079;A
2004;C01;NC;Separaciones;14276.001079;A
2004;04;000;Separaciones;1112.00024;A
2004;04;NC;Separaciones;1112.00024;A
2004;11;000;Separaciones;2093.000459;A
2004;11;NC;Separaciones;2093.000459;A
2004;14;000;Separaciones;1267.00032;A
2004;14;NC;Separaciones;1267.00032;A
2004;18;000;Separaciones;1612.9995;A
2004;18;NC;Separaciones;1612.9995;A
2004;21;000;Separaciones;935.999804;A
2004;21;NC;Separaciones;935.999804;A
2004;23;000;Separaciones;895.000176;A
2004;23;NC;Separaciones;895.000176;A
2004;29;000;Separaciones;2906.000692;A
2004;29;NC;Separaciones;2906.000692;A
2004;41;000;Separaciones;3453.999888;A
2004;41;NC;Separaciones;3453.999888;A
2003;C01;000;Separaciones;12967.001106;A
2003;C01;NC;Separaciones;12967.001106;A
2003;04;000;Separaciones;910.999995;A
2003;04;NC;Separaciones;910.999995;A
2003;11;000;Separaciones;1905.00024;A
2003;11;NC;Separaciones;1905.00024;A
2003;14;000;Separaciones;1177.00044;A
2003;14;NC;Separaciones;1177.00044;A
2003;18;000;Separaciones;1573.999476;A
2003;18;NC;Separaciones;1573.999476;A
2003;21;000;Separaciones;761.00001;A
2003;21;NC;Separaciones;761.00001;A
2003;23;000;Separaciones;810.000224;A
2003;23;NC;Separaciones;810.000224;A
2003;29;000;Separaciones;2759.000618;A
2003;29;NC;Separaciones;2759.000618;A
2003;41;000;Separaciones;3070.000103;A
2003;41;NC;Separaciones;3070.000103;A
2002;C01;000;Separaciones;12611.000178;A
2002;C01;NC;Separaciones;12611.000178;A
2002;04;000;Separaciones;1013.99996;A
2002;04;NC;Separaciones;1013.99996;A
2002;11;000;Separaciones;1800.000576;A
2002;11;NC;Separaciones;1800.000576;A
2002;14;000;Separaciones;1117.999998;A
2002;14;NC;Separaciones;1117.999998;A
2002;18;000;Separaciones;1362.000035;A
2002;18;NC;Separaciones;1362.000035;A
2002;21;000;Separaciones;693.999885;A
2002;21;NC;Separaciones;693.999885;A
2002;23;000;Separaciones;793.999797;A
2002;23;NC;Separaciones;793.999797;A
2002;29;000;Separaciones;2621.999218;A
2002;29;NC;Separaciones;2621.999218;A
2002;41;000;Separaciones;3207.000709;A
2002;41;NC;Separaciones;3207.000709;A
2001;C01;000;Separaciones;10770.998593;A
2001;C01;NC;Separaciones;10770.998593;A
2001;04;000;Separaciones;733.999794;A
2001;04;NC;Separaciones;733.999794;A
2001;11;000;Separaciones;1631.99998;A
2001;11;NC;Separaciones;1631.99998;A
2001;14;000;Separaciones;1051.99975;A
2001;14;NC;Separaciones;1051.99975;A
2001;18;000;Separaciones;1143.999663;A
2001;18;NC;Separaciones;1143.999663;A
2001;21;000;Separaciones;718.99982;A
2001;21;NC;Separaciones;718.99982;A
2001;23;000;Separaciones;708.0;A
2001;23;NC;Separaciones;708.0;A
2001;29;000;Separaciones;2181.999582;A
2001;29;NC;Separaciones;2181.999582;A
2001;41;000;Separaciones;2600.000004;A
2001;41;NC;Separaciones;2600.000004;A
2000;C01;000;Separaciones;10759.000045;A
2000;C01;NC;Separaciones;10759.000045;A
2000;04;000;Separaciones;759.000089;A
2000;04;NC;Separaciones;759.000089;A
2000;11;000;Separaciones;1694.00028;A
2000;11;NC;Separaciones;1694.00028;A
2000;14;000;Separaciones;904.999872;A
2000;14;NC;Separaciones;904.999872;A
2000;18;000;Separaciones;1188.000051;A
2000;18;NC;Separaciones;1188.000051;A
2000;21;000;Separaciones;655.000038;A
2000;21;NC;Separaciones;655.000038;A
2000;23;000;Separaciones;667.000116;A
2000;23;NC;Separaciones;667.000116;A
2000;29;000;Separaciones;2343.999334;A
2000;29;NC;Separaciones;2343.999334;A
2000;41;000;Separaciones;2547.000265;A
2000;41;NC;Separaciones;2547.000265;A
1999;C01;000;Separaciones;9376.389167;A
1999;C01;NC;Separaciones;9376.389167;A
1999;04;000;Separaciones;638.000217;A
1999;04;NC;Separaciones;638.000217;A
1999;11;000;Separaciones;1402.999689;A
1999;11;NC;Separaciones;1402.999689;A
1999;14;000;Separaciones;865.999735;A
1999;14;NC;Separaciones;865.999735;A
1999;18;000;Separaciones;1033.000086;A
1999;18;NC;Separaciones;1033.000086;A
1999;21;000;Separaciones;549.999954;A
1999;21;NC;Separaciones;549.999954;A
1999;23;000;Separaciones;601.0002;A
1999;23;NC;Separaciones;601.0002;A
1999;29;000;Separaciones;2020.999806;A
1999;29;NC;Separaciones;2020.999806;A
1999;41;000;Separaciones;2264.38948;A
1999;41;NC;Separaciones;2264.38948;A
1998;C01;000;Separaciones;9329.556592;A
1998;C01;NC;Separaciones;9329.556592;A
1998;04;000;Separaciones;673.999758;A
1998;04;NC;Separaciones;673.999758;A
1998;11;000;Separaciones;1387.9998;A
1998;11;NC;Separaciones;1387.9998;A
1998;14;000;Separaciones;894.99984;A
1998;14;NC;Separaciones;894.99984;A
1998;18;000;Separaciones;945.99972;A
1998;18;NC;Separaciones;945.99972;A
1998;21;000;Separaciones;570.000144;A
1998;21;NC;Separaciones;570.000144;A
1998;23;000;Separaciones;594.000154;A
1998;23;NC;Separaciones;594.000154;A
1998;29;000;Separaciones;1871.99972;A
1998;29;NC;Separaciones;1871.99972;A
1998;41;000;Separaciones;2390.557456;A
1998;41;NC;Separaciones;2390.557456;A
2020;C01;000;Nulidades;5.05742;A
2020;C01;0;Nulidades;5.05742;A
2020;C01;1;Nulidades;;A
2020;C01;2;Nulidades;;A
2020;C01;3;Nulidades;;A
2020;C01;4;Nulidades;;A
2020;C01;05+;Nulidades;;A
2020;04;000;Nulidades;2.13486;A
2020;04;0;Nulidades;2.13486;A
2020;04;1;Nulidades;;A
2020;04;2;Nulidades;;A
2020;04;3;Nulidades;;A
2020;04;4;Nulidades;;A
2020;11;000;Nulidades;;A
2020;11;0;Nulidades;;A
2020;11;1;Nulidades;;A
2020;11;2;Nulidades;;A
2020;11;3;Nulidades;;A
2020;11;4;Nulidades;;A
2020;14;000;Nulidades;;A
2020;14;0;Nulidades;;A
2020;14;1;Nulidades;;A
2020;14;2;Nulidades;;A
2020;14;3;Nulidades;;A
2020;14;4;Nulidades;;A
2020;18;000;Nulidades;;A
2020;18;0;Nulidades;;A
2020;18;1;Nulidades;;A
2020;18;2;Nulidades;;A
2020;18;3;Nulidades;;A
2020;21;000;Nulidades;;A
2020;21;0;Nulidades;;A
2020;21;1;Nulidades;;A
2020;21;2;Nulidades;;A
2020;21;3;Nulidades;;A
2020;23;000;Nulidades;2.92256;A
2020;23;0;Nulidades;2.92256;A
2020;23;1;Nulidades;;A
2020;23;2;Nulidades;;A
2020;23;3;Nulidades;;A
2020;23;05+;Nulidades;;A
2020;29;000;Nulidades;;A
2020;29;0;Nulidades;;A
2020;29;1;Nulidades;;A
2020;29;2;Nulidades;;A
2020;29;3;Nulidades;;A
2020;29;4;Nulidades;;A
2020;29;05+;Nulidades;;A
2020;41;000;Nulidades;;A
2020;41;0;Nulidades;;A
2020;41;1;Nulidades;;A
2020;41;2;Nulidades;;A
2020;41;3;Nulidades;;A
2020;41;4;Nulidades;;A
2019;C01;000;Nulidades;13.00912;A
2019;C01;0;Nulidades;2.34554;A
2019;C01;1;Nulidades;2.18014;A
2019;C01;2;Nulidades;8.48344;A
2019;C01;3;Nulidades;;A
2019;C01;4;Nulidades;;A
2019;C01;05+;Nulidades;;A
2019;04;000;Nulidades;;A
2019;04;0;Nulidades;;A
2019;04;1;Nulidades;;A
2019;04;2;Nulidades;;A
2019;04;3;Nulidades;;A
2019;04;4;Nulidades;;A
2019;04;05+;Nulidades;;A
2019;11;000;Nulidades;6.54042;A
2019;11;0;Nulidades;;A
2019;11;1;Nulidades;2.18014;A
2019;11;2;Nulidades;4.36028;A
2019;11;3;Nulidades;;A
2019;11;4;Nulidades;;A
2019;11;05+;Nulidades;;A
2019;14;000;Nulidades;;A
2019;14;0;Nulidades;;A
2019;14;1;Nulidades;;A
2019;14;2;Nulidades;;A
2019;14;3;Nulidades;;A
2019;14;4;Nulidades;;A
2019;18;000;Nulidades;2.39728;A
2019;18;0;Nulidades;;A
2019;18;1;Nulidades;;A
2019;18;2;Nulidades;2.39728;A
2019;18;3;Nulidades;;A
2019;18;4;Nulidades;;A
2019;18;05+;Nulidades;;A
2019;21;000;Nulidades;;A
2019;21;0;Nulidades;;A
2019;21;1;Nulidades;;A
2019;21;2;Nulidades;;A
2019;21;3;Nulidades;;A
2019;21;4;Nulidades;;A
2019;23;000;Nulidades;;A
2019;23;0;Nulidades;;A
2019;23;1;Nulidades;;A
2019;23;2;Nulidades;;A
2019;23;3;Nulidades;;A
2019;23;4;Nulidades;;A
2019;29;000;Nulidades;2.34554;A
2019;29;0;Nulidades;2.34554;A
2019;29;1;Nulidades;;A
2019;29;2;Nulidades;;A
2019;29;3;Nulidades;;A
2019;29;4;Nulidades;;A
2019;29;05+;Nulidades;;A
2019;41;000;Nulidades;1.72588;A
2019;41;0;Nulidades;;A
2019;41;1;Nulidades;;A
2019;41;2;Nulidades;1.72588;A
2019;41;3;Nulidades;;A
2019;41;4;Nulidades;;A
2018;C01;000;Nulidades;15.9558;A
2018;C01;0;Nulidades;11.8116;A
2018;C01;1;Nulidades;4.1442;A
2018;C01;2;Nulidades;;A
2018;C01;3;Nulidades;;A
2018;C01;4;Nulidades;;A
2018;C01;05+;Nulidades;;A
2018;04;000;Nulidades;1.6277;A
2018;04;0;Nulidades;1.6277;A
2018;04;1;Nulidades;;A
2018;04;2;Nulidades;;A
2018;04;3;Nulidades;;A
2018;04;4;Nulidades;;A
2018;11;000;Nulidades;8.7124;A
2018;11;0;Nulidades;6.5343;A
2018;11;1;Nulidades;2.1781;A
2018;11;2;Nulidades;;A
2018;11;3;Nulidades;;A
2018;11;4;Nulidades;;A
2018;14;000;Nulidades;1.312;A
2018;14;0;Nulidades;1.312;A
2018;14;1;Nulidades;;A
2018;14;2;Nulidades;;A
2018;14;3;Nulidades;;A
2018;14;4;Nulidades;;A
2018;14;05+;Nulidades;;A
2018;18;000;Nulidades;2.3376;A
2018;18;0;Nulidades;2.3376;A
2018;18;1;Nulidades;;A
2018;18;2;Nulidades;;A
2018;18;3;Nulidades;;A
2018;18;4;Nulidades;;A
2018;21;000;Nulidades;;A
2018;21;0;Nulidades;;A
2018;21;1;Nulidades;;A
2018;21;2;Nulidades;;A
2018;21;3;Nulidades;;A
2018;21;4;Nulidades;;A
2018;23;000;Nulidades;;A
2018;23;0;Nulidades;;A
2018;23;1;Nulidades;;A
2018;23;2;Nulidades;;A
2018;23;3;Nulidades;;A
2018;23;4;Nulidades;;A
2018;29;000;Nulidades;1.9661;A
2018;29;0;Nulidades;;A
2018;29;1;Nulidades;1.9661;A
2018;29;2;Nulidades;;A
2018;29;3;Nulidades;;A
2018;29;4;Nulidades;;A
2018;29;05+;Nulidades;;A
2018;41;000;Nulidades;;A
2018;41;0;Nulidades;;A
2018;41;1;Nulidades;;A
2018;41;2;Nulidades;;A
2018;41;3;Nulidades;;A
2018;41;4;Nulidades;;A
2018;41;05+;Nulidades;;A
2017;C01;000;Nulidades;18.7654;A
2017;C01;0;Nulidades;18.7654;A
2017;C01;1;Nulidades;;A
2017;C01;2;Nulidades;;A
2017;C01;3;Nulidades;;A
2017;C01;4;Nulidades;;A
2017;C01;05+;Nulidades;;A
2017;04;000;Nulidades;1.5212;A
2017;04;0;Nulidades;1.5212;A
2017;04;1;Nulidades;;A
2017;04;2;Nulidades;;A
2017;04;3;Nulidades;;A
2017;04;4;Nulidades;;A
2017;04;05+;Nulidades;;A
2017;11;000;Nulidades;;A
2017;11;0;Nulidades;;A
2017;11;1;Nulidades;;A
2017;11;2;Nulidades;;A
2017;11;3;Nulidades;;A
2017;11;4;Nulidades;;A
2017;11;05+;Nulidades;;A
2017;14;000;Nulidades;1.523;A
2017;14;0;Nulidades;1.523;A
2017;14;1;Nulidades;;A
2017;14;2;Nulidades;;A
2017;14;3;Nulidades;;A
2017;14;4;Nulidades;;A
2017;18;000;Nulidades;4.0304;A
2017;18;0;Nulidades;4.0304;A
2017;18;1;Nulidades;;A
2017;18;2;Nulidades;;A
2017;18;3;Nulidades;;A
2017;18;4;Nulidades;;A
2017;18;05+;Nulidades;;A
2017;21;000;Nulidades;;A
2017;21;0;Nulidades;;A
2017;21;1;Nulidades;;A
2017;21;2;Nulidades;;A
2017;21;3;Nulidades;;A
2017;21;4;Nulidades;;A
2017;23;000;Nulidades;4.0944;A
2017;23;0;Nulidades;4.0944;A
2017;23;1;Nulidades;;A
2017;23;2;Nulidades;;A
2017;23;3;Nulidades;;A
2017;23;4;Nulidades;;A
2017;29;000;Nulidades;4.8474;A
2017;29;0;Nulidades;4.8474;A
2017;29;1;Nulidades;;A
2017;29;2;Nulidades;;A
2017;29;3;Nulidades;;A
2017;29;4;Nulidades;;A
2017;41;000;Nulidades;2.749;A
2017;41;0;Nulidades;2.749;A
2017;41;1;Nulidades;;A
2017;41;2;Nulidades;;A
2017;41;3;Nulidades;;A
2017;41;4;Nulidades;;A
2017;41;05+;Nulidades;;A
2016;C01;000;Nulidades;13.6103;A
2016;C01;0;Nulidades;10.5888;A
2016;C01;1;Nulidades;;A
2016;C01;2;Nulidades;3.0215;A
2016;C01;3;Nulidades;;A
2016;C01;4;Nulidades;;A
2016;C01;05+;Nulidades;;A
2016;04;000;Nulidades;1.3299;A
2016;04;0;Nulidades;1.3299;A
2016;04;1;Nulidades;;A
2016;04;2;Nulidades;;A
2016;04;3;Nulidades;;A
2016;04;4;Nulidades;;A
2016;11;000;Nulidades;;A
2016;11;0;Nulidades;;A
2016;11;1;Nulidades;;A
2016;11;2;Nulidades;;A
2016;11;3;Nulidades;;A
2016;11;4;Nulidades;;A
2016;14;000;Nulidades;1.3049;A
2016;14;0;Nulidades;1.3049;A
2016;14;1;Nulidades;;A
2016;14;2;Nulidades;;A
2016;14;3;Nulidades;;A
2016;14;4;Nulidades;;A
2016;14;05+;Nulidades;;A
2016;18;000;Nulidades;1.7288;A
2016;18;0;Nulidades;1.7288;A
2016;18;1;Nulidades;;A
2016;18;2;Nulidades;;A
2016;18;3;Nulidades;;A
2016;18;4;Nulidades;;A
2016;21;000;Nulidades;3.4584;A
2016;21;0;Nulidades;1.7292;A
2016;21;1;Nulidades;;A
2016;21;2;Nulidades;1.7292;A
2016;21;3;Nulidades;;A
2016;21;4;Nulidades;;A
2016;21;05+;Nulidades;;A
2016;23;000;Nulidades;1.4948;A
2016;23;0;Nulidades;1.4948;A
2016;23;1;Nulidades;;A
2016;23;2;Nulidades;;A
2016;23;3;Nulidades;;A
2016;23;4;Nulidades;;A
2016;23;05+;Nulidades;;A
2016;29;000;Nulidades;3.0012;A
2016;29;0;Nulidades;3.0012;A
2016;29;1;Nulidades;;A
2016;29;2;Nulidades;;A
2016;29;3;Nulidades;;A
2016;29;4;Nulidades;;A
2016;29;05+;Nulidades;;A
2016;41;000;Nulidades;1.2923;A
2016;41;0;Nulidades;;A
2016;41;1;Nulidades;;A
2016;41;2;Nulidades;1.2923;A
2016;41;3;Nulidades;;A
2016;41;4;Nulidades;;A
2016;41;05+;Nulidades;;A
2015;C01;000;Nulidades;29.5612;A
2015;C01;0;Nulidades;14.9249;A
2015;C01;1;Nulidades;5.4817;A
2015;C01;2;Nulidades;7.7523;A
2015;C01;3;Nulidades;1.4023;A
2015;C01;4;Nulidades;;A
2015;C01;05+;Nulidades;;A
2015;04;000;Nulidades;3.1572;A
2015;04;0;Nulidades;3.1572;A
2015;04;1;Nulidades;;A
2015;04;2;Nulidades;;A
2015;04;3;Nulidades;;A
2015;04;4;Nulidades;;A
2015;04;05+;Nulidades;;A
2015;11;000;Nulidades;4.7814;A
2015;11;0;Nulidades;1.5938;A
2015;11;1;Nulidades;;A
2015;11;2;Nulidades;3.1876;A
2015;11;3;Nulidades;;A
2015;11;4;Nulidades;;A
2015;14;000;Nulidades;;A
2015;14;0;Nulidades;;A
2015;14;1;Nulidades;;A
2015;14;2;Nulidades;;A
2015;14;3;Nulidades;;A
2015;14;4;Nulidades;;A
2015;18;000;Nulidades;3.438;A
2015;18;0;Nulidades;1.719;A
2015;18;1;Nulidades;;A
2015;18;2;Nulidades;1.719;A
2015;18;3;Nulidades;;A
2015;18;4;Nulidades;;A
2015;18;05+;Nulidades;;A
2015;21;000;Nulidades;2.9718;A
2015;21;0;Nulidades;1.4859;A
2015;21;1;Nulidades;;A
2015;21;2;Nulidades;1.4859;A
2015;21;3;Nulidades;;A
2015;21;4;Nulidades;;A
2015;23;000;Nulidades;;A
2015;23;0;Nulidades;;A
2015;23;1;Nulidades;;A
2015;23;2;Nulidades;;A
2015;23;3;Nulidades;;A
2015;23;4;Nulidades;;A
2015;29;000;Nulidades;8.4138;A
2015;29;0;Nulidades;5.6092;A
2015;29;1;Nulidades;1.4023;A
2015;29;2;Nulidades;;A
2015;29;3;Nulidades;1.4023;A
2015;29;4;Nulidades;;A
2015;29;05+;Nulidades;;A
2015;41;000;Nulidades;6.799;A
2015;41;0;Nulidades;1.3598;A
2015;41;1;Nulidades;4.0794;A
2015;41;2;Nulidades;1.3598;A
2015;41;3;Nulidades;;A
2015;41;4;Nulidades;;A
2015;41;05+;Nulidades;;A
2014;C01;000;Nulidades;38.00724;A
2014;C01;0;Nulidades;26.18236;A
2014;C01;1;Nulidades;4.40011;A
2014;C01;2;Nulidades;7.42477;A
2014;C01;3;Nulidades;;A
2014;C01;4;Nulidades;;A
2014;C01;05+;Nulidades;;A
2014;04;000;Nulidades;;A
2014;04;0;Nulidades;;A
2014;04;1;Nulidades;;A
2014;04;2;Nulidades;;A
2014;04;3;Nulidades;;A
2014;04;4;Nulidades;;A
2014;04;05+;Nulidades;;A
2014;11;000;Nulidades;9.01698;A
2014;11;0;Nulidades;6.01132;A
2014;11;1;Nulidades;1.50283;A
2014;11;2;Nulidades;1.50283;A
2014;11;3;Nulidades;;A
2014;11;4;Nulidades;;A
2014;11;05+;Nulidades;;A
2014;14;000;Nulidades;;A
2014;14;0;Nulidades;;A
2014;14;1;Nulidades;;A
2014;14;2;Nulidades;;A
2014;14;3;Nulidades;;A
2014;14;05+;Nulidades;;A
2014;18;000;Nulidades;1.51905;A
2014;18;0;Nulidades;1.51905;A
2014;18;1;Nulidades;;A
2014;18;2;Nulidades;;A
2014;18;3;Nulidades;;A
2014;18;4;Nulidades;;A
2014;21;000;Nulidades;2.82922;A
2014;21;0;Nulidades;1.41461;A
2014;21;1;Nulidades;;A
2014;21;2;Nulidades;1.41461;A
2014;21;3;Nulidades;;A
2014;21;4;Nulidades;;A
2014;23;000;Nulidades;1.4678;A
2014;23;0;Nulidades;1.4678;A
2014;23;1;Nulidades;;A
2014;23;2;Nulidades;;A
2014;23;3;Nulidades;;A
2014;23;4;Nulidades;;A
2014;29;000;Nulidades;6.4402;A
2014;29;0;Nulidades;1.61005;A
2014;29;1;Nulidades;1.61005;A
2014;29;2;Nulidades;3.2201;A
2014;29;3;Nulidades;;A
2014;29;4;Nulidades;;A
2014;29;05+;Nulidades;;A
2014;41;000;Nulidades;16.73399;A
2014;41;0;Nulidades;14.15953;A
2014;41;1;Nulidades;1.28723;A
2014;41;2;Nulidades;1.28723;A
2014;41;3;Nulidades;;A
2014;41;4;Nulidades;;A
2014;41;05+;Nulidades;;A
2013;C01;000;Nulidades;29.96762;A
2013;C01;0;Nulidades;29.96762;A
2013;C01;1;Nulidades;;A
2013;C01;2;Nulidades;;A
2013;C01;3;Nulidades;;A
2013;C01;4;Nulidades;;A
2013;C01;05+;Nulidades;;A
2013;04;000;Nulidades;;A
2013;04;0;Nulidades;;A
2013;04;1;Nulidades;;A
2013;04;2;Nulidades;;A
2013;04;3;Nulidades;;A
2013;04;4;Nulidades;;A
2013;11;000;Nulidades;2.9301;A
2013;11;0;Nulidades;2.9301;A
2013;11;1;Nulidades;;A
2013;11;2;Nulidades;;A
2013;11;3;Nulidades;;A
2013;11;4;Nulidades;;A
2013;14;000;Nulidades;1.35646;A
2013;14;0;Nulidades;1.35646;A
2013;14;1;Nulidades;;A
2013;14;2;Nulidades;;A
2013;14;3;Nulidades;;A
2013;14;4;Nulidades;;A
2013;14;05+;Nulidades;;A
2013;18;000;Nulidades;5.45556;A
2013;18;0;Nulidades;5.45556;A
2013;18;1;Nulidades;;A
2013;18;2;Nulidades;;A
2013;18;3;Nulidades;;A
2013;18;4;Nulidades;;A
2013;18;05+;Nulidades;;A
2013;21;000;Nulidades;1.43627;A
2013;21;0;Nulidades;1.43627;A
2013;21;1;Nulidades;;A
2013;21;2;Nulidades;;A
2013;21;3;Nulidades;;A
2013;21;4;Nulidades;;A
2013;21;05+;Nulidades;;A
2013;23;000;Nulidades;1.41113;A
2013;23;0;Nulidades;1.41113;A
2013;23;1;Nulidades;;A
2013;23;2;Nulidades;;A
2013;23;3;Nulidades;;A
2013;23;4;Nulidades;;A
2013;29;000;Nulidades;1.4361;A
2013;29;0;Nulidades;1.4361;A
2013;29;1;Nulidades;;A
2013;29;2;Nulidades;;A
2013;29;3;Nulidades;;A
2013;29;4;Nulidades;;A
2013;29;05+;Nulidades;;A
2013;41;000;Nulidades;15.942;A
2013;41;0;Nulidades;15.942;A
2013;41;1;Nulidades;;A
2013;41;2;Nulidades;;A
2013;41;3;Nulidades;;A
2013;41;4;Nulidades;;A
2013;41;05+;Nulidades;;A
2012;C01;000;Nulidades;24.00002;A
2012;C01;0;Nulidades;24.00002;A
2012;C01;1;Nulidades;;A
2012;C01;2;Nulidades;;A
2012;C01;3;Nulidades;;A
2012;C01;4;Nulidades;;A
2012;C01;05+;Nulidades;;A
2012;04;000;Nulidades;3.0;A
2012;04;0;Nulidades;3.0;A
2012;04;1;Nulidades;;A
2012;04;2;Nulidades;;A
2012;04;3;Nulidades;;A
2012;04;4;Nulidades;;A
2012;11;000;Nulidades;;A
2012;11;0;Nulidades;;A
2012;11;1;Nulidades;;A
2012;11;2;Nulidades;;A
2012;11;3;Nulidades;;A
2012;11;4;Nulidades;;A
2012;11;05+;Nulidades;;A
2012;14;000;Nulidades;;A
2012;14;0;Nulidades;;A
2012;14;1;Nulidades;;A
2012;14;2;Nulidades;;A
2012;14;3;Nulidades;;A
2012;14;4;Nulidades;;A
2012;14;05+;Nulidades;;A
2012;18;000;Nulidades;;A
2012;18;0;Nulidades;;A
2012;18;1;Nulidades;;A
2012;18;2;Nulidades;;A
2012;18;3;Nulidades;;A
2012;18;4;Nulidades;;A
2012;21;000;Nulidades;;A
2012;21;0;Nulidades;;A
2012;21;1;Nulidades;;A
2012;21;2;Nulidades;;A
2012;21;3;Nulidades;;A
2012;21;4;Nulidades;;A
2012;23;000;Nulidades;;A
2012;23;0;Nulidades;;A
2012;23;1;Nulidades;;A
2012;23;2;Nulidades;;A
2012;23;3;Nulidades;;A
2012;23;4;Nulidades;;A
2012;23;05+;Nulidades;;A
2012;29;000;Nulidades;2.0;A
2012;29;0;Nulidades;2.0;A
2012;29;1;Nulidades;;A
2012;29;2;Nulidades;;A
2012;29;3;Nulidades;;A
2012;29;4;Nulidades;;A
2012;29;05+;Nulidades;;A
2012;41;000;Nulidades;19.00002;A
2012;41;0;Nulidades;19.00002;A
2012;41;1;Nulidades;;A
2012;41;2;Nulidades;;A
2012;41;3;Nulidades;;A
2012;41;4;Nulidades;;A
2012;41;05+;Nulidades;;A
2011;C01;000;Nulidades;31.0;A
2011;C01;0;Nulidades;29.0;A
2011;C01;1;Nulidades;2.0;A
2011;C01;2;Nulidades;;A
2011;C01;3;Nulidades;;A
2011;C01;4;Nulidades;;A
2011;C01;05+;Nulidades;;A
2011;04;000;Nulidades;2.0;A
2011;04;0;Nulidades;;A
2011;04;1;Nulidades;2.0;A
2011;04;2;Nulidades;;A
2011;04;3;Nulidades;;A
2011;04;4;Nulidades;;A
2011;04;05+;Nulidades;;A
2011;11;000;Nulidades;2.0;A
2011;11;0;Nulidades;2.0;A
2011;11;1;Nulidades;;A
2011;11;2;Nulidades;;A
2011;11;3;Nulidades;;A
2011;11;4;Nulidades;;A
2011;14;000;Nulidades;2.0;A
2011;14;0;Nulidades;2.0;A
2011;14;1;Nulidades;;A
2011;14;2;Nulidades;;A
2011;14;3;Nulidades;;A
2011;14;4;Nulidades;;A
2011;14;05+;Nulidades;;A
2011;18;000;Nulidades;3.0;A
2011;18;0;Nulidades;3.0;A
2011;18;1;Nulidades;;A
2011;18;2;Nulidades;;A
2011;18;3;Nulidades;;A
2011;18;4;Nulidades;;A
2011;18;05+;Nulidades;;A
2011;21;000;Nulidades;;A
2011;21;0;Nulidades;;A
2011;21;1;Nulidades;;A
2011;21;2;Nulidades;;A
2011;21;3;Nulidades;;A
2011;21;4;Nulidades;;A
2011;23;000;Nulidades;1.0;A
2011;23;0;Nulidades;1.0;A
2011;23;1;Nulidades;;A
2011;23;2;Nulidades;;A
2011;23;3;Nulidades;;A
2011;23;4;Nulidades;;A
2011;29;000;Nulidades;9.0;A
2011;29;0;Nulidades;9.0;A
2011;29;1;Nulidades;;A
2011;29;2;Nulidades;;A
2011;29;3;Nulidades;;A
2011;29;4;Nulidades;;A
2011;29;05+;Nulidades;;A
2011;41;000;Nulidades;12.0;A
2011;41;0;Nulidades;12.0;A
2011;41;1;Nulidades;;A
2011;41;2;Nulidades;;A
2011;41;3;Nulidades;;A
2011;41;4;Nulidades;;A
2011;41;05+;Nulidades;;A
2010;C01;000;Nulidades;30.0;A
2010;C01;0;Nulidades;20.0;A
2010;C01;1;Nulidades;3.0;A
2010;C01;2;Nulidades;7.0;A
2010;C01;3;Nulidades;;A
2010;C01;4;Nulidades;;A
2010;C01;05+;Nulidades;;A
2010;04;000;Nulidades;5.0;A
2010;04;0;Nulidades;5.0;A
2010;04;1;Nulidades;;A
2010;04;2;Nulidades;;A
2010;04;3;Nulidades;;A
2010;04;4;Nulidades;;A
2010;04;05+;Nulidades;;A
2010;11;000;Nulidades;4.0;A
2010;11;0;Nulidades;2.0;A
2010;11;1;Nulidades;;A
2010;11;2;Nulidades;2.0;A
2010;11;3;Nulidades;;A
2010;11;4;Nulidades;;A
2010;11;05+;Nulidades;;A
2010;14;000;Nulidades;1.0;A
2010;14;0;Nulidades;;A
2010;14;1;Nulidades;1.0;A
2010;14;2;Nulidades;;A
2010;14;3;Nulidades;;A
2010;14;4;Nulidades;;A
2010;14;05+;Nulidades;;A
2010;18;000;Nulidades;4.0;A
2010;18;0;Nulidades;2.0;A
2010;18;1;Nulidades;;A
2010;18;2;Nulidades;2.0;A
2010;18;3;Nulidades;;A
2010;18;4;Nulidades;;A
2010;18;05+;Nulidades;;A
2010;21;000;Nulidades;1.0;A
2010;21;0;Nulidades;;A
2010;21;1;Nulidades;1.0;A
2010;21;2;Nulidades;;A
2010;21;3;Nulidades;;A
2010;21;05+;Nulidades;;A
2010;23;000;Nulidades;;A
2010;23;0;Nulidades;;A
2010;23;1;Nulidades;;A
2010;23;2;Nulidades;;A
2010;23;3;Nulidades;;A
2010;23;4;Nulidades;;A
2010;23;05+;Nulidades;;A
2010;29;000;Nulidades;8.0;A
2010;29;0;Nulidades;6.0;A
2010;29;1;Nulidades;;A
2010;29;2;Nulidades;2.0;A
2010;29;3;Nulidades;;A
2010;29;4;Nulidades;;A
2010;29;05+;Nulidades;;A
2010;41;000;Nulidades;7.0;A
2010;41;0;Nulidades;5.0;A
2010;41;1;Nulidades;1.0;A
2010;41;2;Nulidades;1.0;A
2010;41;3;Nulidades;;A
2010;41;4;Nulidades;;A
2010;41;05+;Nulidades;;A
2009;C01;000;Nulidades;22.800000001;A
2009;C01;0;Nulidades;22.800000001;A
2009;C01;1;Nulidades;;A
2009;C01;2;Nulidades;;A
2009;C01;3;Nulidades;;A
2009;C01;4;Nulidades;;A
2009;C01;05+;Nulidades;;A
2009;04;000;Nulidades;;A
2009;04;0;Nulidades;;A
2009;04;1;Nulidades;;A
2009;04;2;Nulidades;;A
2009;04;3;Nulidades;;A
2009;11;000;Nulidades;1.0;A
2009;11;0;Nulidades;1.0;A
2009;11;1;Nulidades;;A
2009;11;2;Nulidades;;A
2009;11;3;Nulidades;;A
2009;11;4;Nulidades;;A
2009;11;05+;Nulidades;;A
2009;14;000;Nulidades;2.7;A
2009;14;0;Nulidades;2.7;A
2009;14;1;Nulidades;;A
2009;14;2;Nulidades;;A
2009;14;3;Nulidades;;A
2009;14;4;Nulidades;;A
2009;14;05+;Nulidades;;A
2009;18;000;Nulidades;3.200000001;A
2009;18;0;Nulidades;3.200000001;A
2009;18;1;Nulidades;;A
2009;18;2;Nulidades;;A
2009;18;3;Nulidades;;A
2009;18;4;Nulidades;;A
2009;18;05+;Nulidades;;A
2009;21;000;Nulidades;1.8;A
2009;21;0;Nulidades;1.8;A
2009;21;1;Nulidades;;A
2009;21;2;Nulidades;;A
2009;21;3;Nulidades;;A
2009;23;000;Nulidades;2.0;A
2009;23;0;Nulidades;2.0;A
2009;23;1;Nulidades;;A
2009;23;2;Nulidades;;A
2009;23;3;Nulidades;;A
2009;29;000;Nulidades;4.0;A
2009;29;0;Nulidades;4.0;A
2009;29;1;Nulidades;;A
2009;29;2;Nulidades;;A
2009;29;3;Nulidades;;A
2009;29;4;Nulidades;;A
2009;29;05+;Nulidades;;A
2009;41;000;Nulidades;8.1;A
2009;41;0;Nulidades;8.1;A
2009;41;1;Nulidades;;A
2009;41;2;Nulidades;;A
2009;41;3;Nulidades;;A
2009;41;4;Nulidades;;A
2008;C01;000;Nulidades;20.03268282;A
2008;C01;0;Nulidades;20.03268282;A
2008;C01;1;Nulidades;;A
2008;C01;2;Nulidades;;A
2008;C01;3;Nulidades;;A
2008;C01;4;Nulidades;;A
2008;C01;05+;Nulidades;;A
2008;04;000;Nulidades;1.82545068;A
2008;04;0;Nulidades;1.82545068;A
2008;04;1;Nulidades;;A
2008;04;2;Nulidades;;A
2008;04;3;Nulidades;;A
2008;04;4;Nulidades;;A
2008;04;05+;Nulidades;;A
2008;11;000;Nulidades;1.0;A
2008;11;0;Nulidades;1.0;A
2008;11;1;Nulidades;;A
2008;11;2;Nulidades;;A
2008;11;3;Nulidades;;A
2008;11;4;Nulidades;;A
2008;11;05+;Nulidades;;A
2008;14;000;Nulidades;1.0;A
2008;14;0;Nulidades;1.0;A
2008;14;1;Nulidades;;A
2008;14;2;Nulidades;;A
2008;14;3;Nulidades;;A
2008;14;4;Nulidades;;A
2008;14;05+;Nulidades;;A
2008;18;000;Nulidades;;A
2008;18;0;Nulidades;;A
2008;18;1;Nulidades;;A
2008;18;2;Nulidades;;A
2008;18;3;Nulidades;;A
2008;18;4;Nulidades;;A
2008;21;000;Nulidades;2.73817602;A
2008;21;0;Nulidades;2.73817602;A
2008;21;1;Nulidades;;A
2008;21;2;Nulidades;;A
2008;21;3;Nulidades;;A
2008;21;4;Nulidades;;A
2008;21;05+;Nulidades;;A
2008;23;000;Nulidades;;A
2008;23;0;Nulidades;;A
2008;23;1;Nulidades;;A
2008;23;2;Nulidades;;A
2008;23;3;Nulidades;;A
2008;23;4;Nulidades;;A
2008;23;05+;Nulidades;;A
2008;29;000;Nulidades;3.21090136;A
2008;29;0;Nulidades;3.21090136;A
2008;29;1;Nulidades;;A
2008;29;2;Nulidades;;A
2008;29;3;Nulidades;;A
2008;29;4;Nulidades;;A
2008;29;05+;Nulidades;;A
2008;41;000;Nulidades;10.25815476;A
2008;41;0;Nulidades;10.25815476;A
2008;41;1;Nulidades;;A
2008;41;2;Nulidades;;A
2008;41;3;Nulidades;;A
2008;41;4;Nulidades;;A
2008;41;05+;Nulidades;;A
2007;C01;000;Nulidades;23.25;A
2007;C01;0;Nulidades;21.25;A
2007;C01;1;Nulidades;2.0;A
2007;C01;2;Nulidades;;A
2007;C01;3;Nulidades;;A
2007;C01;4;Nulidades;;A
2007;C01;05+;Nulidades;;A
2007;04;000;Nulidades;1.9;A
2007;04;0;Nulidades;1.9;A
2007;04;1;Nulidades;;A
2007;04;2;Nulidades;;A
2007;04;3;Nulidades;;A
2007;04;4;Nulidades;;A
2007;04;05+;Nulidades;;A
2007;11;000;Nulidades;1.0;A
2007;11;0;Nulidades;1.0;A
2007;11;1;Nulidades;;A
2007;11;2;Nulidades;;A
2007;11;3;Nulidades;;A
2007;11;4;Nulidades;;A
2007;11;05+;Nulidades;;A
2007;14;000;Nulidades;3.8;A
2007;14;0;Nulidades;3.8;A
2007;14;1;Nulidades;;A
2007;14;2;Nulidades;;A
2007;14;3;Nulidades;;A
2007;14;4;Nulidades;;A
2007;14;05+;Nulidades;;A
2007;18;000;Nulidades;5.7;A
2007;18;0;Nulidades;5.7;A
2007;18;1;Nulidades;;A
2007;18;2;Nulidades;;A
2007;18;3;Nulidades;;A
2007;18;4;Nulidades;;A
2007;18;05+;Nulidades;;A
2007;21;000;Nulidades;2.85;A
2007;21;0;Nulidades;2.85;A
2007;21;1;Nulidades;;A
2007;21;2;Nulidades;;A
2007;21;3;Nulidades;;A
2007;21;4;Nulidades;;A
2007;21;05+;Nulidades;;A
2007;23;000;Nulidades;;A
2007;23;0;Nulidades;;A
2007;23;1;Nulidades;;A
2007;23;2;Nulidades;;A
2007;23;3;Nulidades;;A
2007;23;4;Nulidades;;A
2007;23;05+;Nulidades;;A
2007;29;000;Nulidades;5.0;A
2007;29;0;Nulidades;4.0;A
2007;29;1;Nulidades;1.0;A
2007;29;2;Nulidades;;A
2007;29;3;Nulidades;;A
2007;29;4;Nulidades;;A
2007;29;05+;Nulidades;;A
2007;41;000;Nulidades;3.0;A
2007;41;0;Nulidades;2.0;A
2007;41;1;Nulidades;1.0;A
2007;41;2;Nulidades;;A
2007;41;3;Nulidades;;A
2007;41;4;Nulidades;;A
2007;41;05+;Nulidades;;A
2006;C01;000;Nulidades;36.42;A
2006;C01;NC;Nulidades;36.42;A
2006;04;000;Nulidades;1.0;A
2006;04;NC;Nulidades;1.0;A
2006;11;000;Nulidades;7.44;A
2006;11;NC;Nulidades;7.44;A
2006;14;000;Nulidades;8.37;A
2006;14;NC;Nulidades;8.37;A
2006;18;000;Nulidades;1.8;A
2006;18;NC;Nulidades;1.8;A
2006;21;000;Nulidades;1.0;A
2006;21;NC;Nulidades;1.0;A
2006;23;000;Nulidades;1.0;A
2006;23;NC;Nulidades;1.0;A
2006;29;000;Nulidades;8.37;A
2006;29;NC;Nulidades;8.37;A
2006;41;000;Nulidades;7.44;A
2006;41;NC;Nulidades;7.44;A
2005;C01;000;Nulidades;37.00000001;A
2005;C01;NC;Nulidades;37.00000001;A
2005;04;000;Nulidades;7.0;A
2005;04;NC;Nulidades;7.0;A
2005;11;000;Nulidades;3.0;A
2005;11;NC;Nulidades;3.0;A
2005;14;000;Nulidades;3.0;A
2005;14;NC;Nulidades;3.0;A
2005;18;000;Nulidades;1.0;A
2005;18;NC;Nulidades;1.0;A
2005;21;000;Nulidades;1.0;A
2005;21;NC;Nulidades;1.0;A
2005;23;000;Nulidades;1.0;A
2005;23;NC;Nulidades;1.0;A
2005;29;000;Nulidades;13.00000001;A
2005;29;NC;Nulidades;13.00000001;A
2005;41;000;Nulidades;8.0;A
2005;41;NC;Nulidades;8.0;A
2004;C01;000;Nulidades;33.000001;A
2004;C01;NC;Nulidades;33.000001;A
2004;04;000;Nulidades;1.0;A
2004;04;NC;Nulidades;1.0;A
2004;11;000;Nulidades;6.0;A
2004;11;NC;Nulidades;6.0;A
2004;14;000;Nulidades;2.0;A
2004;14;NC;Nulidades;2.0;A
2004;18;000;Nulidades;4.0;A
2004;18;NC;Nulidades;4.0;A
2004;21;000;Nulidades;;A
2004;21;NC;Nulidades;;A
2004;23;000;Nulidades;2.0;A
2004;23;NC;Nulidades;2.0;A
2004;29;000;Nulidades;7.0;A
2004;29;NC;Nulidades;7.0;A
2004;41;000;Nulidades;11.000001;A
2004;41;NC;Nulidades;11.000001;A
2003;C01;000;Nulidades;43.0;A
2003;C01;NC;Nulidades;43.0;A
2003;04;000;Nulidades;6.0;A
2003;04;NC;Nulidades;6.0;A
2003;11;000;Nulidades;6.0;A
2003;11;NC;Nulidades;6.0;A
2003;14;000;Nulidades;5.0;A
2003;14;NC;Nulidades;5.0;A
2003;18;000;Nulidades;2.0;A
2003;18;NC;Nulidades;2.0;A
2003;21;000;Nulidades;2.0;A
2003;21;NC;Nulidades;2.0;A
2003;23;000;Nulidades;0.0;A
2003;23;NC;Nulidades;0.0;A
2003;29;000;Nulidades;16.0;A
2003;29;NC;Nulidades;16.0;A
2003;41;000;Nulidades;6.0;A
2003;41;NC;Nulidades;6.0;A
2002;C01;000;Nulidades;29.0;A
2002;C01;NC;Nulidades;29.0;A
2002;04;000;Nulidades;3.0;A
2002;04;NC;Nulidades;3.0;A
2002;11;000;Nulidades;5.0;A
2002;11;NC;Nulidades;5.0;A
2002;14;000;Nulidades;2.0;A
2002;14;NC;Nulidades;2.0;A
2002;18;000;Nulidades;1.0;A
2002;18;NC;Nulidades;1.0;A
2002;21;000;Nulidades;;A
2002;21;NC;Nulidades;;A
2002;23;000;Nulidades;1.0;A
2002;23;NC;Nulidades;1.0;A
2002;29;000;Nulidades;11.0;A
2002;29;NC;Nulidades;11.0;A
2002;41;000;Nulidades;6.0;A
2002;41;NC;Nulidades;6.0;A
2001;C01;000;Nulidades;18.0;A
2001;C01;NC;Nulidades;18.0;A
2001;04;000;Nulidades;3.0;A
2001;04;NC;Nulidades;3.0;A
2001;11;000;Nulidades;4.0;A
2001;11;NC;Nulidades;4.0;A
2001;14;000;Nulidades;4.0;A
2001;14;NC;Nulidades;4.0;A
2001;18;000;Nulidades;4.0;A
2001;18;NC;Nulidades;4.0;A
2001;21;000;Nulidades;;A
2001;21;NC;Nulidades;;A
2001;23;000;Nulidades;;A
2001;23;NC;Nulidades;;A
2001;29;000;Nulidades;2.0;A
2001;29;NC;Nulidades;2.0;A
2001;41;000;Nulidades;1.0;A
2001;41;NC;Nulidades;1.0;A
2000;C01;000;Nulidades;20.0;A
2000;C01;NC;Nulidades;20.0;A
2000;04;000;Nulidades;;A
2000;04;NC;Nulidades;;A
2000;11;000;Nulidades;2.0;A
2000;11;NC;Nulidades;2.0;A
2000;14;000;Nulidades;;A
2000;14;NC;Nulidades;;A
2000;18;000;Nulidades;5.0;A
2000;18;NC;Nulidades;5.0;A
2000;21;000;Nulidades;;A
2000;21;NC;Nulidades;;A
2000;23;000;Nulidades;2.0;A
2000;23;NC;Nulidades;2.0;A
2000;29;000;Nulidades;6.0;A
2000;29;NC;Nulidades;6.0;A
2000;41;000;Nulidades;5.0;A
2000;41;NC;Nulidades;5.0;A
1999;C01;000;Nulidades;16.0;A
1999;C01;NC;Nulidades;16.0;A
1999;04;000;Nulidades;;A
1999;04;NC;Nulidades;;A
1999;11;000;Nulidades;2.0;A
1999;11;NC;Nulidades;2.0;A
1999;14;000;Nulidades;1.0;A
1999;14;NC;Nulidades;1.0;A
1999;18;000;Nulidades;1.0;A
1999;18;NC;Nulidades;1.0;A
1999;21;000;Nulidades;1.0;A
1999;21;NC;Nulidades;1.0;A
1999;23;000;Nulidades;2.0;A
1999;23;NC;Nulidades;2.0;A
1999;29;000;Nulidades;2.0;A
1999;29;NC;Nulidades;2.0;A
1999;41;000;Nulidades;7.0;A
1999;41;NC;Nulidades;7.0;A
1998;C01;000;Nulidades;18.0;A
1998;C01;NC;Nulidades;18.0;A
1998;04;000;Nulidades;;A
1998;04;NC;Nulidades;;A
1998;11;000;Nulidades;1.0;A
1998;11;NC;Nulidades;1.0;A
1998;14;000;Nulidades;;A
1998;14;NC;Nulidades;;A
1998;18;000;Nulidades;3.0;A
1998;18;NC;Nulidades;3.0;A
1998;21;000;Nulidades;1.0;A
1998;21;NC;Nulidades;1.0;A
1998;23;000;Nulidades;1.0;A
1998;23;NC;Nulidades;1.0;A
1998;29;000;Nulidades;5.0;A
1998;29;NC;Nulidades;5.0;A
1998;41;000;Nulidades;7.0;A
1998;41;NC;Nulidades;7.0;A
