TEMPORAL;OBS_STATUS;TIPOVENTAS;TIPOSERIES;TERRITORIO;INDICATOR;OBS_VALUE;FREQ
2010-01;P;04;02;;INDICE;127.761400115;M
2010-01;P;05;02;;INDICE;123.122737107;M
2010-01;P;06;02;;INDICE;130.183458507;M
2010-02;P;04;02;;INDICE;129.795855267;M
2010-02;P;05;02;;INDICE;128.58508097;M
2010-02;P;06;02;;INDICE;128.623553965;M
2010-03;P;04;02;;INDICE;127.486423561;M
2010-03;P;05;02;;INDICE;120.139655514;M
2010-03;P;06;02;;INDICE;128.528574463;M
2010-04;P;04;02;;INDICE;123.143669202;M
2010-04;P;05;02;;INDICE;120.596238074;M
2010-04;P;06;02;;INDICE;124.689641243;M
2010-05;P;04;02;;INDICE;125.319615787;M
2010-05;P;05;02;;INDICE;119.849218192;M
2010-05;P;06;02;;INDICE;125.632553177;M
2010-06;P;04;02;;INDICE;123.802388504;M
2010-06;P;05;02;;INDICE;119.854298792;M
2010-06;P;06;02;;INDICE;124.7942085;M
2010-07;P;04;02;;INDICE;122.09518631;M
2010-07;P;05;02;;INDICE;121.484768116;M
2010-07;P;06;02;;INDICE;123.076081356;M
2010-08;P;04;02;;INDICE;119.643287898;M
2010-08;P;05;02;;INDICE;118.941343076;M
2010-08;P;06;02;;INDICE;121.800632807;M
2010-09;P;04;02;;INDICE;121.299521947;M
2010-09;P;05;02;;INDICE;117.509048698;M
2010-09;P;06;02;;INDICE;120.34322613;M
2010-10;P;04;02;;INDICE;122.742389334;M
2010-10;P;05;02;;INDICE;120.549638279;M
2010-10;P;06;02;;INDICE;121.393648172;M
2010-11;P;04;02;;INDICE;120.131807557;M
2010-11;P;05;02;;INDICE;119.677636717;M
2010-11;P;06;02;;INDICE;119.798991064;M
2010-12;P;04;02;;INDICE;120.420841306;M
2010-12;P;05;02;;INDICE;118.846940542;M
2010-12;P;06;02;;INDICE;120.860154444;M
2011-01;P;04;02;;INDICE;118.83734795;M
2011-01;P;05;02;;INDICE;118.048140453;M
2011-01;P;06;02;;INDICE;117.434572216;M
2011-02;P;04;02;;INDICE;115.774579978;M
2011-02;P;05;02;;INDICE;114.851774143;M
2011-02;P;06;02;;INDICE;115.710941258;M
2011-03;P;04;02;;INDICE;115.123092576;M
2011-03;P;05;02;;INDICE;119.104768551;M
2011-03;P;06;02;;INDICE;113.038932864;M
2011-04;P;04;02;;INDICE;119.800256979;M
2011-04;P;05;02;;INDICE;124.227438859;M
2011-04;P;06;02;;INDICE;116.977436746;M
2011-05;P;04;02;;INDICE;111.113538171;M
2011-05;P;05;02;;INDICE;114.285300825;M
2011-05;P;06;02;;INDICE;111.478341048;M
2011-06;P;04;02;;INDICE;114.727602193;M
2011-06;P;05;02;;INDICE;117.521093144;M
2011-06;P;06;02;;INDICE;112.037671476;M
2011-07;P;04;02;;INDICE;113.059205026;M
2011-07;P;05;02;;INDICE;114.739181561;M
2011-07;P;06;02;;INDICE;111.875223399;M
2011-08;P;04;02;;INDICE;109.487371047;M
2011-08;P;05;02;;INDICE;112.127478878;M
2011-08;P;06;02;;INDICE;107.832512372;M
2011-09;P;04;02;;INDICE;110.773542872;M
2011-09;P;05;02;;INDICE;112.248243519;M
2011-09;P;06;02;;INDICE;110.190692348;M
2011-10;P;04;02;;INDICE;109.4839825;M
2011-10;P;05;02;;INDICE;112.848316103;M
2011-10;P;06;02;;INDICE;107.13452842;M
2011-11;P;04;02;;INDICE;107.443624506;M
2011-11;P;05;02;;INDICE;110.266536636;M
2011-11;P;06;02;;INDICE;105.130580794;M
2011-12;P;04;02;;INDICE;106.15787611;M
2011-12;P;05;02;;INDICE;108.422741921;M
2011-12;P;06;02;;INDICE;104.633962231;M
2012-01;P;04;02;;INDICE;106.48086111;M
2012-01;P;05;02;;INDICE;111.550771485;M
2012-01;P;06;02;;INDICE;104.497203065;M
2012-02;P;04;02;;INDICE;102.871672348;M
2012-02;P;05;02;;INDICE;108.670313044;M
2012-02;P;06;02;;INDICE;100.594666012;M
2012-03;P;04;02;;INDICE;104.435894651;M
2012-03;P;05;02;;INDICE;109.901738162;M
2012-03;P;06;02;;INDICE;101.602387868;M
2012-04;P;04;02;;INDICE;99.743200514;M
2012-04;P;05;02;;INDICE;109.989739894;M
2012-04;P;06;02;;INDICE;96.548484338;M
2012-05;P;04;02;;INDICE;102.530456354;M
2012-05;P;05;02;;INDICE;109.33087795;M
2012-05;P;06;02;;INDICE;98.759687025;M
2012-06;P;04;02;;INDICE;97.67452609;M
2012-06;P;05;02;;INDICE;108.658222757;M
2012-06;P;06;02;;INDICE;93.795556309;M
2012-07;P;04;02;;INDICE;98.701937944;M
2012-07;P;05;02;;INDICE;108.218145564;M
2012-07;P;06;02;;INDICE;94.133567969;M
2012-08;P;04;02;;INDICE;102.742525853;M
2012-08;P;05;02;;INDICE;110.076735963;M
2012-08;P;06;02;;INDICE;97.253740247;M
2012-09;P;04;02;;INDICE;94.53141908;M
2012-09;P;05;02;;INDICE;108.068540912;M
2012-09;P;06;02;;INDICE;89.423368742;M
2012-10;P;04;02;;INDICE;93.680786522;M
2012-10;P;05;02;;INDICE;107.187486006;M
2012-10;P;06;02;;INDICE;89.291254492;M
2012-11;P;04;02;;INDICE;92.79006641;M
2012-11;P;05;02;;INDICE;104.768610616;M
2012-11;P;06;02;;INDICE;89.265618326;M
2012-12;P;04;02;;INDICE;93.291814486;M
2012-12;P;05;02;;INDICE;103.568538361;M
2012-12;P;06;02;;INDICE;86.126219063;M
2013-01;P;04;02;;INDICE;93.655295232;M
2013-01;P;05;02;;INDICE;103.578901044;M
2013-01;P;06;02;;INDICE;87.69193033;M
2013-02;P;04;02;;INDICE;94.941412948;M
2013-02;P;05;02;;INDICE;105.327509482;M
2013-02;P;06;02;;INDICE;90.687356948;M
2013-03;P;04;02;;INDICE;92.703251312;M
2013-03;P;05;02;;INDICE;104.247033086;M
2013-03;P;06;02;;INDICE;88.05065473;M
2013-04;P;04;02;;INDICE;92.595713346;M
2013-04;P;05;02;;INDICE;103.844234946;M
2013-04;P;06;02;;INDICE;89.720477269;M
2013-05;P;04;02;;INDICE;93.321442674;M
2013-05;P;05;02;;INDICE;104.985094822;M
2013-05;P;06;02;;INDICE;87.787558892;M
2013-06;P;04;02;;INDICE;95.454318306;M
2013-06;P;05;02;;INDICE;104.184861771;M
2013-06;P;06;02;;INDICE;91.043824177;M
2013-07;P;04;02;;INDICE;93.335618726;M
2013-07;P;05;02;;INDICE;99.996530811;M
2013-07;P;06;02;;INDICE;89.16760947;M
2013-08;P;04;02;;INDICE;92.210077734;M
2013-08;P;05;02;;INDICE;100.976905389;M
2013-08;P;06;02;;INDICE;87.204658956;M
2013-09;P;04;02;;INDICE;95.37566479;M
2013-09;P;05;02;;INDICE;103.511230401;M
2013-09;P;06;02;;INDICE;91.695684053;M
2013-10;P;04;02;;INDICE;94.19049059;M
2013-10;P;05;02;;INDICE;102.280597763;M
2013-10;P;06;02;;INDICE;90.971859973;M
2013-11;P;04;02;;INDICE;93.787644657;M
2013-11;P;05;02;;INDICE;101.856416552;M
2013-11;P;06;02;;INDICE;89.89318359;M
2013-12;P;04;02;;INDICE;93.036704174;M
2013-12;P;05;02;;INDICE;102.085836609;M
2013-12;P;06;02;;INDICE;88.810622748;M
2014-01;P;04;02;;INDICE;93.362678243;M
2014-01;P;05;02;;INDICE;102.85488388;M
2014-01;P;06;02;;INDICE;88.62607304;M
2014-02;P;04;02;;INDICE;94.244785669;M
2014-02;P;05;02;;INDICE;102.998707539;M
2014-02;P;06;02;;INDICE;90.660681477;M
2014-03;P;04;02;;INDICE;93.620832598;M
2014-03;P;05;02;;INDICE;100.825026774;M
2014-03;P;06;02;;INDICE;90.635994663;M
2014-04;P;04;02;;INDICE;94.072334331;M
2014-04;P;05;02;;INDICE;101.200479015;M
2014-04;P;06;02;;INDICE;90.692710213;M
2014-05;P;04;02;;INDICE;94.662228456;M
2014-05;P;05;02;;INDICE;100.074992473;M
2014-05;P;06;02;;INDICE;91.848167945;M
2014-06;P;04;02;;INDICE;92.932997263;M
2014-06;P;05;02;;INDICE;98.86965303;M
2014-06;P;06;02;;INDICE;91.471735638;M
2014-07;P;04;02;;INDICE;93.16952213;M
2014-07;P;05;02;;INDICE;98.598894227;M
2014-07;P;06;02;;INDICE;90.149725443;M
2014-08;P;04;02;;INDICE;93.610931775;M
2014-08;P;05;02;;INDICE;99.008190564;M
2014-08;P;06;02;;INDICE;91.869271537;M
2014-09;P;04;02;;INDICE;94.017614666;M
2014-09;P;05;02;;INDICE;98.834232782;M
2014-09;P;06;02;;INDICE;92.330443303;M
2014-10;P;04;02;;INDICE;93.491202787;M
2014-10;P;05;02;;INDICE;97.487708848;M
2014-10;P;06;02;;INDICE;91.650349171;M
2014-11;P;04;02;;INDICE;96.809831585;M
2014-11;P;05;02;;INDICE;98.608365441;M
2014-11;P;06;02;;INDICE;95.311890683;M
2014-12;P;04;02;;INDICE;99.290275914;M
2014-12;P;05;02;;INDICE;102.00797104;M
2014-12;P;06;02;;INDICE;97.813616761;M
2015-01;P;04;02;;INDICE;97.104534042;M
2015-01;P;05;02;;INDICE;98.871555747;M
2015-01;P;06;02;;INDICE;96.192542451;M
2015-02;P;04;02;;INDICE;95.936057106;M
2015-02;P;05;02;;INDICE;96.701896559;M
2015-02;P;06;02;;INDICE;95.4953828;M
2015-03;P;04;02;;INDICE;98.348542989;M
2015-03;P;05;02;;INDICE;100.942408417;M
2015-03;P;06;02;;INDICE;98.575938664;M
2015-04;P;04;02;;INDICE;99.539175813;M
2015-04;P;05;02;;INDICE;99.385287506;M
2015-04;P;06;02;;INDICE;98.110265165;M
2015-05;P;04;02;;INDICE;99.913267985;M
2015-05;P;05;02;;INDICE;101.079638295;M
2015-05;P;06;02;;INDICE;99.454541387;M
2015-06;P;04;02;;INDICE;95.974210012;M
2015-06;P;05;02;;INDICE;99.031436605;M
2015-06;P;06;02;;INDICE;97.111968386;M
2015-07;P;04;02;;INDICE;101.179131425;M
2015-07;P;05;02;;INDICE;102.159111581;M
2015-07;P;06;02;;INDICE;100.524064044;M
2015-08;P;04;02;;INDICE;102.203006676;M
2015-08;P;05;02;;INDICE;101.189793928;M
2015-08;P;06;02;;INDICE;102.915457849;M
2015-09;P;04;02;;INDICE;102.759031594;M
2015-09;P;05;02;;INDICE;100.089115427;M
2015-09;P;06;02;;INDICE;102.983597885;M
2015-10;P;04;02;;INDICE;103.541329535;M
2015-10;P;05;02;;INDICE;100.138185757;M
2015-10;P;06;02;;INDICE;104.344363809;M
2015-11;P;04;02;;INDICE;100.479618135;M
2015-11;P;05;02;;INDICE;98.540896716;M
2015-11;P;06;02;;INDICE;102.35941386;M
2015-12;P;04;02;;INDICE;103.871414192;M
2015-12;P;05;02;;INDICE;101.17945564;M
2015-12;P;06;02;;INDICE;105.338092338;M
2016-01;P;04;02;;INDICE;103.028300909;M
2016-01;P;05;02;;INDICE;98.607125551;M
2016-01;P;06;02;;INDICE;105.672046139;M
2016-02;P;04;02;;INDICE;104.705299133;M
2016-02;P;05;02;;INDICE;102.174879536;M
2016-02;P;06;02;;INDICE;106.358827608;M
2016-03;P;04;02;;INDICE;104.117986434;M
2016-03;P;05;02;;INDICE;98.310949109;M
2016-03;P;06;02;;INDICE;105.323799335;M
2016-04;P;04;02;;INDICE;103.805942742;M
2016-04;P;05;02;;INDICE;99.86429197;M
2016-04;P;06;02;;INDICE;105.635125844;M
2016-05;P;04;02;;INDICE;102.960212685;M
2016-05;P;05;02;;INDICE;99.955232628;M
2016-05;P;06;02;;INDICE;105.976009942;M
2016-06;P;04;02;;INDICE;106.748422668;M
2016-06;P;05;02;;INDICE;99.606732914;M
2016-06;P;06;02;;INDICE;107.282888323;M
2016-07;P;04;02;;INDICE;104.711750163;M
2016-07;P;05;02;;INDICE;99.930947477;M
2016-07;P;06;02;;INDICE;107.539854301;M
2016-08;P;04;02;;INDICE;102.658814965;M
2016-08;P;05;02;;INDICE;99.650664123;M
2016-08;P;06;02;;INDICE;104.720403525;M
2016-09;P;04;02;;INDICE;103.293848089;M
2016-09;P;05;02;;INDICE;99.819244222;M
2016-09;P;06;02;;INDICE;105.701460124;M
2016-10;P;04;02;;INDICE;105.514681395;M
2016-10;P;05;02;;INDICE;100.678684968;M
2016-10;P;06;02;;INDICE;107.01346677;M
2016-11;P;04;02;;INDICE;104.563936961;M
2016-11;P;05;02;;INDICE;101.453841083;M
2016-11;P;06;02;;INDICE;106.350634043;M
2016-12;P;04;02;;INDICE;100.732997645;M
2016-12;P;05;02;;INDICE;98.002724743;M
2016-12;P;06;02;;INDICE;102.677711169;M
2017-01;P;04;02;;INDICE;103.053772478;M
2017-01;P;05;02;;INDICE;101.026777379;M
2017-01;P;06;02;;INDICE;104.882983711;M
2017-02;P;04;02;;INDICE;103.825999466;M
2017-02;P;05;02;;INDICE;99.171848642;M
2017-02;P;06;02;;INDICE;105.142493042;M
2017-03;P;04;02;;INDICE;103.049777742;M
2017-03;P;05;02;;INDICE;100.127281442;M
2017-03;P;06;02;;INDICE;105.357232554;M
2017-04;P;04;02;;INDICE;106.761484207;M
2017-04;P;05;02;;INDICE;100.817173251;M
2017-04;P;06;02;;INDICE;107.202618096;M
2017-05;P;04;02;;INDICE;103.596233193;M
2017-05;P;05;02;;INDICE;98.571679774;M
2017-05;P;06;02;;INDICE;106.2413774;M
2017-06;P;04;02;;INDICE;106.586435737;M
2017-06;P;05;02;;INDICE;101.310383997;M
2017-06;P;06;02;;INDICE;108.684945365;M
2017-07;P;04;02;;INDICE;106.452553648;M
2017-07;P;05;02;;INDICE;101.978964662;M
2017-07;P;06;02;;INDICE;107.680891669;M
2017-08;P;04;02;;INDICE;106.440171306;M
2017-08;P;05;02;;INDICE;101.929839598;M
2017-08;P;06;02;;INDICE;108.235431057;M
2017-09;P;04;02;;INDICE;104.445229365;M
2017-09;P;05;02;;INDICE;101.018874188;M
2017-09;P;06;02;;INDICE;106.88780905;M
2017-10;P;04;02;;INDICE;101.417105163;M
2017-10;P;05;02;;INDICE;97.616818852;M
2017-10;P;06;02;;INDICE;105.649572316;M
2017-11;P;04;02;;INDICE;106.538296447;M
2017-11;P;05;02;;INDICE;99.154003103;M
2017-11;P;06;02;;INDICE;107.759480018;M
2017-12;P;04;02;;INDICE;105.180802641;M
2017-12;P;05;02;;INDICE;100.671323858;M
2017-12;P;06;02;;INDICE;108.749150033;M
2018-01;P;04;02;;INDICE;105.856395677;M
2018-01;P;05;02;;INDICE;97.354573641;M
2018-01;P;06;02;;INDICE;108.796684608;M
2018-02;P;04;02;;INDICE;106.06841771;M
2018-02;P;05;02;;INDICE;95.908414583;M
2018-02;P;06;02;;INDICE;108.088928768;M
2018-03;P;04;02;;INDICE;103.773491616;M
2018-03;P;05;02;;INDICE;99.042507652;M
2018-03;P;06;02;;INDICE;107.258333018;M
2018-04;P;04;02;;INDICE;105.785196437;M
2018-04;P;05;02;;INDICE;98.653697032;M
2018-04;P;06;02;;INDICE;107.634534493;M
2018-05;P;04;02;;INDICE;101.826017312;M
2018-05;P;05;02;;INDICE;96.208722045;M
2018-05;P;06;02;;INDICE;105.6891962;M
2018-06;P;04;02;;INDICE;102.525833938;M
2018-06;P;05;02;;INDICE;97.935303;M
2018-06;P;06;02;;INDICE;105.443871092;M
2018-07;P;04;02;;INDICE;102.724103174;M
2018-07;P;05;02;;INDICE;96.642113045;M
2018-07;P;06;02;;INDICE;106.373208139;M
2018-08;P;04;02;;INDICE;103.9290472;M
2018-08;P;05;02;;INDICE;97.216218965;M
2018-08;P;06;02;;INDICE;106.344781468;M
2018-09;P;04;02;;INDICE;102.973094964;M
2018-09;P;05;02;;INDICE;97.475575346;M
2018-09;P;06;02;;INDICE;105.915035938;M
2018-10;P;04;02;;INDICE;103.525168544;M
2018-10;P;05;02;;INDICE;97.105892547;M
2018-10;P;06;02;;INDICE;106.750918954;M
2018-11;P;04;02;;INDICE;103.495228379;M
2018-11;P;05;02;;INDICE;96.576637526;M
2018-11;P;06;02;;INDICE;107.292652719;M
2018-12;P;04;02;;INDICE;103.851258249;M
2018-12;P;05;02;;INDICE;97.078642922;M
2018-12;P;06;02;;INDICE;105.492948733;M
2019-01;P;04;02;;INDICE;105.658169372;M
2019-01;P;05;02;;INDICE;97.510679467;M
2019-01;P;06;02;;INDICE;108.131547582;M
2019-02;P;04;02;;INDICE;105.960826091;M
2019-02;P;05;02;;INDICE;95.228082731;M
2019-02;P;06;02;;INDICE;108.394933317;M
2019-03;P;04;02;;INDICE;99.557168739;M
2019-03;P;05;02;;INDICE;93.584699763;M
2019-03;P;06;02;;INDICE;106.3173034;M
2019-04;P;04;02;;INDICE;106.642349143;M
2019-04;P;05;02;;INDICE;97.5198647;M
2019-04;P;06;02;;INDICE;106.037854162;M
2019-05;P;04;02;;INDICE;104.835645801;M
2019-05;P;05;02;;INDICE;97.996950138;M
2019-05;P;06;02;;INDICE;108.736310892;M
2019-06;P;04;02;;INDICE;104.36818558;M
2019-06;P;05;02;;INDICE;97.109389347;M
2019-06;P;06;02;;INDICE;107.648766638;M
2019-07;P;04;02;;INDICE;105.750283851;M
2019-07;P;05;02;;INDICE;98.756452592;M
2019-07;P;06;02;;INDICE;109.064551432;M
2019-08;P;04;02;;INDICE;105.279462151;M
2019-08;P;05;02;;INDICE;98.030077007;M
2019-08;P;06;02;;INDICE;109.032752543;M
2019-09;P;04;02;;INDICE;105.612050466;M
2019-09;P;05;02;;INDICE;97.53300714;M
2019-09;P;06;02;;INDICE;109.890848775;M
2019-10;P;04;02;;INDICE;105.070780614;M
2019-10;P;05;02;;INDICE;96.604215081;M
2019-10;P;06;02;;INDICE;107.982922036;M
2019-11;P;04;02;;INDICE;104.420467049;M
2019-11;P;05;02;;INDICE;98.29052568;M
2019-11;P;06;02;;INDICE;108.146281197;M
2019-12;P;04;02;;INDICE;107.12408831;M
2019-12;P;05;02;;INDICE;98.717339191;M
2019-12;P;06;02;;INDICE;112.917680055;M
2020-01;P;04;02;;INDICE;105.694279806;M
2020-01;P;05;02;;INDICE;98.768978811;M
2020-01;P;06;02;;INDICE;109.589889818;M
2020-02;P;04;02;;INDICE;105.212374049;M
2020-02;P;05;02;;INDICE;97.282602702;M
2020-02;P;06;02;;INDICE;110.19768783;M
2020-03;P;04;02;;INDICE;69.733349449;M
2020-03;P;05;02;;INDICE;119.428473948;M
2020-03;P;06;02;;INDICE;64.123017366;M
2020-04;P;04;02;;INDICE;58.802157896;M
2020-04;P;05;02;;INDICE;113.82632826;M
2020-04;P;06;02;;INDICE;39.00240523;M
2020-05;P;04;02;;INDICE;65.549133904;M
2020-05;P;05;02;;INDICE;109.741308337;M
2020-05;P;06;02;;INDICE;58.102951251;M
2020-06;P;04;02;;INDICE;107.442498702;M
2020-06;P;05;02;;INDICE;104.34604261;M
2020-06;P;06;02;;INDICE;115.683719036;M
2020-07;P;04;02;;INDICE;106.034257571;M
2020-07;P;05;02;;INDICE;101.829676118;M
2020-07;P;06;02;;INDICE;112.867097596;M
2020-08;P;04;02;;INDICE;105.355065084;M
2020-08;P;05;02;;INDICE;100.42990048;M
2020-08;P;06;02;;INDICE;111.782487613;M
2020-09;P;04;02;;INDICE;105.707497066;M
2020-09;P;05;02;;INDICE;101.152864306;M
2020-09;P;06;02;;INDICE;111.736044538;M
2020-10;P;04;02;;INDICE;109.227014281;M
2020-10;P;05;02;;INDICE;103.945090067;M
2020-10;P;06;02;;INDICE;114.854054188;M
2020-11;P;04;02;;INDICE;88.737312484;M
2020-11;P;05;02;;INDICE;100.057399423;M
2020-11;P;06;02;;INDICE;87.254464298;M
2020-12;P;04;02;;INDICE;105.62956276;M
2020-12;P;05;02;;INDICE;102.516425482;M
2020-12;P;06;02;;INDICE;111.120472083;M
2021-01;P;04;02;;INDICE;90.826039175;M
2021-01;P;05;02;;INDICE;101.780717269;M
2021-01;P;06;02;;INDICE;93.34266772;M
2021-02;P;04;02;;INDICE;102.144619069;M
2021-02;P;05;02;;INDICE;104.517758282;M
2021-02;P;06;02;;INDICE;108.311253387;M
2021-03;P;04;02;;INDICE;106.325868329;M
2021-03;P;05;02;;INDICE;104.528937444;M
2021-03;P;06;02;;INDICE;110.655150778;M
2021-04;P;04;02;;INDICE;109.238788532;M
2021-04;P;05;02;;INDICE;100.144821706;M
2021-04;P;06;02;;INDICE;107.244384712;M
2021-05;P;04;02;;INDICE;105.247082019;M
2021-05;P;05;02;;INDICE;102.557313168;M
2021-05;P;06;02;;INDICE;110.196135947;M
2021-06;P;04;02;;INDICE;104.996614862;M
2021-06;P;05;02;;INDICE;100.743059024;M
2021-06;P;06;02;;INDICE;108.773716482;M
2021-07;P;04;02;;INDICE;102.577764149;M
2021-07;P;05;02;;INDICE;101.962020902;M
2021-07;P;06;02;;INDICE;107.559584315;M
2021-08;P;04;02;;INDICE;103.36571597;M
2021-08;P;05;02;;INDICE;102.736291469;M
2021-08;P;06;02;;INDICE;107.643243782;M
2021-09;P;04;02;;INDICE;104.028382097;M
2021-09;P;05;02;;INDICE;101.948820455;M
2021-09;P;06;02;;INDICE;106.717305119;M
2021-10;P;04;02;;INDICE;101.104501717;M
2021-10;P;05;02;;INDICE;103.390522494;M
2021-10;P;06;02;;INDICE;104.22168119;M
2021-11;P;04;02;;INDICE;103.183273167;M
2021-11;P;05;02;;INDICE;105.783379249;M
2021-11;P;06;02;;INDICE;106.205884053;M
2021-12;P;04;02;;INDICE;98.964608008;M
2021-12;P;05;02;;INDICE;99.450357897;M
2021-12;P;06;02;;INDICE;102.153614062;M
2022-01;P;04;02;;INDICE;97.47065615;M
2022-01;P;05;02;;INDICE;101.633874246;M
2022-01;P;06;02;;INDICE;102.462005927;M
2022-02;P;04;02;;INDICE;111.77590276;M
2022-02;P;05;02;;INDICE;101.861141333;M
2022-02;P;06;02;;INDICE;118.343601922;M
2022-03;P;04;02;;INDICE;96.218606056;M
2022-03;P;05;02;;INDICE;106.639374837;M
2022-03;P;06;02;;INDICE;91.779823896;M
2022-04;P;04;02;;INDICE;108.753917806;M
2022-04;P;05;02;;INDICE;99.937237401;M
2022-04;P;06;02;;INDICE;103.640495195;M
2022-05;P;04;02;;INDICE;98.692674611;M
2022-05;P;05;02;;INDICE;100.414187104;M
2022-05;P;06;02;;INDICE;102.110152781;M
2022-06;P;04;02;;INDICE;100.860245105;M
2022-06;P;05;02;;INDICE;101.050495704;M
2022-06;P;06;02;;INDICE;100.955911311;M
2022-07;P;04;02;;INDICE;97.445773008;M
2022-07;P;05;02;;INDICE;99.806600739;M
2022-07;P;06;02;;INDICE;100.546108734;M
2022-08;P;04;02;;INDICE;97.752947197;M
2022-08;P;05;02;;INDICE;99.986000634;M
2022-08;P;06;02;;INDICE;97.581362492;M
2022-09;P;04;02;;INDICE;95.246322912;M
2022-09;P;05;02;;INDICE;100.017213522;M
2022-09;P;06;02;;INDICE;98.982181157;M
2010-02;P;04;02;;TASA_VARI_INTE;1.592386394;M
2010-02;P;05;02;;TASA_VARI_INTE;4.436502949;M
2010-02;P;06;02;;TASA_VARI_INTE;-1.198235598;M
2010-03;P;04;02;;TASA_VARI_INTE;-1.77928001;M
2010-03;P;05;02;;TASA_VARI_INTE;-6.567966822;M
2010-03;P;06;02;;TASA_VARI_INTE;-0.073843009;M
2010-04;P;04;02;;TASA_VARI_INTE;-3.406444574;M
2010-04;P;05;02;;TASA_VARI_INTE;0.380043174;M
2010-04;P;06;02;;TASA_VARI_INTE;-2.986832489;M
2010-05;P;04;02;;TASA_VARI_INTE;1.766998335;M
2010-05;P;05;02;;TASA_VARI_INTE;-0.619438794;M
2010-05;P;06;02;;TASA_VARI_INTE;0.756207111;M
2010-06;P;04;02;;TASA_VARI_INTE;-1.210686191;M
2010-06;P;05;02;;TASA_VARI_INTE;0.00423916;M
2010-06;P;06;02;;TASA_VARI_INTE;-0.667298926;M
2010-07;P;04;02;;TASA_VARI_INTE;-1.378973552;M
2010-07;P;05;02;;TASA_VARI_INTE;1.360376174;M
2010-07;P;06;02;;TASA_VARI_INTE;-1.376768333;M
2010-08;P;04;02;;TASA_VARI_INTE;-2.008185978;M
2010-08;P;05;02;;TASA_VARI_INTE;-2.093616409;M
2010-08;P;06;02;;TASA_VARI_INTE;-1.036309034;M
2010-09;P;04;02;;TASA_VARI_INTE;1.384310042;M
2010-09;P;05;02;;TASA_VARI_INTE;-1.204202291;M
2010-09;P;06;02;;TASA_VARI_INTE;-1.196550989;M
2010-10;P;04;02;;TASA_VARI_INTE;1.189507892;M
2010-10;P;05;02;;TASA_VARI_INTE;2.587536547;M
2010-10;P;06;02;;TASA_VARI_INTE;0.872855146;M
2010-11;P;04;02;;TASA_VARI_INTE;-2.126878735;M
2010-11;P;05;02;;TASA_VARI_INTE;-0.723354773;M
2010-11;P;06;02;;TASA_VARI_INTE;-1.313624833;M
2010-12;P;04;02;;TASA_VARI_INTE;0.240597187;M
2010-12;P;05;02;;TASA_VARI_INTE;-0.694111447;M
2010-12;P;06;02;;TASA_VARI_INTE;0.885786575;M
2011-01;P;04;02;;TASA_VARI_INTE;-1.314966196;M
2011-01;P;05;02;;TASA_VARI_INTE;-0.672125076;M
2011-01;P;06;02;;TASA_VARI_INTE;-2.834335471;M
2011-02;P;04;02;;TASA_VARI_INTE;-2.577277282;M
2011-02;P;05;02;;TASA_VARI_INTE;-2.707680356;M
2011-02;P;06;02;;TASA_VARI_INTE;-1.467737247;M
2011-03;P;04;02;;TASA_VARI_INTE;-0.562720592;M
2011-03;P;05;02;;TASA_VARI_INTE;3.703028917;M
2011-03;P;06;02;;TASA_VARI_INTE;-2.309209799;M
2011-04;P;04;02;;TASA_VARI_INTE;4.062750833;M
2011-04;P;05;02;;TASA_VARI_INTE;4.300978349;M
2011-04;P;06;02;;TASA_VARI_INTE;3.484201224;M
2011-05;P;04;02;;TASA_VARI_INTE;-7.251001815;M
2011-05;P;05;02;;TASA_VARI_INTE;-8.003173957;M
2011-05;P;06;02;;TASA_VARI_INTE;-4.700988371;M
2011-06;P;04;02;;TASA_VARI_INTE;3.252586572;M
2011-06;P;05;02;;TASA_VARI_INTE;2.831328522;M
2011-06;P;06;02;;TASA_VARI_INTE;0.501739103;M
2011-07;P;04;02;;TASA_VARI_INTE;-1.454224733;M
2011-07;P;05;02;;TASA_VARI_INTE;-2.367159383;M
2011-07;P;06;02;;TASA_VARI_INTE;-0.144994157;M
2011-08;P;04;02;;TASA_VARI_INTE;-3.159259768;M
2011-08;P;05;02;;TASA_VARI_INTE;-2.276208221;M
2011-08;P;06;02;;TASA_VARI_INTE;-3.613589233;M
2011-09;P;04;02;;TASA_VARI_INTE;1.174721626;M
2011-09;P;05;02;;TASA_VARI_INTE;0.107702984;M
2011-09;P;06;02;;TASA_VARI_INTE;2.186891434;M
2011-10;P;04;02;;TASA_VARI_INTE;-1.164141129;M
2011-10;P;05;02;;TASA_VARI_INTE;0.534594187;M
2011-10;P;06;02;;TASA_VARI_INTE;-2.773522757;M
2011-11;P;04;02;;TASA_VARI_INTE;-1.86361324;M
2011-11;P;05;02;;TASA_VARI_INTE;-2.287831627;M
2011-11;P;06;02;;TASA_VARI_INTE;-1.87049652;M
2011-12;P;04;02;;TASA_VARI_INTE;-1.196672582;M
2011-12;P;05;02;;TASA_VARI_INTE;-1.672125354;M
2011-12;P;06;02;;TASA_VARI_INTE;-0.472382592;M
2012-01;P;04;02;;TASA_VARI_INTE;0.304249681;M
2012-01;P;05;02;;TASA_VARI_INTE;2.885030861;M
2012-01;P;06;02;;TASA_VARI_INTE;-0.130702463;M
2012-02;P;04;02;;TASA_VARI_INTE;-3.389518759;M
2012-02;P;05;02;;TASA_VARI_INTE;-2.582194998;M
2012-02;P;06;02;;TASA_VARI_INTE;-3.734585174;M
2012-03;P;04;02;;TASA_VARI_INTE;1.520556891;M
2012-03;P;05;02;;TASA_VARI_INTE;1.133175274;M
2012-03;P;06;02;;TASA_VARI_INTE;1.001764702;M
2012-04;P;04;02;;TASA_VARI_INTE;-4.493372851;M
2012-04;P;05;02;;TASA_VARI_INTE;0.080073103;M
2012-04;P;06;02;;TASA_VARI_INTE;-4.974197592;M
2012-05;P;04;02;;TASA_VARI_INTE;2.794431927;M
2012-05;P;05;02;;TASA_VARI_INTE;-0.599021277;M
2012-05;P;06;02;;TASA_VARI_INTE;2.290251061;M
2012-06;P;04;02;;TASA_VARI_INTE;-4.736085683;M
2012-06;P;05;02;;TASA_VARI_INTE;-0.615247225;M
2012-06;P;06;02;;TASA_VARI_INTE;-5.026474734;M
2012-07;P;04;02;;TASA_VARI_INTE;1.051872883;M
2012-07;P;05;02;;TASA_VARI_INTE;-0.405010483;M
2012-07;P;06;02;;TASA_VARI_INTE;0.360370655;M
2012-08;P;04;02;;TASA_VARI_INTE;4.093727026;M
2012-08;P;05;02;;TASA_VARI_INTE;1.717448021;M
2012-08;P;06;02;;TASA_VARI_INTE;3.314622344;M
2012-09;P;04;02;;TASA_VARI_INTE;-7.991926132;M
2012-09;P;05;02;;TASA_VARI_INTE;-1.824359192;M
2012-09;P;06;02;;TASA_VARI_INTE;-8.051486231;M
2012-10;P;04;02;;TASA_VARI_INTE;-0.899841097;M
2012-10;P;05;02;;TASA_VARI_INTE;-0.815274176;M
2012-10;P;06;02;;TASA_VARI_INTE;-0.147740185;M
2012-11;P;04;02;;TASA_VARI_INTE;-0.950803409;M
2012-11;P;05;02;;TASA_VARI_INTE;-2.256677043;M
2012-11;P;06;02;;TASA_VARI_INTE;-0.028710724;M
2012-12;P;04;02;;TASA_VARI_INTE;0.540734688;M
2012-12;P;05;02;;TASA_VARI_INTE;-1.145450195;M
2012-12;P;06;02;;TASA_VARI_INTE;-3.516918744;M
2013-01;P;04;02;;TASA_VARI_INTE;0.389616976;M
2013-01;P;05;02;;TASA_VARI_INTE;0.010005628;M
2013-01;P;06;02;;TASA_VARI_INTE;1.817926393;M
2013-02;P;04;02;;TASA_VARI_INTE;1.373246128;M
2013-02;P;05;02;;TASA_VARI_INTE;1.688189796;M
2013-02;P;06;02;;TASA_VARI_INTE;3.41585207;M
2013-03;P;04;02;;TASA_VARI_INTE;-2.357413447;M
2013-03;P;05;02;;TASA_VARI_INTE;-1.025825448;M
2013-03;P;06;02;;TASA_VARI_INTE;-2.907463959;M
2013-04;P;04;02;;TASA_VARI_INTE;-0.116002367;M
2013-04;P;05;02;;TASA_VARI_INTE;-0.386388109;M
2013-04;P;06;02;;TASA_VARI_INTE;1.896433984;M
2013-05;P;04;02;;TASA_VARI_INTE;0.783761258;M
2013-05;P;05;02;;TASA_VARI_INTE;1.098626108;M
2013-05;P;06;02;;TASA_VARI_INTE;-2.154378171;M
2013-06;P;04;02;;TASA_VARI_INTE;2.285515066;M
2013-06;P;05;02;;TASA_VARI_INTE;-0.762234918;M
2013-06;P;06;02;;TASA_VARI_INTE;3.709255988;M
2013-07;P;04;02;;TASA_VARI_INTE;-2.219595318;M
2013-07;P;05;02;;TASA_VARI_INTE;-4.02009552;M
2013-07;P;06;02;;TASA_VARI_INTE;-2.060781962;M
2013-08;P;04;02;;TASA_VARI_INTE;-1.205907249;M
2013-08;P;05;02;;TASA_VARI_INTE;0.98040859;M
2013-08;P;06;02;;TASA_VARI_INTE;-2.201416553;M
2013-09;P;04;02;;TASA_VARI_INTE;3.433016362;M
2013-09;P;05;02;;TASA_VARI_INTE;2.509806577;M
2013-09;P;06;02;;TASA_VARI_INTE;5.149982984;M
2013-10;P;04;02;;TASA_VARI_INTE;-1.242637944;M
2013-10;P;05;02;;TASA_VARI_INTE;-1.18888804;M
2013-10;P;06;02;;TASA_VARI_INTE;-0.78937639;M
2013-11;P;04;02;;TASA_VARI_INTE;-0.427692787;M
2013-11;P;05;02;;TASA_VARI_INTE;-0.414723047;M
2013-11;P;06;02;;TASA_VARI_INTE;-1.185725325;M
2013-12;P;04;02;;TASA_VARI_INTE;-0.800681674;M
2013-12;P;05;02;;TASA_VARI_INTE;0.225238689;M
2013-12;P;06;02;;TASA_VARI_INTE;-1.204274673;M
2014-01;P;04;02;;TASA_VARI_INTE;0.350371471;M
2014-01;P;05;02;;TASA_VARI_INTE;0.753333955;M
2014-01;P;06;02;;TASA_VARI_INTE;-0.20780139;M
2014-02;P;04;02;;TASA_VARI_INTE;0.944818039;M
2014-02;P;05;02;;TASA_VARI_INTE;0.139831628;M
2014-02;P;06;02;;TASA_VARI_INTE;2.295722204;M
2014-03;P;04;02;;TASA_VARI_INTE;-0.662055801;M
2014-03;P;05;02;;TASA_VARI_INTE;-2.110396156;M
2014-03;P;06;02;;TASA_VARI_INTE;-0.027229901;M
2014-04;P;04;02;;TASA_VARI_INTE;0.482266308;M
2014-04;P;05;02;;TASA_VARI_INTE;0.372380007;M
2014-04;P;06;02;;TASA_VARI_INTE;0.062575084;M
2014-05;P;04;02;;TASA_VARI_INTE;0.627064407;M
2014-05;P;05;02;;TASA_VARI_INTE;-1.112135588;M
2014-05;P;06;02;;TASA_VARI_INTE;1.27403595;M
2014-06;P;04;02;;TASA_VARI_INTE;-1.826738312;M
2014-06;P;05;02;;TASA_VARI_INTE;-1.204436206;M
2014-06;P;06;02;;TASA_VARI_INTE;-0.409841934;M
2014-07;P;04;02;;TASA_VARI_INTE;0.254511179;M
2014-07;P;05;02;;TASA_VARI_INTE;-0.273854307;M
2014-07;P;06;02;;TASA_VARI_INTE;-1.445266328;M
2014-08;P;04;02;;TASA_VARI_INTE;0.473770429;M
2014-08;P;05;02;;TASA_VARI_INTE;0.415112503;M
2014-08;P;06;02;;TASA_VARI_INTE;1.907433535;M
2014-09;P;04;02;;TASA_VARI_INTE;0.434439529;M
2014-09;P;05;02;;TASA_VARI_INTE;-0.175700395;M
2014-09;P;06;02;;TASA_VARI_INTE;0.501986962;M
2014-10;P;04;02;;TASA_VARI_INTE;-0.559907716;M
2014-10;P;05;02;;TASA_VARI_INTE;-1.362406421;M
2014-10;P;06;02;;TASA_VARI_INTE;-0.736587097;M
2014-11;P;04;02;;TASA_VARI_INTE;3.549669594;M
2014-11;P;05;02;;TASA_VARI_INTE;1.149536292;M
2014-11;P;06;02;;TASA_VARI_INTE;3.99512009;M
2014-12;P;04;02;;TASA_VARI_INTE;2.562182258;M
2014-12;P;05;02;;TASA_VARI_INTE;3.44758336;M
2014-12;P;06;02;;TASA_VARI_INTE;2.624778566;M
2015-01;P;04;02;;TASA_VARI_INTE;-2.201365493;M
2015-01;P;05;02;;TASA_VARI_INTE;-3.074676676;M
2015-01;P;06;02;;TASA_VARI_INTE;-1.657309445;M
2015-02;P;04;02;;TASA_VARI_INTE;-1.203318618;M
2015-02;P;05;02;;TASA_VARI_INTE;-2.194422017;M
2015-02;P;06;02;;TASA_VARI_INTE;-0.724754366;M
2015-03;P;04;02;;TASA_VARI_INTE;2.514681087;M
2015-03;P;05;02;;TASA_VARI_INTE;4.385138254;M
2015-03;P;06;02;;TASA_VARI_INTE;3.225868909;M
2015-04;P;04;02;;TASA_VARI_INTE;1.210625788;M
2015-04;P;05;02;;TASA_VARI_INTE;-1.542583474;M
2015-04;P;06;02;;TASA_VARI_INTE;-0.472400775;M
2015-05;P;04;02;;TASA_VARI_INTE;0.37582406;M
2015-05;P;05;02;;TASA_VARI_INTE;1.704830595;M
2015-05;P;06;02;;TASA_VARI_INTE;1.370168779;M
2015-06;P;04;02;;TASA_VARI_INTE;-3.942477362;M
2015-06;P;05;02;;TASA_VARI_INTE;-2.026324712;M
2015-06;P;06;02;;TASA_VARI_INTE;-2.355420848;M
2015-07;P;04;02;;TASA_VARI_INTE;5.423250071;M
2015-07;P;05;02;;TASA_VARI_INTE;3.158264773;M
2015-07;P;06;02;;TASA_VARI_INTE;3.513568631;M
2015-08;P;04;02;;TASA_VARI_INTE;1.011943112;M
2015-08;P;05;02;;TASA_VARI_INTE;-0.948831326;M
2015-08;P;06;02;;TASA_VARI_INTE;2.378926705;M
2015-09;P;04;02;;TASA_VARI_INTE;0.544039687;M
2015-09;P;05;02;;TASA_VARI_INTE;-1.087736677;M
2015-09;P;06;02;;TASA_VARI_INTE;0.066209719;M
2015-10;P;04;02;;TASA_VARI_INTE;0.76129361;M
2015-10;P;05;02;;TASA_VARI_INTE;0.04902664;M
2015-10;P;06;02;;TASA_VARI_INTE;1.321342381;M
2015-11;P;04;02;;TASA_VARI_INTE;-2.956994481;M
2015-11;P;05;02;;TASA_VARI_INTE;-1.595084861;M
2015-11;P;06;02;;TASA_VARI_INTE;-1.90230682;M
2015-12;P;04;02;;TASA_VARI_INTE;3.375606039;M
2015-12;P;05;02;;TASA_VARI_INTE;2.677628286;M
2015-12;P;06;02;;TASA_VARI_INTE;2.910019084;M
2016-01;P;04;02;;TASA_VARI_INTE;-0.811689424;M
2016-01;P;05;02;;TASA_VARI_INTE;-2.542344265;M
2016-01;P;06;02;;TASA_VARI_INTE;0.317030424;M
2016-02;P;04;02;;TASA_VARI_INTE;1.627706377;M
2016-02;P;05;02;;TASA_VARI_INTE;3.618150275;M
2016-02;P;06;02;;TASA_VARI_INTE;0.64991783;M
2016-03;P;04;02;;TASA_VARI_INTE;-0.560919747;M
2016-03;P;05;02;;TASA_VARI_INTE;-3.781683369;M
2016-03;P;06;02;;TASA_VARI_INTE;-0.973147501;M
2016-04;P;04;02;;TASA_VARI_INTE;-0.299702004;M
2016-04;P;05;02;;TASA_VARI_INTE;1.580030378;M
2016-04;P;06;02;;TASA_VARI_INTE;0.295589896;M
2016-05;P;04;02;;TASA_VARI_INTE;-0.814722196;M
2016-05;P;05;02;;TASA_VARI_INTE;0.091064239;M
2016-05;P;06;02;;TASA_VARI_INTE;0.322699571;M
2016-06;P;04;02;;TASA_VARI_INTE;3.679295025;M
2016-06;P;05;02;;TASA_VARI_INTE;-0.348655798;M
2016-06;P;06;02;;TASA_VARI_INTE;1.233183229;M
2016-07;P;04;02;;TASA_VARI_INTE;-1.907918126;M
2016-07;P;05;02;;TASA_VARI_INTE;0.325494627;M
2016-07;P;06;02;;TASA_VARI_INTE;0.239521867;M
2016-08;P;04;02;;TASA_VARI_INTE;-1.960558576;M
2016-08;P;05;02;;TASA_VARI_INTE;-0.280477031;M
2016-08;P;06;02;;TASA_VARI_INTE;-2.621772918;M
2016-09;P;04;02;;TASA_VARI_INTE;0.618586065;M
2016-09;P;05;02;;TASA_VARI_INTE;0.169171074;M
2016-09;P;06;02;;TASA_VARI_INTE;0.936834243;M
2016-10;P;04;02;;TASA_VARI_INTE;2.150015076;M
2016-10;P;05;02;;TASA_VARI_INTE;0.860997048;M
2016-10;P;06;02;;TASA_VARI_INTE;1.241237958;M
2016-11;P;04;02;;TASA_VARI_INTE;-0.901054168;M
2016-11;P;05;02;;TASA_VARI_INTE;0.769930711;M
2016-11;P;06;02;;TASA_VARI_INTE;-0.619391883;M
2016-12;P;04;02;;TASA_VARI_INTE;-3.663729032;M
2016-12;P;05;02;;TASA_VARI_INTE;-3.401661587;M
2016-12;P;06;02;;TASA_VARI_INTE;-3.453597533;M
2017-01;P;04;02;;TASA_VARI_INTE;2.303887392;M
2017-01;P;05;02;;TASA_VARI_INTE;3.085682204;M
2017-01;P;06;02;;TASA_VARI_INTE;2.147761688;M
2017-02;P;04;02;;TASA_VARI_INTE;0.749343736;M
2017-02;P;05;02;;TASA_VARI_INTE;-1.836076321;M
2017-02;P;06;02;;TASA_VARI_INTE;0.247427487;M
2017-03;P;04;02;;TASA_VARI_INTE;-0.747617868;M
2017-03;P;05;02;;TASA_VARI_INTE;0.963411304;M
2017-03;P;06;02;;TASA_VARI_INTE;0.204236656;M
2017-04;P;04;02;;TASA_VARI_INTE;3.601857807;M
2017-04;P;05;02;;TASA_VARI_INTE;0.68901482;M
2017-04;P;06;02;;TASA_VARI_INTE;1.751550888;M
2017-05;P;04;02;;TASA_VARI_INTE;-2.964787383;M
2017-05;P;05;02;;TASA_VARI_INTE;-2.227292637;M
2017-05;P;06;02;;TASA_VARI_INTE;-0.896657855;M
2017-06;P;04;02;;TASA_VARI_INTE;2.886400839;M
2017-06;P;05;02;;TASA_VARI_INTE;2.778388508;M
2017-06;P;06;02;;TASA_VARI_INTE;2.300015328;M
2017-07;P;04;02;;TASA_VARI_INTE;-0.125608937;M
2017-07;P;05;02;;TASA_VARI_INTE;0.659933008;M
2017-07;P;06;02;;TASA_VARI_INTE;-0.923820399;M
2017-08;P;04;02;;TASA_VARI_INTE;-0.011631794;M
2017-08;P;05;02;;TASA_VARI_INTE;-0.048171762;M
2017-08;P;06;02;;TASA_VARI_INTE;0.514984023;M
2017-09;P;04;02;;TASA_VARI_INTE;-1.874237815;M
2017-09;P;05;02;;TASA_VARI_INTE;-0.893718084;M
2017-09;P;06;02;;TASA_VARI_INTE;-1.245083975;M
2017-10;P;04;02;;TASA_VARI_INTE;-2.899246065;M
2017-10;P;05;02;;TASA_VARI_INTE;-3.36774228;M
2017-10;P;06;02;;TASA_VARI_INTE;-1.158445238;M
2017-11;P;04;02;;TASA_VARI_INTE;5.049632678;M
2017-11;P;05;02;;TASA_VARI_INTE;1.574712503;M
2017-11;P;06;02;;TASA_VARI_INTE;1.997081158;M
2017-12;P;04;02;;TASA_VARI_INTE;-1.274183886;M
2017-12;P;05;02;;TASA_VARI_INTE;1.530266764;M
2017-12;P;06;02;;TASA_VARI_INTE;0.91840645;M
2018-01;P;04;02;;TASA_VARI_INTE;0.642315916;M
2018-01;P;05;02;;TASA_VARI_INTE;-3.294632563;M
2018-01;P;06;02;;TASA_VARI_INTE;0.043710296;M
2018-02;P;04;02;;TASA_VARI_INTE;0.200292134;M
2018-02;P;05;02;;TASA_VARI_INTE;-1.485455695;M
2018-02;P;06;02;;TASA_VARI_INTE;-0.650530706;M
2018-03;P;04;02;;TASA_VARI_INTE;-2.163628103;M
2018-03;P;05;02;;TASA_VARI_INTE;3.267797807;M
2018-03;P;06;02;;TASA_VARI_INTE;-0.768437396;M
2018-04;P;04;02;;TASA_VARI_INTE;1.93855366;M
2018-04;P;05;02;;TASA_VARI_INTE;-0.392569442;M
2018-04;P;06;02;;TASA_VARI_INTE;0.350743355;M
2018-05;P;04;02;;TASA_VARI_INTE;-3.742658952;M
2018-05;P;05;02;;TASA_VARI_INTE;-2.478340966;M
2018-05;P;06;02;;TASA_VARI_INTE;-1.807355141;M
2018-06;P;04;02;;TASA_VARI_INTE;0.687267012;M
2018-06;P;05;02;;TASA_VARI_INTE;1.794619988;M
2018-06;P;06;02;;TASA_VARI_INTE;-0.232119381;M
2018-07;P;04;02;;TASA_VARI_INTE;0.19338466;M
2018-07;P;05;02;;TASA_VARI_INTE;-1.320453315;M
2018-07;P;06;02;;TASA_VARI_INTE;0.881357103;M
2018-08;P;04;02;;TASA_VARI_INTE;1.172990553;M
2018-08;P;05;02;;TASA_VARI_INTE;0.594053568;M
2018-08;P;06;02;;TASA_VARI_INTE;-0.026723525;M
2018-09;P;04;02;;TASA_VARI_INTE;-0.919812373;M
2018-09;P;05;02;;TASA_VARI_INTE;0.266783036;M
2018-09;P;06;02;;TASA_VARI_INTE;-0.404105894;M
2018-10;P;04;02;;TASA_VARI_INTE;0.536133813;M
2018-10;P;05;02;;TASA_VARI_INTE;-0.379256852;M
2018-10;P;06;02;;TASA_VARI_INTE;0.789201466;M
2018-11;P;04;02;;TASA_VARI_INTE;-0.028920663;M
2018-11;P;05;02;;TASA_VARI_INTE;-0.545028739;M
2018-11;P;06;02;;TASA_VARI_INTE;0.507474568;M
2018-12;P;04;02;;TASA_VARI_INTE;0.344006072;M
2018-12;P;05;02;;TASA_VARI_INTE;0.519800035;M
2018-12;P;06;02;;TASA_VARI_INTE;-1.677378591;M
2019-01;P;04;02;;TASA_VARI_INTE;1.739902967;M
2019-01;P;05;02;;TASA_VARI_INTE;0.445037685;M
2019-01;P;06;02;;TASA_VARI_INTE;2.501208736;M
2019-02;P;04;02;;TASA_VARI_INTE;0.286448952;M
2019-02;P;05;02;;TASA_VARI_INTE;-2.340868455;M
2019-02;P;06;02;;TASA_VARI_INTE;0.243578993;M
2019-03;P;04;02;;TASA_VARI_INTE;-6.043419619;M
2019-03;P;05;02;;TASA_VARI_INTE;-1.725733545;M
2019-03;P;06;02;;TASA_VARI_INTE;-1.916722353;M
2019-04;P;04;02;;TASA_VARI_INTE;7.116695355;M
2019-04;P;05;02;;TASA_VARI_INTE;4.204923398;M
2019-04;P;06;02;;TASA_VARI_INTE;-0.26284455;M
2019-05;P;04;02;;TASA_VARI_INTE;-1.694170615;M
2019-05;P;05;02;;TASA_VARI_INTE;0.489218724;M
2019-05;P;06;02;;TASA_VARI_INTE;2.544805108;M
2019-06;P;04;02;;TASA_VARI_INTE;-0.445898165;M
2019-06;P;05;02;;TASA_VARI_INTE;-0.905702462;M
2019-06;P;06;02;;TASA_VARI_INTE;-1.000166591;M
2019-07;P;04;02;;TASA_VARI_INTE;1.324252465;M
2019-07;P;05;02;;TASA_VARI_INTE;1.696090621;M
2019-07;P;06;02;;TASA_VARI_INTE;1.315189053;M
2019-08;P;04;02;;TASA_VARI_INTE;-0.44522027;M
2019-08;P;05;02;;TASA_VARI_INTE;-0.735522152;M
2019-08;P;06;02;;TASA_VARI_INTE;-0.029156026;M
2019-09;P;04;02;;TASA_VARI_INTE;0.315909968;M
2019-09;P;05;02;;TASA_VARI_INTE;-0.50705853;M
2019-09;P;06;02;;TASA_VARI_INTE;0.787007768;M
2019-10;P;04;02;;TASA_VARI_INTE;-0.512507663;M
2019-10;P;05;02;;TASA_VARI_INTE;-0.952284858;M
2019-10;P;06;02;;TASA_VARI_INTE;-1.736201659;M
2019-11;P;04;02;;TASA_VARI_INTE;-0.618929032;M
2019-11;P;05;02;;TASA_VARI_INTE;1.745586978;M
2019-11;P;06;02;;TASA_VARI_INTE;0.151282404;M
2019-12;P;04;02;;TASA_VARI_INTE;2.589167945;M
2019-12;P;05;02;;TASA_VARI_INTE;0.434236676;M
2019-12;P;06;02;;TASA_VARI_INTE;4.411986067;M
2020-01;P;04;02;;TASA_VARI_INTE;-1.334721748;M
2020-01;P;05;02;;TASA_VARI_INTE;0.052310587;M
2020-01;P;06;02;;TASA_VARI_INTE;-2.947094056;M
2020-02;P;04;02;;TASA_VARI_INTE;-0.455943082;M
2020-02;P;05;02;;TASA_VARI_INTE;-1.504901769;M
2020-02;P;06;02;;TASA_VARI_INTE;0.554611391;M
2020-03;P;04;02;;TASA_VARI_INTE;-33.721342114;M
2020-03;P;05;02;;TASA_VARI_INTE;22.764472404;M
2020-03;P;06;02;;TASA_VARI_INTE;-41.810923052;M
2020-04;P;04;02;;TASA_VARI_INTE;-15.675701282;M
2020-04;P;05;02;;TASA_VARI_INTE;-4.690795673;M
2020-04;P;06;02;;TASA_VARI_INTE;-39.17565512;M
2020-05;P;04;02;;TASA_VARI_INTE;11.47402791;M
2020-05;P;05;02;;TASA_VARI_INTE;-3.588818145;M
2020-05;P;06;02;;TASA_VARI_INTE;48.972738754;M
2020-06;P;04;02;;TASA_VARI_INTE;63.911393335;M
2020-06;P;05;02;;TASA_VARI_INTE;-4.916349012;M
2020-06;P;06;02;;TASA_VARI_INTE;99.101278927;M
2020-07;P;04;02;;TASA_VARI_INTE;-1.310692833;M
2020-07;P;05;02;;TASA_VARI_INTE;-2.411559106;M
2020-07;P;06;02;;TASA_VARI_INTE;-2.434760451;M
2020-08;P;04;02;;TASA_VARI_INTE;-0.640540617;M
2020-08;P;05;02;;TASA_VARI_INTE;-1.374624463;M
2020-08;P;06;02;;TASA_VARI_INTE;-0.960962057;M
2020-09;P;04;02;;TASA_VARI_INTE;0.334518309;M
2020-09;P;05;02;;TASA_VARI_INTE;0.719869105;M
2020-09;P;06;02;;TASA_VARI_INTE;-0.04154772;M
2020-10;P;04;02;;TASA_VARI_INTE;3.329486851;M
2020-10;P;05;02;;TASA_VARI_INTE;2.760402072;M
2020-10;P;06;02;;TASA_VARI_INTE;2.790513717;M
2020-11;P;04;02;;TASA_VARI_INTE;-18.75882256;M
2020-11;P;05;02;;TASA_VARI_INTE;-3.7401388;M
2020-11;P;06;02;;TASA_VARI_INTE;-24.030139889;M
2020-12;P;04;02;;TASA_VARI_INTE;19.036242819;M
2020-12;P;05;02;;TASA_VARI_INTE;2.457615401;M
2020-12;P;06;02;;TASA_VARI_INTE;27.352191062;M
2021-01;P;04;02;;TASA_VARI_INTE;-14.014564861;M
2021-01;P;05;02;;TASA_VARI_INTE;-0.717649108;M
2021-01;P;06;02;;TASA_VARI_INTE;-15.998676058;M
2021-02;P;04;02;;TASA_VARI_INTE;12.46182262;M
2021-02;P;05;02;;TASA_VARI_INTE;2.68915477;M
2021-02;P;06;02;;TASA_VARI_INTE;16.03616656;M
2021-03;P;04;02;;TASA_VARI_INTE;4.093460133;M
2021-03;P;05;02;;TASA_VARI_INTE;0.010695945;M
2021-03;P;06;02;;TASA_VARI_INTE;2.164038655;M
2021-04;P;04;02;;TASA_VARI_INTE;2.739615719;M
2021-04;P;05;02;;TASA_VARI_INTE;-4.194164645;M
2021-04;P;06;02;;TASA_VARI_INTE;-3.082338275;M
2021-05;P;04;02;;TASA_VARI_INTE;-3.654110931;M
2021-05;P;05;02;;TASA_VARI_INTE;2.409002703;M
2021-05;P;06;02;;TASA_VARI_INTE;2.752359709;M
2021-06;P;04;02;;TASA_VARI_INTE;-0.237980143;M
2021-06;P;05;02;;TASA_VARI_INTE;-1.769014894;M
2021-06;P;06;02;;TASA_VARI_INTE;-1.290807026;M
2021-07;P;04;02;;TASA_VARI_INTE;-2.303741618;M
2021-07;P;05;02;;TASA_VARI_INTE;1.209971079;M
2021-07;P;06;02;;TASA_VARI_INTE;-1.116199948;M
2021-08;P;04;02;;TASA_VARI_INTE;0.768150707;M
2021-08;P;05;02;;TASA_VARI_INTE;0.759371539;M
2021-08;P;06;02;;TASA_VARI_INTE;0.077779649;M
2021-09;P;04;02;;TASA_VARI_INTE;0.641088896;M
2021-09;P;05;02;;TASA_VARI_INTE;-0.766497411;M
2021-09;P;06;02;;TASA_VARI_INTE;-0.860192085;M
2021-10;P;04;02;;TASA_VARI_INTE;-2.810656401;M
2021-10;P;05;02;;TASA_VARI_INTE;1.414142932;M
2021-10;P;06;02;;TASA_VARI_INTE;-2.338537247;M
2021-11;P;04;02;;TASA_VARI_INTE;2.056062208;M
2021-11;P;05;02;;TASA_VARI_INTE;2.314386945;M
2021-11;P;06;02;;TASA_VARI_INTE;1.903829261;M
2021-12;P;04;02;;TASA_VARI_INTE;-4.08851651;M
2021-12;P;05;02;;TASA_VARI_INTE;-5.986782987;M
2021-12;P;06;02;;TASA_VARI_INTE;-3.815485391;M
2022-01;P;04;02;;TASA_VARI_INTE;-1.50958195;M
2022-01;P;05;02;;TASA_VARI_INTE;2.195584205;M
2022-01;P;06;02;;TASA_VARI_INTE;0.301890313;M
2022-02;P;04;02;;TASA_VARI_INTE;14.676464872;M
2022-02;P;05;02;;TASA_VARI_INTE;0.223613523;M
2022-02;P;06;02;;TASA_VARI_INTE;15.499985435;M
2022-03;P;04;02;;TASA_VARI_INTE;-13.918292154;M
2022-03;P;05;02;;TASA_VARI_INTE;4.690928691;M
2022-03;P;06;02;;TASA_VARI_INTE;-22.446315301;M
2022-04;P;04;02;;TASA_VARI_INTE;13.027949857;M
2022-04;P;05;02;;TASA_VARI_INTE;-6.284861897;M
2022-04;P;06;02;;TASA_VARI_INTE;12.922961491;M
2022-05;P;04;02;;TASA_VARI_INTE;-9.251384592;M
2022-05;P;05;02;;TASA_VARI_INTE;0.477249237;M
2022-05;P;06;02;;TASA_VARI_INTE;-1.476587323;M
2022-06;P;04;02;;TASA_VARI_INTE;2.19628306;M
2022-06;P;05;02;;TASA_VARI_INTE;0.633683963;M
2022-06;P;06;02;;TASA_VARI_INTE;-1.130388545;M
2022-07;P;04;02;;TASA_VARI_INTE;-3.385349792;M
2022-07;P;05;02;;TASA_VARI_INTE;-1.230963744;M
2022-07;P;06;02;;TASA_VARI_INTE;-0.40592232;M
2022-08;P;04;02;;TASA_VARI_INTE;0.315225771;M
2022-08;P;05;02;;TASA_VARI_INTE;0.179747525;M
2022-08;P;06;02;;TASA_VARI_INTE;-2.948643442;M
2022-09;P;04;02;;TASA_VARI_INTE;-2.564244206;M
2022-09;P;05;02;;TASA_VARI_INTE;0.031217258;M
2022-09;P;06;02;;TASA_VARI_INTE;1.435539153;M
2011-01;P;04;02;;TASA_VARI_INTE_DEL_MES;-6.984936105;M
2011-01;P;05;02;;TASA_VARI_INTE_DEL_MES;-4.121575571;M
2011-01;P;06;02;;TASA_VARI_INTE_DEL_MES;-9.793015516;M
2011-02;P;04;02;;TASA_VARI_INTE_DEL_MES;-10.802560112;M
2011-02;P;05;02;;TASA_VARI_INTE_DEL_MES;-10.680326772;M
2011-02;P;06;02;;TASA_VARI_INTE_DEL_MES;-10.039073178;M
2011-03;P;04;02;;TASA_VARI_INTE_DEL_MES;-9.69776282;M
2011-03;P;05;02;;TASA_VARI_INTE_DEL_MES;-0.861403305;M
2011-03;P;06;02;;TASA_VARI_INTE_DEL_MES;-12.051515909;M
2011-04;P;04;02;;TASA_VARI_INTE_DEL_MES;-2.715050027;M
2011-04;P;05;02;;TASA_VARI_INTE_DEL_MES;3.011039849;M
2011-04;P;06;02;;TASA_VARI_INTE_DEL_MES;-6.185120448;M
2011-05;P;04;02;;TASA_VARI_INTE_DEL_MES;-11.335877091;M
2011-05;P;05;02;;TASA_VARI_INTE_DEL_MES;-4.64243109;M
2011-05;P;06;02;;TASA_VARI_INTE_DEL_MES;-11.266357144;M
2011-06;P;04;02;;TASA_VARI_INTE_DEL_MES;-7.330057538;M
2011-06;P;05;02;;TASA_VARI_INTE_DEL_MES;-1.94670168;M
2011-06;P;06;02;;TASA_VARI_INTE_DEL_MES;-10.222058521;M
2011-07;P;04;02;;TASA_VARI_INTE_DEL_MES;-7.400767841;M
2011-07;P;05;02;;TASA_VARI_INTE_DEL_MES;-5.552619197;M
2011-07;P;06;02;;TASA_VARI_INTE_DEL_MES;-9.10075933;M
2011-08;P;04;02;;TASA_VARI_INTE_DEL_MES;-8.488496956;M
2011-08;P;05;02;;TASA_VARI_INTE_DEL_MES;-5.728760095;M
2011-08;P;06;02;;TASA_VARI_INTE_DEL_MES;-11.468019593;M
2011-09;P;04;02;;TASA_VARI_INTE_DEL_MES;-8.677675646;M
2011-09;P;05;02;;TASA_VARI_INTE_DEL_MES;-4.476936234;M
2011-09;P;06;02;;TASA_VARI_INTE_DEL_MES;-8.43631512;M
2011-10;P;04;02;;TASA_VARI_INTE_DEL_MES;-10.801815824;M
2011-10;P;05;02;;TASA_VARI_INTE_DEL_MES;-6.38850708;M
2011-10;P;06;02;;TASA_VARI_INTE_DEL_MES;-11.746182743;M
2011-11;P;04;02;;TASA_VARI_INTE_DEL_MES;-10.56188474;M
2011-11;P;05;02;;TASA_VARI_INTE_DEL_MES;-7.863708157;M
2011-11;P;06;02;;TASA_VARI_INTE_DEL_MES;-12.244185147;M
2011-12;P;04;02;;TASA_VARI_INTE_DEL_MES;-11.844266359;M
2011-12;P;05;02;;TASA_VARI_INTE_DEL_MES;-8.771112301;M
2011-12;P;06;02;;TASA_VARI_INTE_DEL_MES;-13.425592816;M
2012-01;P;04;02;;TASA_VARI_INTE_DEL_MES;-10.397814369;M
2012-01;P;05;02;;TASA_VARI_INTE_DEL_MES;-5.503999421;M
2012-01;P;06;02;;TASA_VARI_INTE_DEL_MES;-11.016661368;M
2012-02;P;04;02;;TASA_VARI_INTE_DEL_MES;-11.14485376;M
2012-02;P;05;02;;TASA_VARI_INTE_DEL_MES;-5.38212069;M
2012-02;P;06;02;;TASA_VARI_INTE_DEL_MES;-13.063825324;M
2012-03;P;04;02;;TASA_VARI_INTE_DEL_MES;-9.283279041;M
2012-03;P;05;02;;TASA_VARI_INTE_DEL_MES;-7.726836214;M
2012-03;P;06;02;;TASA_VARI_INTE_DEL_MES;-10.117350461;M
2012-04;P;04;02;;TASA_VARI_INTE_DEL_MES;-16.742081336;M
2012-04;P;05;02;;TASA_VARI_INTE_DEL_MES;-11.46099372;M
2012-04;P;06;02;;TASA_VARI_INTE_DEL_MES;-17.464010989;M
2012-05;P;04;02;;TASA_VARI_INTE_DEL_MES;-7.724604902;M
2012-05;P;05;02;;TASA_VARI_INTE_DEL_MES;-4.3351357;M
2012-05;P;06;02;;TASA_VARI_INTE_DEL_MES;-11.409080817;M
2012-06;P;04;02;;TASA_VARI_INTE_DEL_MES;-14.863969766;M
2012-06;P;05;02;;TASA_VARI_INTE_DEL_MES;-7.541514591;M
2012-06;P;06;02;;TASA_VARI_INTE_DEL_MES;-16.282126295;M
2012-07;P;04;02;;TASA_VARI_INTE_DEL_MES;-12.698892655;M
2012-07;P;05;02;;TASA_VARI_INTE_DEL_MES;-5.683355858;M
2012-07;P;06;02;;TASA_VARI_INTE_DEL_MES;-15.858431287;M
2012-08;P;04;02;;TASA_VARI_INTE_DEL_MES;-6.160386472;M
2012-08;P;05;02;;TASA_VARI_INTE_DEL_MES;-1.828938753;M
2012-08;P;06;02;;TASA_VARI_INTE_DEL_MES;-9.810373414;M
2012-09;P;04;02;;TASA_VARI_INTE_DEL_MES;-14.662457633;M
2012-09;P;05;02;;TASA_VARI_INTE_DEL_MES;-3.723624064;M
2012-09;P;06;02;;TASA_VARI_INTE_DEL_MES;-18.846713061;M
2012-10;P;04;02;;TASA_VARI_INTE_DEL_MES;-14.434253867;M
2012-10;P;05;02;;TASA_VARI_INTE_DEL_MES;-5.016317738;M
2012-10;P;06;02;;TASA_VARI_INTE_DEL_MES;-16.655017007;M
2012-11;P;04;02;;TASA_VARI_INTE_DEL_MES;-13.638369111;M
2012-11;P;05;02;;TASA_VARI_INTE_DEL_MES;-4.986033105;M
2012-11;P;06;02;;TASA_VARI_INTE_DEL_MES;-15.090720843;M
2012-12;P;04;02;;TASA_VARI_INTE_DEL_MES;-12.119742873;M
2012-12;P;05;02;;TASA_VARI_INTE_DEL_MES;-4.477108284;M
2012-12;P;06;02;;TASA_VARI_INTE_DEL_MES;-17.688084035;M
2013-01;P;04;02;;TASA_VARI_INTE_DEL_MES;-12.044949434;M
2013-01;P;05;02;;TASA_VARI_INTE_DEL_MES;-7.146405476;M
2013-01;P;06;02;;TASA_VARI_INTE_DEL_MES;-16.082031138;M
2013-02;P;04;02;;TASA_VARI_INTE_DEL_MES;-7.708885468;M
2013-02;P;05;02;;TASA_VARI_INTE_DEL_MES;-3.076096377;M
2013-02;P;06;02;;TASA_VARI_INTE_DEL_MES;-9.848741943;M
2013-03;P;04;02;;TASA_VARI_INTE_DEL_MES;-11.234301558;M
2013-03;P;05;02;;TASA_VARI_INTE_DEL_MES;-5.145237164;M
2013-03;P;06;02;;TASA_VARI_INTE_DEL_MES;-13.33800654;M
2013-04;P;04;02;;TASA_VARI_INTE_DEL_MES;-7.165889135;M
2013-04;P;05;02;;TASA_VARI_INTE_DEL_MES;-5.587343832;M
2013-04;P;06;02;;TASA_VARI_INTE_DEL_MES;-7.072101769;M
2013-05;P;04;02;;TASA_VARI_INTE_DEL_MES;-8.981734801;M
2013-05;P;05;02;;TASA_VARI_INTE_DEL_MES;-3.974890908;M
2013-05;P;06;02;;TASA_VARI_INTE_DEL_MES;-11.109925986;M
2013-06;P;04;02;;TASA_VARI_INTE_DEL_MES;-2.273067373;M
2013-06;P;05;02;;TASA_VARI_INTE_DEL_MES;-4.116909767;M
2013-06;P;06;02;;TASA_VARI_INTE_DEL_MES;-2.93375533;M
2013-07;P;04;02;;TASA_VARI_INTE_DEL_MES;-5.436893469;M
2013-07;P;05;02;;TASA_VARI_INTE_DEL_MES;-7.597260802;M
2013-07;P;06;02;;TASA_VARI_INTE_DEL_MES;-5.275438514;M
2013-08;P;04;02;;TASA_VARI_INTE_DEL_MES;-10.251303471;M
2013-08;P;05;02;;TASA_VARI_INTE_DEL_MES;-8.266806328;M
2013-08;P;06;02;;TASA_VARI_INTE_DEL_MES;-10.332848141;M
2013-09;P;04;02;;TASA_VARI_INTE_DEL_MES;0.893084774;M
2013-09;P;05;02;;TASA_VARI_INTE_DEL_MES;-4.21705565;M
2013-09;P;06;02;;TASA_VARI_INTE_DEL_MES;2.541075497;M
2013-10;P;04;02;;TASA_VARI_INTE_DEL_MES;0.544086026;M
2013-10;P;05;02;;TASA_VARI_INTE_DEL_MES;-4.577855518;M
2013-10;P;06;02;;TASA_VARI_INTE_DEL_MES;1.88216135;M
2013-11;P;04;02;;TASA_VARI_INTE_DEL_MES;1.07509164;M
2013-11;P;05;02;;TASA_VARI_INTE_DEL_MES;-2.77964368;M
2013-11;P;06;02;;TASA_VARI_INTE_DEL_MES;0.703031331;M
2013-12;P;04;02;;TASA_VARI_INTE_DEL_MES;-0.273454122;M
2013-12;P;05;02;;TASA_VARI_INTE_DEL_MES;-1.431614055;M
2013-12;P;06;02;;TASA_VARI_INTE_DEL_MES;3.116825183;M
2014-01;P;04;02;;TASA_VARI_INTE_DEL_MES;-0.312440411;M
2014-01;P;05;02;;TASA_VARI_INTE_DEL_MES;-0.699000624;M
2014-01;P;06;02;;TASA_VARI_INTE_DEL_MES;1.065255042;M
2014-02;P;04;02;;TASA_VARI_INTE_DEL_MES;-0.733744377;M
2014-02;P;05;02;;TASA_VARI_INTE_DEL_MES;-2.211010167;M
2014-02;P;06;02;;TASA_VARI_INTE_DEL_MES;-0.029414763;M
2014-03;P;04;02;;TASA_VARI_INTE_DEL_MES;0.989804859;M
2014-03;P;05;02;;TASA_VARI_INTE_DEL_MES;-3.282593481;M
2014-03;P;06;02;;TASA_VARI_INTE_DEL_MES;2.936196149;M
2014-04;P;04;02;;TASA_VARI_INTE_DEL_MES;1.594696915;M
2014-04;P;05;02;;TASA_VARI_INTE_DEL_MES;-2.545886088;M
2014-04;P;06;02;;TASA_VARI_INTE_DEL_MES;1.083624355;M
2014-05;P;04;02;;TASA_VARI_INTE_DEL_MES;1.436739236;M
2014-05;P;05;02;;TASA_VARI_INTE_DEL_MES;-4.676951864;M
2014-05;P;06;02;;TASA_VARI_INTE_DEL_MES;4.625494893;M
2014-06;P;04;02;;TASA_VARI_INTE_DEL_MES;-2.641390236;M
2014-06;P;05;02;;TASA_VARI_INTE_DEL_MES;-5.101709261;M
2014-06;P;06;02;;TASA_VARI_INTE_DEL_MES;0.470006027;M
2014-07;P;04;02;;TASA_VARI_INTE_DEL_MES;-0.177956281;M
2014-07;P;05;02;;TASA_VARI_INTE_DEL_MES;-1.397685072;M
2014-07;P;06;02;;TASA_VARI_INTE_DEL_MES;1.101426828;M
2014-08;P;04;02;;TASA_VARI_INTE_DEL_MES;1.519198416;M
2014-08;P;05;02;;TASA_VARI_INTE_DEL_MES;-1.949668409;M
2014-08;P;06;02;;TASA_VARI_INTE_DEL_MES;5.349040564;M
2014-09;P;04;02;;TASA_VARI_INTE_DEL_MES;-1.423895841;M
2014-09;P;05;02;;TASA_VARI_INTE_DEL_MES;-4.51834801;M
2014-09;P;06;02;;TASA_VARI_INTE_DEL_MES;0.692245504;M
2014-10;P;04;02;;TASA_VARI_INTE_DEL_MES;-0.742418687;M
2014-10;P;05;02;;TASA_VARI_INTE_DEL_MES;-4.686019655;M
2014-10;P;06;02;;TASA_VARI_INTE_DEL_MES;0.745823157;M
2014-11;P;04;02;;TASA_VARI_INTE_DEL_MES;3.222372137;M
2014-11;P;05;02;;TASA_VARI_INTE_DEL_MES;-3.188852721;M
2014-11;P;06;02;;TASA_VARI_INTE_DEL_MES;6.027939913;M
2014-12;P;04;02;;TASA_VARI_INTE_DEL_MES;6.721617878;M
2014-12;P;05;02;;TASA_VARI_INTE_DEL_MES;-0.076274606;M
2014-12;P;06;02;;TASA_VARI_INTE_DEL_MES;10.137294092;M
2015-01;P;04;02;;TASA_VARI_INTE_DEL_MES;4.0078711;M
2015-01;P;05;02;;TASA_VARI_INTE_DEL_MES;-3.872765184;M
2015-01;P;06;02;;TASA_VARI_INTE_DEL_MES;8.537520791;M
2015-02;P;04;02;;TASA_VARI_INTE_DEL_MES;1.794551735;M
2015-02;P;05;02;;TASA_VARI_INTE_DEL_MES;-6.113485431;M
2015-02;P;06;02;;TASA_VARI_INTE_DEL_MES;5.332743196;M
2015-03;P;04;02;;TASA_VARI_INTE_DEL_MES;5.049848693;M
2015-03;P;05;02;;TASA_VARI_INTE_DEL_MES;0.116421138;M
2015-03;P;06;02;;TASA_VARI_INTE_DEL_MES;8.76025472;M
2015-04;P;04;02;;TASA_VARI_INTE_DEL_MES;5.81131692;M
2015-04;P;05;02;;TASA_VARI_INTE_DEL_MES;-1.793659009;M
2015-04;P;06;02;;TASA_VARI_INTE_DEL_MES;8.178777473;M
2015-05;P;04;02;;TASA_VARI_INTE_DEL_MES;5.547132805;M
2015-05;P;05;02;;TASA_VARI_INTE_DEL_MES;1.003892978;M
2015-05;P;06;02;;TASA_VARI_INTE_DEL_MES;8.281464522;M
2015-06;P;04;02;;TASA_VARI_INTE_DEL_MES;3.272478925;M
2015-06;P;05;02;;TASA_VARI_INTE_DEL_MES;0.163633198;M
2015-06;P;06;02;;TASA_VARI_INTE_DEL_MES;6.166093503;M
2015-07;P;04;02;;TASA_VARI_INTE_DEL_MES;8.596812683;M
2015-07;P;05;02;;TASA_VARI_INTE_DEL_MES;3.610808603;M
2015-07;P;06;02;;TASA_VARI_INTE_DEL_MES;11.507898166;M
2015-08;P;04;02;;TASA_VARI_INTE_DEL_MES;9.178495224;M
2015-08;P;05;02;;TASA_VARI_INTE_DEL_MES;2.203457463;M
2015-08;P;06;02;;TASA_VARI_INTE_DEL_MES;12.023809623;M
2015-09;P;04;02;;TASA_VARI_INTE_DEL_MES;9.297637426;M
2015-09;P;05;02;;TASA_VARI_INTE_DEL_MES;1.269684207;M
2015-09;P;06;02;;TASA_VARI_INTE_DEL_MES;11.538073685;M
2015-10;P;04;02;;TASA_VARI_INTE_DEL_MES;10.749810087;M
2015-10;P;05;02;;TASA_VARI_INTE_DEL_MES;2.718780593;M
2015-10;P;06;02;;TASA_VARI_INTE_DEL_MES;13.85048148;M
2015-11;P;04;02;;TASA_VARI_INTE_DEL_MES;3.790716799;M
2015-11;P;05;02;;TASA_VARI_INTE_DEL_MES;-0.068420894;M
2015-11;P;06;02;;TASA_VARI_INTE_DEL_MES;7.394169947;M
2015-12;P;04;02;;TASA_VARI_INTE_DEL_MES;4.613884125;M
2015-12;P;05;02;;TASA_VARI_INTE_DEL_MES;-0.812206528;M
2015-12;P;06;02;;TASA_VARI_INTE_DEL_MES;7.692666754;M
2016-01;P;04;02;;TASA_VARI_INTE_DEL_MES;6.100401928;M
2016-01;P;05;02;;TASA_VARI_INTE_DEL_MES;-0.267448199;M
2016-01;P;06;02;;TASA_VARI_INTE_DEL_MES;9.854717888;M
2016-02;P;04;02;;TASA_VARI_INTE_DEL_MES;9.140715485;M
2016-02;P;05;02;;TASA_VARI_INTE_DEL_MES;5.659643887;M
2016-02;P;06;02;;TASA_VARI_INTE_DEL_MES;11.375884875;M
2016-03;P;04;02;;TASA_VARI_INTE_DEL_MES;5.866323251;M
2016-03;P;05;02;;TASA_VARI_INTE_DEL_MES;-2.606891741;M
2016-03;P;06;02;;TASA_VARI_INTE_DEL_MES;6.845342548;M
2016-04;P;04;02;;TASA_VARI_INTE_DEL_MES;4.286520251;M
2016-04;P;05;02;;TASA_VARI_INTE_DEL_MES;0.481967176;M
2016-04;P;06;02;;TASA_VARI_INTE_DEL_MES;7.669799553;M
2016-05;P;04;02;;TASA_VARI_INTE_DEL_MES;3.049589671;M
2016-05;P;05;02;;TASA_VARI_INTE_DEL_MES;-1.112395816;M
2016-05;P;06;02;;TASA_VARI_INTE_DEL_MES;6.55723556;M
2016-06;P;04;02;;TASA_VARI_INTE_DEL_MES;11.226154041;M
2016-06;P;05;02;;TASA_VARI_INTE_DEL_MES;0.580922915;M
2016-06;P;06;02;;TASA_VARI_INTE_DEL_MES;10.473394893;M
2016-07;P;04;02;;TASA_VARI_INTE_DEL_MES;3.491449954;M
2016-07;P;05;02;;TASA_VARI_INTE_DEL_MES;-2.181072319;M
2016-07;P;06;02;;TASA_VARI_INTE_DEL_MES;6.979214702;M
2016-08;P;04;02;;TASA_VARI_INTE_DEL_MES;0.445983248;M
2016-08;P;05;02;;TASA_VARI_INTE_DEL_MES;-1.521032651;M
2016-08;P;06;02;;TASA_VARI_INTE_DEL_MES;1.753813969;M
2016-09;P;04;02;;TASA_VARI_INTE_DEL_MES;0.520456924;M
2016-09;P;05;02;;TASA_VARI_INTE_DEL_MES;-0.269630922;M
2016-09;P;06;02;;TASA_VARI_INTE_DEL_MES;2.639121467;M
2016-10;P;04;02;;TASA_VARI_INTE_DEL_MES;1.905859109;M
2016-10;P;05;02;;TASA_VARI_INTE_DEL_MES;0.539753349;M
2016-10;P;06;02;;TASA_VARI_INTE_DEL_MES;2.557975211;M
2016-11;P;04;02;;TASA_VARI_INTE_DEL_MES;4.064823197;M
2016-11;P;05;02;;TASA_VARI_INTE_DEL_MES;2.956076578;M
2016-11;P;06;02;;TASA_VARI_INTE_DEL_MES;3.899221413;M
2016-12;P;04;02;;TASA_VARI_INTE_DEL_MES;-3.021443938;M
2016-12;P;05;02;;TASA_VARI_INTE_DEL_MES;-3.139699534;M
2016-12;P;06;02;;TASA_VARI_INTE_DEL_MES;-2.525564219;M
2017-01;P;04;02;;TASA_VARI_INTE_DEL_MES;0.024722885;M
2017-01;P;05;02;;TASA_VARI_INTE_DEL_MES;2.453830607;M
2017-01;P;06;02;;TASA_VARI_INTE_DEL_MES;-0.746708763;M
2017-02;P;04;02;;TASA_VARI_INTE_DEL_MES;-0.839785259;M
2017-02;P;05;02;;TASA_VARI_INTE_DEL_MES;-2.939108818;M
2017-02;P;06;02;;TASA_VARI_INTE_DEL_MES;-1.143614116;M
2017-03;P;04;02;;TASA_VARI_INTE_DEL_MES;-1.025959806;M
2017-03;P;05;02;;TASA_VARI_INTE_DEL_MES;1.847538193;M
2017-03;P;06;02;;TASA_VARI_INTE_DEL_MES;0.03174327;M
2017-04;P;04;02;;TASA_VARI_INTE_DEL_MES;2.847179446;M
2017-04;P;05;02;;TASA_VARI_INTE_DEL_MES;0.954176174;M
2017-04;P;06;02;;TASA_VARI_INTE_DEL_MES;1.483874081;M
2017-05;P;04;02;;TASA_VARI_INTE_DEL_MES;0.61773426;M
2017-05;P;05;02;;TASA_VARI_INTE_DEL_MES;-1.384172511;M
2017-05;P;06;02;;TASA_VARI_INTE_DEL_MES;0.250403331;M
2017-06;P;04;02;;TASA_VARI_INTE_DEL_MES;-0.15174644;M
2017-06;P;05;02;;TASA_VARI_INTE_DEL_MES;1.710377435;M
2017-06;P;06;02;;TASA_VARI_INTE_DEL_MES;1.306878538;M
2017-07;P;04;02;;TASA_VARI_INTE_DEL_MES;1.66247196;M
2017-07;P;05;02;;TASA_VARI_INTE_DEL_MES;2.049432369;M
2017-07;P;06;02;;TASA_VARI_INTE_DEL_MES;0.13114893;M
2017-08;P;04;02;;TASA_VARI_INTE_DEL_MES;3.683420992;M
2017-08;P;05;02;;TASA_VARI_INTE_DEL_MES;2.287165364;M
2017-08;P;06;02;;TASA_VARI_INTE_DEL_MES;3.356583257;M
2017-09;P;04;02;;TASA_VARI_INTE_DEL_MES;1.114665876;M
2017-09;P;05;02;;TASA_VARI_INTE_DEL_MES;1.201802294;M
2017-09;P;06;02;;TASA_VARI_INTE_DEL_MES;1.122358125;M
2017-10;P;04;02;;TASA_VARI_INTE_DEL_MES;-3.883418097;M
2017-10;P;05;02;;TASA_VARI_INTE_DEL_MES;-3.041225774;M
2017-10;P;06;02;;TASA_VARI_INTE_DEL_MES;-1.274507308;M
2017-11;P;04;02;;TASA_VARI_INTE_DEL_MES;1.88818396;M
2017-11;P;05;02;;TASA_VARI_INTE_DEL_MES;-2.266881131;M
2017-11;P;06;02;;TASA_VARI_INTE_DEL_MES;1.324717983;M
2017-12;P;04;02;;TASA_VARI_INTE_DEL_MES;4.415439925;M
2017-12;P;05;02;;TASA_VARI_INTE_DEL_MES;2.722984614;M
2017-12;P;06;02;;TASA_VARI_INTE_DEL_MES;5.913103043;M
2018-01;P;04;02;;TASA_VARI_INTE_DEL_MES;2.719573609;M
2018-01;P;05;02;;TASA_VARI_INTE_DEL_MES;-3.634881596;M
2018-01;P;06;02;;TASA_VARI_INTE_DEL_MES;3.731492715;M
2018-02;P;04;02;;TASA_VARI_INTE_DEL_MES;2.159784886;M
2018-02;P;05;02;;TASA_VARI_INTE_DEL_MES;-3.290685919;M
2018-02;P;06;02;;TASA_VARI_INTE_DEL_MES;2.802326291;M
2018-03;P;04;02;;TASA_VARI_INTE_DEL_MES;0.702295424;M
2018-03;P;05;02;;TASA_VARI_INTE_DEL_MES;-1.08339483;M
2018-03;P;06;02;;TASA_VARI_INTE_DEL_MES;1.804432802;M
2018-04;P;04;02;;TASA_VARI_INTE_DEL_MES;-0.914456911;M
2018-04;P;05;02;;TASA_VARI_INTE_DEL_MES;-2.145940169;M
2018-04;P;06;02;;TASA_VARI_INTE_DEL_MES;0.402897247;M
2018-05;P;04;02;;TASA_VARI_INTE_DEL_MES;-1.708764717;M
2018-05;P;05;02;;TASA_VARI_INTE_DEL_MES;-2.397197385;M
2018-05;P;06;02;;TASA_VARI_INTE_DEL_MES;-0.519742132;M
2018-06;P;04;02;;TASA_VARI_INTE_DEL_MES;-3.809679694;M
2018-06;P;05;02;;TASA_VARI_INTE_DEL_MES;-3.331426517;M
2018-06;P;06;02;;TASA_VARI_INTE_DEL_MES;-2.982082075;M
2018-07;P;04;02;;TASA_VARI_INTE_DEL_MES;-3.502452827;M
2018-07;P;05;02;;TASA_VARI_INTE_DEL_MES;-5.233286722;M
2018-07;P;06;02;;TASA_VARI_INTE_DEL_MES;-1.214406298;M
2018-08;P;04;02;;TASA_VARI_INTE_DEL_MES;-2.359188336;M
2018-08;P;05;02;;TASA_VARI_INTE_DEL_MES;-4.624377563;M
2018-08;P;06;02;;TASA_VARI_INTE_DEL_MES;-1.746793606;M
2018-09;P;04;02;;TASA_VARI_INTE_DEL_MES;-1.409479792;M
2018-09;P;05;02;;TASA_VARI_INTE_DEL_MES;-3.507561206;M
2018-09;P;06;02;;TASA_VARI_INTE_DEL_MES;-0.910087989;M
2018-10;P;04;02;;TASA_VARI_INTE_DEL_MES;2.078607329;M
2018-10;P;05;02;;TASA_VARI_INTE_DEL_MES;-0.523399871;M
2018-10;P;06;02;;TASA_VARI_INTE_DEL_MES;1.042452529;M
2018-11;P;04;02;;TASA_VARI_INTE_DEL_MES;-2.856313804;M
2018-11;P;05;02;;TASA_VARI_INTE_DEL_MES;-2.599356049;M
2018-11;P;06;02;;TASA_VARI_INTE_DEL_MES;-0.433212279;M
2018-12;P;04;02;;TASA_VARI_INTE_DEL_MES;-1.264056138;M
2018-12;P;05;02;;TASA_VARI_INTE_DEL_MES;-3.568723246;M
2018-12;P;06;02;;TASA_VARI_INTE_DEL_MES;-2.994231494;M
2019-01;P;04;02;;TASA_VARI_INTE_DEL_MES;-0.187259639;M
2019-01;P;05;02;;TASA_VARI_INTE_DEL_MES;0.160347706;M
2019-01;P;06;02;;TASA_VARI_INTE_DEL_MES;-0.611357807;M
2019-02;P;04;02;;TASA_VARI_INTE_DEL_MES;-0.101436055;M
2019-02;P;05;02;;TASA_VARI_INTE_DEL_MES;-0.709355748;M
2019-02;P;06;02;;TASA_VARI_INTE_DEL_MES;0.283104434;M
2019-03;P;04;02;;TASA_VARI_INTE_DEL_MES;-4.063005698;M
2019-03;P;05;02;;TASA_VARI_INTE_DEL_MES;-5.510571186;M
2019-03;P;06;02;;TASA_VARI_INTE_DEL_MES;-0.877348725;M
2019-04;P;04;02;;TASA_VARI_INTE_DEL_MES;0.810276612;M
2019-04;P;05;02;;TASA_VARI_INTE_DEL_MES;-1.149305466;M
2019-04;P;06;02;;TASA_VARI_INTE_DEL_MES;-1.483427543;M
2019-05;P;04;02;;TASA_VARI_INTE_DEL_MES;2.955657668;M
2019-05;P;05;02;;TASA_VARI_INTE_DEL_MES;1.858696442;M
2019-05;P;06;02;;TASA_VARI_INTE_DEL_MES;2.883090042;M
2019-06;P;04;02;;TASA_VARI_INTE_DEL_MES;1.796963332;M
2019-06;P;05;02;;TASA_VARI_INTE_DEL_MES;-0.843325775;M
2019-06;P;06;02;;TASA_VARI_INTE_DEL_MES;2.091060887;M
2019-07;P;04;02;;TASA_VARI_INTE_DEL_MES;2.945930491;M
2019-07;P;05;02;;TASA_VARI_INTE_DEL_MES;2.187803516;M
2019-07;P;06;02;;TASA_VARI_INTE_DEL_MES;2.530095068;M
2019-08;P;04;02;;TASA_VARI_INTE_DEL_MES;1.29936239;M
2019-08;P;05;02;;TASA_VARI_INTE_DEL_MES;0.837162822;M
2019-08;P;06;02;;TASA_VARI_INTE_DEL_MES;2.527600356;M
2019-09;P;04;02;;TASA_VARI_INTE_DEL_MES;2.562762149;M
2019-09;P;05;02;;TASA_VARI_INTE_DEL_MES;0.058919164;M
2019-09;P;06;02;;TASA_VARI_INTE_DEL_MES;3.753775658;M
2019-10;P;04;02;;TASA_VARI_INTE_DEL_MES;1.49298194;M
2019-10;P;05;02;;TASA_VARI_INTE_DEL_MES;-0.516629272;M
2019-10;P;06;02;;TASA_VARI_INTE_DEL_MES;1.154091312;M
2019-11;P;04;02;;TASA_VARI_INTE_DEL_MES;0.893991622;M
2019-11;P;05;02;;TASA_VARI_INTE_DEL_MES;1.774640532;M
2019-11;P;06;02;;TASA_VARI_INTE_DEL_MES;0.79560758;M
2019-12;P;04;02;;TASA_VARI_INTE_DEL_MES;3.151459228;M
2019-12;P;05;02;;TASA_VARI_INTE_DEL_MES;1.688009041;M
2019-12;P;06;02;;TASA_VARI_INTE_DEL_MES;7.038130426;M
2020-01;P;04;02;;TASA_VARI_INTE_DEL_MES;0.03417666;M
2020-01;P;05;02;;TASA_VARI_INTE_DEL_MES;1.290422086;M
2020-01;P;06;02;;TASA_VARI_INTE_DEL_MES;1.348674155;M
2020-02;P;04;02;;TASA_VARI_INTE_DEL_MES;-0.706347874;M
2020-02;P;05;02;;TASA_VARI_INTE_DEL_MES;2.157472787;M
2020-02;P;06;02;;TASA_VARI_INTE_DEL_MES;1.663135405;M
2020-03;P;04;02;;TASA_VARI_INTE_DEL_MES;-29.95647593;M
2020-03;P;05;02;;TASA_VARI_INTE_DEL_MES;27.615383979;M
2020-03;P;06;02;;TASA_VARI_INTE_DEL_MES;-39.687129644;M
2020-04;P;04;02;;TASA_VARI_INTE_DEL_MES;-44.860406425;M
2020-04;P;05;02;;TASA_VARI_INTE_DEL_MES;16.72117123;M
2020-04;P;06;02;;TASA_VARI_INTE_DEL_MES;-63.218413332;M
2020-05;P;04;02;;TASA_VARI_INTE_DEL_MES;-37.474383447;M
2020-05;P;05;02;;TASA_VARI_INTE_DEL_MES;11.984411947;M
2020-05;P;06;02;;TASA_VARI_INTE_DEL_MES;-46.565272654;M
2020-06;P;04;02;;TASA_VARI_INTE_DEL_MES;2.945642012;M
2020-06;P;05;02;;TASA_VARI_INTE_DEL_MES;7.452063401;M
2020-06;P;06;02;;TASA_VARI_INTE_DEL_MES;7.464045013;M
2020-07;P;04;02;;TASA_VARI_INTE_DEL_MES;0.268532348;M
2020-07;P;05;02;;TASA_VARI_INTE_DEL_MES;3.111921748;M
2020-07;P;06;02;;TASA_VARI_INTE_DEL_MES;3.486509699;M
2020-08;P;04;02;;TASA_VARI_INTE_DEL_MES;0.071811663;M
2020-08;P;05;02;;TASA_VARI_INTE_DEL_MES;2.448048135;M
2020-08;P;06;02;;TASA_VARI_INTE_DEL_MES;2.521934929;M
2020-09;P;04;02;;TASA_VARI_INTE_DEL_MES;0.090374725;M
2020-09;P;05;02;;TASA_VARI_INTE_DEL_MES;3.711417572;M
2020-09;P;06;02;;TASA_VARI_INTE_DEL_MES;1.679116854;M
2020-10;P;04;02;;TASA_VARI_INTE_DEL_MES;3.955651269;M
2020-10;P;05;02;;TASA_VARI_INTE_DEL_MES;7.598917894;M
2020-10;P;06;02;;TASA_VARI_INTE_DEL_MES;6.363165603;M
2020-11;P;04;02;;TASA_VARI_INTE_DEL_MES;-15.019234263;M
2020-11;P;05;02;;TASA_VARI_INTE_DEL_MES;1.797603311;M
2020-11;P;06;02;;TASA_VARI_INTE_DEL_MES;-19.318109386;M
2020-12;P;04;02;;TASA_VARI_INTE_DEL_MES;-1.395134907;M
2020-12;P;05;02;;TASA_VARI_INTE_DEL_MES;3.848448836;M
2020-12;P;06;02;;TASA_VARI_INTE_DEL_MES;-1.591609012;M
2021-01;P;04;02;;TASA_VARI_INTE_DEL_MES;-14.067214099;M
2021-01;P;05;02;;TASA_VARI_INTE_DEL_MES;3.049275688;M
2021-01;P;06;02;;TASA_VARI_INTE_DEL_MES;-14.825475347;M
2021-02;P;04;02;;TASA_VARI_INTE_DEL_MES;-2.915773936;M
2021-02;P;05;02;;TASA_VARI_INTE_DEL_MES;7.437255356;M
2021-02;P;06;02;;TASA_VARI_INTE_DEL_MES;-1.711863906;M
2021-03;P;04;02;;TASA_VARI_INTE_DEL_MES;52.474919344;M
2021-03;P;05;02;;TASA_VARI_INTE_DEL_MES;-12.475698643;M
2021-03;P;06;02;;TASA_VARI_INTE_DEL_MES;72.566974112;M
2021-04;P;04;02;;TASA_VARI_INTE_DEL_MES;85.773434923;M
2021-04;P;05;02;;TASA_VARI_INTE_DEL_MES;-12.019632684;M
2021-04;P;06;02;;TASA_VARI_INTE_DEL_MES;174.968643804;M
2021-05;P;04;02;;TASA_VARI_INTE_DEL_MES;60.562124546;M
2021-05;P;05;02;;TASA_VARI_INTE_DEL_MES;-6.54629991;M
2021-05;P;06;02;;TASA_VARI_INTE_DEL_MES;89.656693118;M
2021-06;P;04;02;;TASA_VARI_INTE_DEL_MES;-2.276458449;M
2021-06;P;05;02;;TASA_VARI_INTE_DEL_MES;-3.452918286;M
2021-06;P;06;02;;TASA_VARI_INTE_DEL_MES;-5.973185001;M
2021-07;P;04;02;;TASA_VARI_INTE_DEL_MES;-3.259789338;M
2021-07;P;05;02;;TASA_VARI_INTE_DEL_MES;0.129966813;M
2021-07;P;06;02;;TASA_VARI_INTE_DEL_MES;-4.702445082;M
2021-08;P;04;02;;TASA_VARI_INTE_DEL_MES;-1.888233007;M
2021-08;P;05;02;;TASA_VARI_INTE_DEL_MES;2.296518246;M
2021-08;P;06;02;;TASA_VARI_INTE_DEL_MES;-3.702944817;M
2021-09;P;04;02;;TASA_VARI_INTE_DEL_MES;-1.588454003;M
2021-09;P;05;02;;TASA_VARI_INTE_DEL_MES;0.786884439;M
2021-09;P;06;02;;TASA_VARI_INTE_DEL_MES;-4.491602902;M
2021-10;P;04;02;;TASA_VARI_INTE_DEL_MES;-7.436358686;M
2021-10;P;05;02;;TASA_VARI_INTE_DEL_MES;-0.533519739;M
2021-10;P;06;02;;TASA_VARI_INTE_DEL_MES;-9.257290109;M
2021-11;P;04;02;;TASA_VARI_INTE_DEL_MES;16.279466076;M
2021-11;P;05;02;;TASA_VARI_INTE_DEL_MES;5.722695031;M
2021-11;P;06;02;;TASA_VARI_INTE_DEL_MES;21.719713607;M
2021-12;P;04;02;;TASA_VARI_INTE_DEL_MES;-6.309743766;M
2021-12;P;05;02;;TASA_VARI_INTE_DEL_MES;-2.990806176;M
2021-12;P;06;02;;TASA_VARI_INTE_DEL_MES;-8.069492373;M
2022-01;P;04;02;;TASA_VARI_INTE_DEL_MES;7.315762127;M
2022-01;P;05;02;;TASA_VARI_INTE_DEL_MES;-0.144273912;M
2022-01;P;06;02;;TASA_VARI_INTE_DEL_MES;9.769742423;M
2022-02;P;04;02;;TASA_VARI_INTE_DEL_MES;9.42906614;M
2022-02;P;05;02;;TASA_VARI_INTE_DEL_MES;-2.541785235;M
2022-02;P;06;02;;TASA_VARI_INTE_DEL_MES;9.262517256;M
2022-03;P;04;02;;TASA_VARI_INTE_DEL_MES;-9.505929678;M
2022-03;P;05;02;;TASA_VARI_INTE_DEL_MES;2.018998226;M
2022-03;P;06;02;;TASA_VARI_INTE_DEL_MES;-17.057793287;M
2022-04;P;04;02;;TASA_VARI_INTE_DEL_MES;-0.443863148;M
2022-04;P;05;02;;TASA_VARI_INTE_DEL_MES;-0.207284113;M
2022-04;P;06;02;;TASA_VARI_INTE_DEL_MES;-3.360445889;M
2022-05;P;04;02;;TASA_VARI_INTE_DEL_MES;-6.227638128;M
2022-05;P;05;02;;TASA_VARI_INTE_DEL_MES;-2.089686243;M
2022-05;P;06;02;;TASA_VARI_INTE_DEL_MES;-7.337810075;M
2022-06;P;04;02;;TASA_VARI_INTE_DEL_MES;-3.939526777;M
2022-06;P;05;02;;TASA_VARI_INTE_DEL_MES;0.305169094;M
2022-06;P;06;02;;TASA_VARI_INTE_DEL_MES;-7.187218957;M
2022-07;P;04;02;;TASA_VARI_INTE_DEL_MES;-5.003024957;M
2022-07;P;05;02;;TASA_VARI_INTE_DEL_MES;-2.113944137;M
2022-07;P;06;02;;TASA_VARI_INTE_DEL_MES;-6.520549169;M
2022-08;P;04;02;;TASA_VARI_INTE_DEL_MES;-5.430010057;M
2022-08;P;05;02;;TASA_VARI_INTE_DEL_MES;-2.677039239;M
2022-08;P;06;02;;TASA_VARI_INTE_DEL_MES;-9.347434113;M
2022-09;P;04;02;;TASA_VARI_INTE_DEL_MES;-8.44198382;M
2022-09;P;05;02;;TASA_VARI_INTE_DEL_MES;-1.894682963;M
2022-09;P;06;02;;TASA_VARI_INTE_DEL_MES;-7.248237719;M
2011-01;P;04;02;;TASA_VARI_LA_MEDI_LO_QUE_VA_ANO;-6.984936105;M
2011-01;P;05;02;;TASA_VARI_LA_MEDI_LO_QUE_VA_ANO;-4.121575571;M
2011-01;P;06;02;;TASA_VARI_LA_MEDI_LO_QUE_VA_ANO;-9.793015516;M
2011-02;P;04;02;;TASA_VARI_LA_MEDI_LO_QUE_VA_ANO;-8.908825892;M
2011-02;P;05;02;;TASA_VARI_LA_MEDI_LO_QUE_VA_ANO;-7.472117325;M
2011-02;P;06;02;;TASA_VARI_LA_MEDI_LO_QUE_VA_ANO;-9.915302817;M
2011-03;P;04;02;;TASA_VARI_LA_MEDI_LO_QUE_VA_ANO;-9.170039756;M
2011-03;P;05;02;;TASA_VARI_LA_MEDI_LO_QUE_VA_ANO;-5.336271416;M
2011-03;P;06;02;;TASA_VARI_LA_MEDI_LO_QUE_VA_ANO;-10.624156929;M
2011-04;P;04;02;;TASA_VARI_LA_MEDI_LO_QUE_VA_ANO;-7.605870316;M
2011-04;P;05;02;;TASA_VARI_LA_MEDI_LO_QUE_VA_ANO;-3.292069586;M
2011-04;P;06;02;;TASA_VARI_LA_MEDI_LO_QUE_VA_ANO;-9.543151861;M
2011-05;P;04;02;;TASA_VARI_LA_MEDI_LO_QUE_VA_ANO;-8.343735947;M
2011-05;P;05;02;;TASA_VARI_LA_MEDI_LO_QUE_VA_ANO;-3.556387142;M
2011-05;P;06;02;;TASA_VARI_LA_MEDI_LO_QUE_VA_ANO;-9.882661055;M
2011-06;P;04;02;;TASA_VARI_LA_MEDI_LO_QUE_VA_ANO;-8.178023207;M
2011-06;P;05;02;;TASA_VARI_LA_MEDI_LO_QUE_VA_ANO;-3.29287768;M
2011-06;P;06;02;;TASA_VARI_LA_MEDI_LO_QUE_VA_ANO;-9.938211881;M
2011-07;P;04;02;;TASA_VARI_LA_MEDI_LO_QUE_VA_ANO;-8.070110256;M
2011-07;P;05;02;;TASA_VARI_LA_MEDI_LO_QUE_VA_ANO;-3.614473139;M
2011-07;P;06;02;;TASA_VARI_LA_MEDI_LO_QUE_VA_ANO;-9.821817629;M
2011-08;P;04;02;;TASA_VARI_LA_MEDI_LO_QUE_VA_ANO;-8.120215125;M
2011-08;P;05;02;;TASA_VARI_LA_MEDI_LO_QUE_VA_ANO;-3.87304092;M
2011-08;P;06;02;;TASA_VARI_LA_MEDI_LO_QUE_VA_ANO;-10.020867293;M
2011-09;P;04;02;;TASA_VARI_LA_MEDI_LO_QUE_VA_ANO;-8.180571134;M
2011-09;P;05;02;;TASA_VARI_LA_MEDI_LO_QUE_VA_ANO;-3.93813982;M
2011-09;P;06;02;;TASA_VARI_LA_MEDI_LO_QUE_VA_ANO;-9.851766587;M
2011-10;P;04;02;;TASA_VARI_LA_MEDI_LO_QUE_VA_ANO;-8.43939222;M
2011-10;P;05;02;;TASA_VARI_LA_MEDI_LO_QUE_VA_ANO;-4.182137071;M
2011-10;P;06;02;;TASA_VARI_LA_MEDI_LO_QUE_VA_ANO;-10.035880289;M
2011-11;P;04;02;;TASA_VARI_LA_MEDI_LO_QUE_VA_ANO;-8.626433618;M
2011-11;P;05;02;;TASA_VARI_LA_MEDI_LO_QUE_VA_ANO;-4.513339451;M
2011-11;P;06;02;;TASA_VARI_LA_MEDI_LO_QUE_VA_ANO;-10.229144619;M
2011-12;P;04;02;;TASA_VARI_LA_MEDI_LO_QUE_VA_ANO;-8.887611196;M
2011-12;P;05;02;;TASA_VARI_LA_MEDI_LO_QUE_VA_ANO;-4.862524125;M
2011-12;P;06;02;;TASA_VARI_LA_MEDI_LO_QUE_VA_ANO;-10.48846986;M
2012-01;P;04;02;;TASA_VARI_LA_MEDI_LO_QUE_VA_ANO;-10.397814369;M
2012-01;P;05;02;;TASA_VARI_LA_MEDI_LO_QUE_VA_ANO;-5.503999421;M
2012-01;P;06;02;;TASA_VARI_LA_MEDI_LO_QUE_VA_ANO;-11.016661368;M
2012-02;P;04;02;;TASA_VARI_LA_MEDI_LO_QUE_VA_ANO;-10.766457909;M
2012-02;P;05;02;;TASA_VARI_LA_MEDI_LO_QUE_VA_ANO;-5.4438964;M
2012-02;P;06;02;;TASA_VARI_LA_MEDI_LO_QUE_VA_ANO;-12.032676065;M
2012-03;P;04;02;;TASA_VARI_LA_MEDI_LO_QUE_VA_ANO;-10.278236461;M
2012-03;P;05;02;;TASA_VARI_LA_MEDI_LO_QUE_VA_ANO;-6.216354924;M
2012-03;P;06;02;;TASA_VARI_LA_MEDI_LO_QUE_VA_ANO;-11.407268527;M
2012-04;P;04;02;;TASA_VARI_LA_MEDI_LO_QUE_VA_ANO;-11.927463504;M
2012-04;P;05;02;;TASA_VARI_LA_MEDI_LO_QUE_VA_ANO;-7.584444171;M
2012-04;P;06;02;;TASA_VARI_LA_MEDI_LO_QUE_VA_ANO;-12.936976031;M
2012-05;P;04;02;;TASA_VARI_LA_MEDI_LO_QUE_VA_ANO;-11.123200278;M
2012-05;P;05;02;;TASA_VARI_LA_MEDI_LO_QUE_VA_ANO;-6.955591945;M
2012-05;P;06;02;;TASA_VARI_LA_MEDI_LO_QUE_VA_ANO;-12.640569312;M
2012-06;P;04;02;;TASA_VARI_LA_MEDI_LO_QUE_VA_ANO;-11.740376102;M
2012-06;P;05;02;;TASA_VARI_LA_MEDI_LO_QUE_VA_ANO;-7.052844098;M
2012-06;P;06;02;;TASA_VARI_LA_MEDI_LO_QUE_VA_ANO;-13.234722069;M
2012-07;P;04;02;;TASA_VARI_LA_MEDI_LO_QUE_VA_ANO;-11.874424029;M
2012-07;P;05;02;;TASA_VARI_LA_MEDI_LO_QUE_VA_ANO;-6.861864249;M
2012-07;P;06;02;;TASA_VARI_LA_MEDI_LO_QUE_VA_ANO;-13.602296934;M
2012-08;P;04;02;;TASA_VARI_LA_MEDI_LO_QUE_VA_ANO;-11.19286909;M
2012-08;P;05;02;;TASA_VARI_LA_MEDI_LO_QUE_VA_ANO;-6.25824234;M
2012-08;P;06;02;;TASA_VARI_LA_MEDI_LO_QUE_VA_ANO;-13.151172571;M
2012-09;P;04;02;;TASA_VARI_LA_MEDI_LO_QUE_VA_ANO;-11.566486188;M
2012-09;P;05;02;;TASA_VARI_LA_MEDI_LO_QUE_VA_ANO;-5.986547244;M
2012-09;P;06;02;;TASA_VARI_LA_MEDI_LO_QUE_VA_ANO;-13.76853453;M
2012-10;P;04;02;;TASA_VARI_LA_MEDI_LO_QUE_VA_ANO;-11.842342804;M
2012-10;P;05;02;;TASA_VARI_LA_MEDI_LO_QUE_VA_ANO;-5.892160518;M
2012-10;P;06;02;;TASA_VARI_LA_MEDI_LO_QUE_VA_ANO;-14.043731604;M
2012-11;P;04;02;;TASA_VARI_LA_MEDI_LO_QUE_VA_ANO;-11.99726239;M
2012-11;P;05;02;;TASA_VARI_LA_MEDI_LO_QUE_VA_ANO;-5.813503486;M
2012-11;P;06;02;;TASA_VARI_LA_MEDI_LO_QUE_VA_ANO;-14.133304257;M
2012-12;P;04;02;;TASA_VARI_LA_MEDI_LO_QUE_VA_ANO;-12.006881003;M
2012-12;P;05;02;;TASA_VARI_LA_MEDI_LO_QUE_VA_ANO;-5.708406963;M
2012-12;P;06;02;;TASA_VARI_LA_MEDI_LO_QUE_VA_ANO;-14.412237557;M
2013-01;P;04;02;;TASA_VARI_LA_MEDI_LO_QUE_VA_ANO;-12.044949434;M
2013-01;P;05;02;;TASA_VARI_LA_MEDI_LO_QUE_VA_ANO;-7.146405476;M
2013-01;P;06;02;;TASA_VARI_LA_MEDI_LO_QUE_VA_ANO;-16.082031138;M
2013-02;P;04;02;;TASA_VARI_LA_MEDI_LO_QUE_VA_ANO;-9.914293816;M
2013-02;P;05;02;;TASA_VARI_LA_MEDI_LO_QUE_VA_ANO;-5.13787044;M
2013-02;P;06;02;;TASA_VARI_LA_MEDI_LO_QUE_VA_ANO;-13.024690798;M
2013-03;P;04;02;;TASA_VARI_LA_MEDI_LO_QUE_VA_ANO;-10.353622284;M
2013-03;P;05;02;;TASA_VARI_LA_MEDI_LO_QUE_VA_ANO;-5.140322908;M
2013-03;P;06;02;;TASA_VARI_LA_MEDI_LO_QUE_VA_ANO;-13.128486767;M
2013-04;P;04;02;;TASA_VARI_LA_MEDI_LO_QUE_VA_ANO;-9.584745892;M
2013-04;P;05;02;;TASA_VARI_LA_MEDI_LO_QUE_VA_ANO;-5.252039136;M
2013-04;P;06;02;;TASA_VARI_LA_MEDI_LO_QUE_VA_ANO;-11.678405383;M
2013-05;P;04;02;;TASA_VARI_LA_MEDI_LO_QUE_VA_ANO;-9.464940535;M
2013-05;P;05;02;;TASA_VARI_LA_MEDI_LO_QUE_VA_ANO;-4.997906086;M
2013-05;P;06;02;;TASA_VARI_LA_MEDI_LO_QUE_VA_ANO;-11.566567583;M
2013-06;P;04;02;;TASA_VARI_LA_MEDI_LO_QUE_VA_ANO;-8.320373321;M
2013-06;P;05;02;;TASA_VARI_LA_MEDI_LO_QUE_VA_ANO;-4.852446046;M
2013-06;P;06;02;;TASA_VARI_LA_MEDI_LO_QUE_VA_ANO;-10.207517286;M
2013-07;P;04;02;;TASA_VARI_LA_MEDI_LO_QUE_VA_ANO;-7.920893184;M
2013-07;P;05;02;;TASA_VARI_LA_MEDI_LO_QUE_VA_ANO;-5.240063278;M
2013-07;P;06;02;;TASA_VARI_LA_MEDI_LO_QUE_VA_ANO;-9.534589413;M
2013-08;P;04;02;;TASA_VARI_LA_MEDI_LO_QUE_VA_ANO;-8.214609815;M
2013-08;P;05;02;;TASA_VARI_LA_MEDI_LO_QUE_VA_ANO;-5.620226798;M
2013-08;P;06;02;;TASA_VARI_LA_MEDI_LO_QUE_VA_ANO;-9.633211234;M
2013-09;P;04;02;;TASA_VARI_LA_MEDI_LO_QUE_VA_ANO;-7.268197295;M
2013-09;P;05;02;;TASA_VARI_LA_MEDI_LO_QUE_VA_ANO;-5.466195273;M
2013-09;P;06;02;;TASA_VARI_LA_MEDI_LO_QUE_VA_ANO;-8.391305034;M
2013-10;P;04;02;;TASA_VARI_LA_MEDI_LO_QUE_VA_ANO;-6.53881146;M
2013-10;P;05;02;;TASA_VARI_LA_MEDI_LO_QUE_VA_ANO;-5.378970722;M
2013-10;P;06;02;;TASA_VARI_LA_MEDI_LO_QUE_VA_ANO;-7.441588934;M
2013-11;P;04;02;;TASA_VARI_LA_MEDI_LO_QUE_VA_ANO;-5.894307439;M
2013-11;P;05;02;;TASA_VARI_LA_MEDI_LO_QUE_VA_ANO;-5.151351982;M
2013-11;P;06;02;;TASA_VARI_LA_MEDI_LO_QUE_VA_ANO;-6.752564757;M
2013-12;P;04;02;;TASA_VARI_LA_MEDI_LO_QUE_VA_ANO;-5.453457876;M
2013-12;P;05;02;;TASA_VARI_LA_MEDI_LO_QUE_VA_ANO;-4.855005161;M
2013-12;P;06;02;;TASA_VARI_LA_MEDI_LO_QUE_VA_ANO;-6.007783033;M
2014-01;P;04;02;;TASA_VARI_LA_MEDI_LO_QUE_VA_ANO;-0.312440411;M
2014-01;P;05;02;;TASA_VARI_LA_MEDI_LO_QUE_VA_ANO;-0.699000624;M
2014-01;P;06;02;;TASA_VARI_LA_MEDI_LO_QUE_VA_ANO;1.065255042;M
2014-02;P;04;02;;TASA_VARI_LA_MEDI_LO_QUE_VA_ANO;-0.524528916;M
2014-02;P;05;02;;TASA_VARI_LA_MEDI_LO_QUE_VA_ANO;-1.461333379;M
2014-02;P;06;02;;TASA_VARI_LA_MEDI_LO_QUE_VA_ANO;0.508729041;M
2014-03;P;04;02;;TASA_VARI_LA_MEDI_LO_QUE_VA_ANO;-0.025475646;M
2014-03;P;05;02;;TASA_VARI_LA_MEDI_LO_QUE_VA_ANO;-2.067620699;M
2014-03;P;06;02;;TASA_VARI_LA_MEDI_LO_QUE_VA_ANO;1.310966457;M
2014-04;P;04;02;;TASA_VARI_LA_MEDI_LO_QUE_VA_ANO;0.375762038;M
2014-04;P;05;02;;TASA_VARI_LA_MEDI_LO_QUE_VA_ANO;-2.18672233;M
2014-04;P;06;02;;TASA_VARI_LA_MEDI_LO_QUE_VA_ANO;1.253695033;M
2014-05;P;04;02;;TASA_VARI_LA_MEDI_LO_QUE_VA_ANO;0.587680479;M
2014-05;P;05;02;;TASA_VARI_LA_MEDI_LO_QUE_VA_ANO;-2.687575992;M
2014-05;P;06;02;;TASA_VARI_LA_MEDI_LO_QUE_VA_ANO;1.920459521;M
2014-06;P;04;02;;TASA_VARI_LA_MEDI_LO_QUE_VA_ANO;0.03988522;M
2014-06;P;05;02;;TASA_VARI_LA_MEDI_LO_QUE_VA_ANO;-3.089251401;M
2014-06;P;06;02;;TASA_VARI_LA_MEDI_LO_QUE_VA_ANO;1.673619662;M
2014-07;P;04;02;;TASA_VARI_LA_MEDI_LO_QUE_VA_ANO;0.008891085;M
2014-07;P;05;02;;TASA_VARI_LA_MEDI_LO_QUE_VA_ANO;-2.85631404;M
2014-07;P;06;02;;TASA_VARI_LA_MEDI_LO_QUE_VA_ANO;1.591874704;M
2014-08;P;04;02;;TASA_VARI_LA_MEDI_LO_QUE_VA_ANO;0.195020954;M
2014-08;P;05;02;;TASA_VARI_LA_MEDI_LO_QUE_VA_ANO;-2.745631264;M
2014-08;P;06;02;;TASA_VARI_LA_MEDI_LO_QUE_VA_ANO;2.052464417;M
2014-09;P;04;02;;TASA_VARI_LA_MEDI_LO_QUE_VA_ANO;0.011988019;M
2014-09;P;05;02;;TASA_VARI_LA_MEDI_LO_QUE_VA_ANO;-2.942800595;M
2014-09;P;06;02;;TASA_VARI_LA_MEDI_LO_QUE_VA_ANO;1.897148756;M
2014-10;P;04;02;;TASA_VARI_LA_MEDI_LO_QUE_VA_ANO;-0.063784219;M
2014-10;P;05;02;;TASA_VARI_LA_MEDI_LO_QUE_VA_ANO;-3.115413441;M
2014-10;P;06;02;;TASA_VARI_LA_MEDI_LO_QUE_VA_ANO;1.77999473;M
2014-11;P;04;02;;TASA_VARI_LA_MEDI_LO_QUE_VA_ANO;0.234984247;M
2014-11;P;05;02;;TASA_VARI_LA_MEDI_LO_QUE_VA_ANO;-3.122005203;M
2014-11;P;06;02;;TASA_VARI_LA_MEDI_LO_QUE_VA_ANO;2.168098778;M
2014-12;P;04;02;;TASA_VARI_LA_MEDI_LO_QUE_VA_ANO;0.771611419;M
2014-12;P;05;02;;TASA_VARI_LA_MEDI_LO_QUE_VA_ANO;-2.870624977;M
2014-12;P;06;02;;TASA_VARI_LA_MEDI_LO_QUE_VA_ANO;2.827866119;M
2015-01;P;04;02;;TASA_VARI_LA_MEDI_LO_QUE_VA_ANO;4.0078711;M
2015-01;P;05;02;;TASA_VARI_LA_MEDI_LO_QUE_VA_ANO;-3.872765184;M
2015-01;P;06;02;;TASA_VARI_LA_MEDI_LO_QUE_VA_ANO;8.537520791;M
2015-02;P;04;02;;TASA_VARI_LA_MEDI_LO_QUE_VA_ANO;2.896008039;M
2015-02;P;05;02;;TASA_VARI_LA_MEDI_LO_QUE_VA_ANO;-4.993908069;M
2015-02;P;06;02;;TASA_VARI_LA_MEDI_LO_QUE_VA_ANO;6.916947528;M
2015-03;P;04;02;;TASA_VARI_LA_MEDI_LO_QUE_VA_ANO;3.613021077;M
2015-03;P;05;02;;TASA_VARI_LA_MEDI_LO_QUE_VA_ANO;-3.313813506;M
2015-03;P;06;02;;TASA_VARI_LA_MEDI_LO_QUE_VA_ANO;7.535902327;M
2015-04;P;04;02;;TASA_VARI_LA_MEDI_LO_QUE_VA_ANO;4.164042857;M
2015-04;P;05;02;;TASA_VARI_LA_MEDI_LO_QUE_VA_ANO;-2.936642025;M
2015-04;P;06;02;;TASA_VARI_LA_MEDI_LO_QUE_VA_ANO;7.697581722;M
2015-05;P;04;02;;TASA_VARI_LA_MEDI_LO_QUE_VA_ANO;4.44263163;M
2015-05;P;05;02;;TASA_VARI_LA_MEDI_LO_QUE_VA_ANO;-2.160294282;M
2015-05;P;06;02;;TASA_VARI_LA_MEDI_LO_QUE_VA_ANO;7.816107416;M
2015-06;P;04;02;;TASA_VARI_LA_MEDI_LO_QUE_VA_ANO;4.249441723;M
2015-06;P;05;02;;TASA_VARI_LA_MEDI_LO_QUE_VA_ANO;-1.781657312;M
2015-06;P;06;02;;TASA_VARI_LA_MEDI_LO_QUE_VA_ANO;7.538630262;M
2015-07;P;04;02;;TASA_VARI_LA_MEDI_LO_QUE_VA_ANO;4.86682299;M
2015-07;P;05;02;;TASA_VARI_LA_MEDI_LO_QUE_VA_ANO;-1.027937274;M
2015-07;P;06;02;;TASA_VARI_LA_MEDI_LO_QUE_VA_ANO;8.102952651;M
2015-08;P;04;02;;TASA_VARI_LA_MEDI_LO_QUE_VA_ANO;5.405214893;M
2015-08;P;05;02;;TASA_VARI_LA_MEDI_LO_QUE_VA_ANO;-0.630221852;M
2015-08;P;06;02;;TASA_VARI_LA_MEDI_LO_QUE_VA_ANO;8.599135736;M
2015-09;P;04;02;;TASA_VARI_LA_MEDI_LO_QUE_VA_ANO;5.838969684;M
2015-09;P;05;02;;TASA_VARI_LA_MEDI_LO_QUE_VA_ANO;-0.422336298;M
2015-09;P;06;02;;TASA_VARI_LA_MEDI_LO_QUE_VA_ANO;8.930748204;M
2015-10;P;04;02;;TASA_VARI_LA_MEDI_LO_QUE_VA_ANO;6.328862622;M
2015-10;P;05;02;;TASA_VARI_LA_MEDI_LO_QUE_VA_ANO;-0.116346349;M
2015-10;P;06;02;;TASA_VARI_LA_MEDI_LO_QUE_VA_ANO;9.426272826;M
2015-11;P;04;02;;TASA_VARI_LA_MEDI_LO_QUE_VA_ANO;6.091223679;M
2015-11;P;05;02;;TASA_VARI_LA_MEDI_LO_QUE_VA_ANO;-0.112047624;M
2015-11;P;06;02;;TASA_VARI_LA_MEDI_LO_QUE_VA_ANO;9.23360022;M
2015-12;P;04;02;;TASA_VARI_LA_MEDI_LO_QUE_VA_ANO;5.961789846;M
2015-12;P;05;02;;TASA_VARI_LA_MEDI_LO_QUE_VA_ANO;-0.171497954;M
2015-12;P;06;02;;TASA_VARI_LA_MEDI_LO_QUE_VA_ANO;9.096958347;M
2016-01;P;04;02;;TASA_VARI_LA_MEDI_LO_QUE_VA_ANO;6.100401928;M
2016-01;P;05;02;;TASA_VARI_LA_MEDI_LO_QUE_VA_ANO;-0.267448199;M
2016-01;P;06;02;;TASA_VARI_LA_MEDI_LO_QUE_VA_ANO;9.854717888;M
2016-02;P;04;02;;TASA_VARI_LA_MEDI_LO_QUE_VA_ANO;7.61135718;M
2016-02;P;05;02;;TASA_VARI_LA_MEDI_LO_QUE_VA_ANO;2.66322076;M
2016-02;P;06;02;;TASA_VARI_LA_MEDI_LO_QUE_VA_ANO;10.612535176;M
2016-03;P;04;02;;TASA_VARI_LA_MEDI_LO_QUE_VA_ANO;7.022380021;M
2016-03;P;05;02;;TASA_VARI_LA_MEDI_LO_QUE_VA_ANO;0.869125;M
2016-03;P;06;02;;TASA_VARI_LA_MEDI_LO_QUE_VA_ANO;9.333166313;M
2016-04;P;04;02;;TASA_VARI_LA_MEDI_LO_QUE_VA_ANO;6.325768341;M
2016-04;P;05;02;;TASA_VARI_LA_MEDI_LO_QUE_VA_ANO;0.771934598;M
2016-04;P;06;02;;TASA_VARI_LA_MEDI_LO_QUE_VA_ANO;8.91297006;M
2016-05;P;04;02;;TASA_VARI_LA_MEDI_LO_QUE_VA_ANO;5.658885722;M
2016-05;P;05;02;;TASA_VARI_LA_MEDI_LO_QUE_VA_ANO;0.388685503;M
2016-05;P;06;02;;TASA_VARI_LA_MEDI_LO_QUE_VA_ANO;8.432702072;M
2016-06;P;04;02;;TASA_VARI_LA_MEDI_LO_QUE_VA_ANO;6.569417084;M
2016-06;P;05;02;;TASA_VARI_LA_MEDI_LO_QUE_VA_ANO;0.420627041;M
2016-06;P;06;02;;TASA_VARI_LA_MEDI_LO_QUE_VA_ANO;8.771498325;M
2016-07;P;04;02;;TASA_VARI_LA_MEDI_LO_QUE_VA_ANO;6.116759612;M
2016-07;P;05;02;;TASA_VARI_LA_MEDI_LO_QUE_VA_ANO;0.039936397;M
2016-07;P;06;02;;TASA_VARI_LA_MEDI_LO_QUE_VA_ANO;8.508658192;M
2016-08;P;04;02;;TASA_VARI_LA_MEDI_LO_QUE_VA_ANO;5.383309959;M
2016-08;P;05;02;;TASA_VARI_LA_MEDI_LO_QUE_VA_ANO;-0.157664075;M
2016-08;P;06;02;;TASA_VARI_LA_MEDI_LO_QUE_VA_ANO;7.626878157;M
2016-09;P;04;02;;TASA_VARI_LA_MEDI_LO_QUE_VA_ANO;4.823706202;M
2016-09;P;05;02;;TASA_VARI_LA_MEDI_LO_QUE_VA_ANO;-0.170123533;M
2016-09;P;06;02;;TASA_VARI_LA_MEDI_LO_QUE_VA_ANO;7.050618325;M
2016-10;P;04;02;;TASA_VARI_LA_MEDI_LO_QUE_VA_ANO;4.520526787;M
2016-10;P;05;02;;TASA_VARI_LA_MEDI_LO_QUE_VA_ANO;-0.099008481;M
2016-10;P;06;02;;TASA_VARI_LA_MEDI_LO_QUE_VA_ANO;6.57981571;M
2016-11;P;04;02;;TASA_VARI_LA_MEDI_LO_QUE_VA_ANO;4.478785817;M
2016-11;P;05;02;;TASA_VARI_LA_MEDI_LO_QUE_VA_ANO;0.175140304;M
2016-11;P;06;02;;TASA_VARI_LA_MEDI_LO_QUE_VA_ANO;6.329936671;M
2016-12;P;04;02;;TASA_VARI_LA_MEDI_LO_QUE_VA_ANO;3.830028759;M
2016-12;P;05;02;;TASA_VARI_LA_MEDI_LO_QUE_VA_ANO;-0.104515524;M
2016-12;P;06;02;;TASA_VARI_LA_MEDI_LO_QUE_VA_ANO;5.554785261;M
2017-01;P;04;02;;TASA_VARI_LA_MEDI_LO_QUE_VA_ANO;0.024722885;M
2017-01;P;05;02;;TASA_VARI_LA_MEDI_LO_QUE_VA_ANO;2.453830607;M
2017-01;P;06;02;;TASA_VARI_LA_MEDI_LO_QUE_VA_ANO;-0.746708763;M
2017-02;P;04;02;;TASA_VARI_LA_MEDI_LO_QUE_VA_ANO;-0.411020701;M
2017-02;P;05;02;;TASA_VARI_LA_MEDI_LO_QUE_VA_ANO;-0.290553462;M
2017-02;P;06;02;;TASA_VARI_LA_MEDI_LO_QUE_VA_ANO;-0.94580424;M
2017-03;P;04;02;;TASA_VARI_LA_MEDI_LO_QUE_VA_ANO;-0.616330612;M
2017-03;P;05;02;;TASA_VARI_LA_MEDI_LO_QUE_VA_ANO;0.412230796;M
2017-03;P;06;02;;TASA_VARI_LA_MEDI_LO_QUE_VA_ANO;-0.621375371;M
2017-04;P;04;02;;TASA_VARI_LA_MEDI_LO_QUE_VA_ANO;0.248643319;M
2017-04;P;05;02;;TASA_VARI_LA_MEDI_LO_QUE_VA_ANO;0.547886915;M
2017-04;P;06;02;;TASA_VARI_LA_MEDI_LO_QUE_VA_ANO;-0.095622052;M
2017-05;P;04;02;;TASA_VARI_LA_MEDI_LO_QUE_VA_ANO;0.321918255;M
2017-05;P;05;02;;TASA_VARI_LA_MEDI_LO_QUE_VA_ANO;0.160806099;M
2017-05;P;06;02;;TASA_VARI_LA_MEDI_LO_QUE_VA_ANO;-0.026297364;M
2017-06;P;04;02;;TASA_VARI_LA_MEDI_LO_QUE_VA_ANO;0.241064889;M
2017-06;P;05;02;;TASA_VARI_LA_MEDI_LO_QUE_VA_ANO;0.418688779;M
2017-06;P;06;02;;TASA_VARI_LA_MEDI_LO_QUE_VA_ANO;0.198499892;M
2017-07;P;04;02;;TASA_VARI_LA_MEDI_LO_QUE_VA_ANO;0.444930832;M
2017-07;P;05;02;;TASA_VARI_LA_MEDI_LO_QUE_VA_ANO;0.652007864;M
2017-07;P;06;02;;TASA_VARI_LA_MEDI_LO_QUE_VA_ANO;0.188762027;M
2017-08;P;04;02;;TASA_VARI_LA_MEDI_LO_QUE_VA_ANO;0.84416813;M
2017-08;P;05;02;;TASA_VARI_LA_MEDI_LO_QUE_VA_ANO;0.85617321;M
2017-08;P;06;02;;TASA_VARI_LA_MEDI_LO_QUE_VA_ANO;0.579724922;M
2017-09;P;04;02;;TASA_VARI_LA_MEDI_LO_QUE_VA_ANO;0.874018387;M
2017-09;P;05;02;;TASA_VARI_LA_MEDI_LO_QUE_VA_ANO;0.894595821;M
2017-09;P;06;02;;TASA_VARI_LA_MEDI_LO_QUE_VA_ANO;0.639834433;M
2017-10;P;04;02;;TASA_VARI_LA_MEDI_LO_QUE_VA_ANO;0.392061995;M
2017-10;P;05;02;;TASA_VARI_LA_MEDI_LO_QUE_VA_ANO;0.497786451;M
2017-10;P;06;02;;TASA_VARI_LA_MEDI_LO_QUE_VA_ANO;0.446792843;M
2017-11;P;04;02;;TASA_VARI_LA_MEDI_LO_QUE_VA_ANO;0.528558939;M
2017-11;P;05;02;;TASA_VARI_LA_MEDI_LO_QUE_VA_ANO;0.242811237;M
2017-11;P;06;02;;TASA_VARI_LA_MEDI_LO_QUE_VA_ANO;0.52676024;M
2017-12;P;04;02;;TASA_VARI_LA_MEDI_LO_QUE_VA_ANO;0.842581977;M
2017-12;P;05;02;;TASA_VARI_LA_MEDI_LO_QUE_VA_ANO;0.445693145;M
2017-12;P;06;02;;TASA_VARI_LA_MEDI_LO_QUE_VA_ANO;0.962151998;M
2018-01;P;04;02;;TASA_VARI_LA_MEDI_LO_QUE_VA_ANO;2.719573609;M
2018-01;P;05;02;;TASA_VARI_LA_MEDI_LO_QUE_VA_ANO;-3.634881596;M
2018-01;P;06;02;;TASA_VARI_LA_MEDI_LO_QUE_VA_ANO;3.731492715;M
2018-02;P;04;02;;TASA_VARI_LA_MEDI_LO_QUE_VA_ANO;2.438634476;M
2018-02;P;05;02;;TASA_VARI_LA_MEDI_LO_QUE_VA_ANO;-3.46437832;M
2018-02;P;06;02;;TASA_VARI_LA_MEDI_LO_QUE_VA_ANO;3.26633546;M
2018-03;P;04;02;;TASA_VARI_LA_MEDI_LO_QUE_VA_ANO;1.861311812;M
2018-03;P;05;02;;TASA_VARI_LA_MEDI_LO_QUE_VA_ANO;-2.670569334;M
2018-03;P;06;02;;TASA_VARI_LA_MEDI_LO_QUE_VA_ANO;2.777970012;M
2018-04;P;04;02;;TASA_VARI_LA_MEDI_LO_QUE_VA_ANO;1.15012495;M
2018-04;P;05;02;;TASA_VARI_LA_MEDI_LO_QUE_VA_ANO;-2.538717055;M
2018-04;P;06;02;;TASA_VARI_LA_MEDI_LO_QUE_VA_ANO;2.175454964;M
2018-05;P;04;02;;TASA_VARI_LA_MEDI_LO_QUE_VA_ANO;0.580881343;M
2018-05;P;05;02;;TASA_VARI_LA_MEDI_LO_QUE_VA_ANO;-2.510801467;M
2018-05;P;06;02;;TASA_VARI_LA_MEDI_LO_QUE_VA_ANO;1.633989397;M
2018-06;P;04;02;;TASA_VARI_LA_MEDI_LO_QUE_VA_ANO;-0.165639447;M
2018-06;P;05;02;;TASA_VARI_LA_MEDI_LO_QUE_VA_ANO;-2.64912819;M
2018-06;P;06;02;;TASA_VARI_LA_MEDI_LO_QUE_VA_ANO;0.847027346;M
2018-07;P;04;02;;TASA_VARI_LA_MEDI_LO_QUE_VA_ANO;-0.650024538;M
2018-07;P;05;02;;TASA_VARI_LA_MEDI_LO_QUE_VA_ANO;-3.023990596;M
2018-07;P;06;02;;TASA_VARI_LA_MEDI_LO_QUE_VA_ANO;0.549148609;M
2018-08;P;04;02;;TASA_VARI_LA_MEDI_LO_QUE_VA_ANO;-0.866660595;M
2018-08;P;05;02;;TASA_VARI_LA_MEDI_LO_QUE_VA_ANO;-3.226649692;M
2018-08;P;06;02;;TASA_VARI_LA_MEDI_LO_QUE_VA_ANO;0.257967275;M
2018-09;P;04;02;;TASA_VARI_LA_MEDI_LO_QUE_VA_ANO;-0.926705263;M
2018-09;P;05;02;;TASA_VARI_LA_MEDI_LO_QUE_VA_ANO;-3.257972918;M
2018-09;P;06;02;;TASA_VARI_LA_MEDI_LO_QUE_VA_ANO;0.127957053;M
2018-10;P;04;02;;TASA_VARI_LA_MEDI_LO_QUE_VA_ANO;-0.635215478;M
2018-10;P;05;02;;TASA_VARI_LA_MEDI_LO_QUE_VA_ANO;-2.991982089;M
2018-10;P;06;02;;TASA_VARI_LA_MEDI_LO_QUE_VA_ANO;0.218594198;M
2018-11;P;04;02;;TASA_VARI_LA_MEDI_LO_QUE_VA_ANO;-0.840595444;M
2018-11;P;05;02;;TASA_VARI_LA_MEDI_LO_QUE_VA_ANO;-2.95667819;M
2018-11;P;06;02;;TASA_VARI_LA_MEDI_LO_QUE_VA_ANO;0.158751955;M
2018-12;P;04;02;;TASA_VARI_LA_MEDI_LO_QUE_VA_ANO;-0.876019162;M
2018-12;P;05;02;;TASA_VARI_LA_MEDI_LO_QUE_VA_ANO;-3.007879489;M
2018-12;P;06;02;;TASA_VARI_LA_MEDI_LO_QUE_VA_ANO;-0.108609625;M
2019-01;P;04;02;;TASA_VARI_LA_MEDI_LO_QUE_VA_ANO;-0.187259639;M
2019-01;P;05;02;;TASA_VARI_LA_MEDI_LO_QUE_VA_ANO;0.160347706;M
2019-01;P;06;02;;TASA_VARI_LA_MEDI_LO_QUE_VA_ANO;-0.611357807;M
2019-02;P;04;02;;TASA_VARI_LA_MEDI_LO_QUE_VA_ANO;-0.144304916;M
2019-02;P;05;02;;TASA_VARI_LA_MEDI_LO_QUE_VA_ANO;-0.271250088;M
2019-02;P;06;02;;TASA_VARI_LA_MEDI_LO_QUE_VA_ANO;-0.165586122;M
2019-03;P;04;02;;TASA_VARI_LA_MEDI_LO_QUE_VA_ANO;-1.432424796;M
2019-03;P;05;02;;TASA_VARI_LA_MEDI_LO_QUE_VA_ANO;-2.046500664;M
2019-03;P;06;02;;TASA_VARI_LA_MEDI_LO_QUE_VA_ANO;-0.401106393;M
2019-04;P;04;02;;TASA_VARI_LA_MEDI_LO_QUE_VA_ANO;-0.869544853;M
2019-04;P;05;02;;TASA_VARI_LA_MEDI_LO_QUE_VA_ANO;-1.820104598;M
2019-04;P;06;02;;TASA_VARI_LA_MEDI_LO_QUE_VA_ANO;-0.670909402;M
2019-05;P;04;02;;TASA_VARI_LA_MEDI_LO_QUE_VA_ANO;-0.125233649;M
2019-05;P;05;02;;TASA_VARI_LA_MEDI_LO_QUE_VA_ANO;-1.093593808;M
2019-05;P;06;02;;TASA_VARI_LA_MEDI_LO_QUE_VA_ANO;0.027959313;M
2019-06;P;04;02;;TASA_VARI_LA_MEDI_LO_QUE_VA_ANO;0.189665226;M
2019-06;P;05;02;;TASA_VARI_LA_MEDI_LO_QUE_VA_ANO;-1.051703634;M
2019-06;P;06;02;;TASA_VARI_LA_MEDI_LO_QUE_VA_ANO;0.366328435;M
2019-07;P;04;02;;TASA_VARI_LA_MEDI_LO_QUE_VA_ANO;0.578288111;M
2019-07;P;05;02;;TASA_VARI_LA_MEDI_LO_QUE_VA_ANO;-0.592481103;M
2019-07;P;06;02;;TASA_VARI_LA_MEDI_LO_QUE_VA_ANO;0.673510446;M
2019-08;P;04;02;;TASA_VARI_LA_MEDI_LO_QUE_VA_ANO;0.668308048;M
2019-08;P;05;02;;TASA_VARI_LA_MEDI_LO_QUE_VA_ANO;-0.414058206;M
2019-08;P;06;02;;TASA_VARI_LA_MEDI_LO_QUE_VA_ANO;0.903952218;M
2019-09;P;04;02;;TASA_VARI_LA_MEDI_LO_QUE_VA_ANO;0.876844457;M
2019-09;P;05;02;;TASA_VARI_LA_MEDI_LO_QUE_VA_ANO;-0.361454613;M
2019-09;P;06;02;;TASA_VARI_LA_MEDI_LO_QUE_VA_ANO;1.21786294;M
2019-10;P;04;02;;TASA_VARI_LA_MEDI_LO_QUE_VA_ANO;0.938236708;M
2019-10;P;05;02;;TASA_VARI_LA_MEDI_LO_QUE_VA_ANO;-0.376932485;M
2019-10;P;06;02;;TASA_VARI_LA_MEDI_LO_QUE_VA_ANO;1.211490471;M
2019-11;P;04;02;;TASA_VARI_LA_MEDI_LO_QUE_VA_ANO;0.934228632;M
2019-11;P;05;02;;TASA_VARI_LA_MEDI_LO_QUE_VA_ANO;-0.182756361;M
2019-11;P;06;02;;TASA_VARI_LA_MEDI_LO_QUE_VA_ANO;1.173533999;M
2019-12;P;04;02;;TASA_VARI_LA_MEDI_LO_QUE_VA_ANO;1.118980332;M
2019-12;P;05;02;;TASA_VARI_LA_MEDI_LO_QUE_VA_ANO;-0.027160378;M
2019-12;P;06;02;;TASA_VARI_LA_MEDI_LO_QUE_VA_ANO;1.65646484;M
2020-01;P;04;02;;TASA_VARI_LA_MEDI_LO_QUE_VA_ANO;0.03417666;M
2020-01;P;05;02;;TASA_VARI_LA_MEDI_LO_QUE_VA_ANO;1.290422086;M
2020-01;P;06;02;;TASA_VARI_LA_MEDI_LO_QUE_VA_ANO;1.348674155;M
2020-02;P;04;02;;TASA_VARI_LA_MEDI_LO_QUE_VA_ANO;-0.336615155;M
2020-02;P;05;02;;TASA_VARI_LA_MEDI_LO_QUE_VA_ANO;1.718813215;M
2020-02;P;06;02;;TASA_VARI_LA_MEDI_LO_QUE_VA_ANO;1.506096037;M
2020-03;P;04;02;;TASA_VARI_LA_MEDI_LO_QUE_VA_ANO;-9.813142654;M
2020-03;P;05;02;;TASA_VARI_LA_MEDI_LO_QUE_VA_ANO;10.183096174;M
2020-03;P;06;02;;TASA_VARI_LA_MEDI_LO_QUE_VA_ANO;-12.059451406;M
2020-04;P;04;02;;TASA_VARI_LA_MEDI_LO_QUE_VA_ANO;-18.758468005;M
2020-04;P;05;02;;TASA_VARI_LA_MEDI_LO_QUE_VA_ANO;11.844170239;M
2020-04;P;06;02;;TASA_VARI_LA_MEDI_LO_QUE_VA_ANO;-24.708131269;M
2020-05;P;04;02;;TASA_VARI_LA_MEDI_LO_QUE_VA_ANO;-22.512566289;M
2020-05;P;05;02;;TASA_VARI_LA_MEDI_LO_QUE_VA_ANO;11.872692677;M
2020-05;P;06;02;;TASA_VARI_LA_MEDI_LO_QUE_VA_ANO;-29.128863359;M
2020-06;P;04;02;;TASA_VARI_LA_MEDI_LO_QUE_VA_ANO;-18.275034675;M
2020-06;P;05;02;;TASA_VARI_LA_MEDI_LO_QUE_VA_ANO;11.131204022;M
2020-06;P;06;02;;TASA_VARI_LA_MEDI_LO_QUE_VA_ANO;-23.024129678;M
2020-07;P;04;02;;TASA_VARI_LA_MEDI_LO_QUE_VA_ANO;-15.59891469;M
2020-07;P;05;02;;TASA_VARI_LA_MEDI_LO_QUE_VA_ANO;9.962620992;M
2020-07;P;06;02;;TASA_VARI_LA_MEDI_LO_QUE_VA_ANO;-19.191104167;M
2020-08;P;04;02;;TASA_VARI_LA_MEDI_LO_QUE_VA_ANO;-13.630295244;M
2020-08;P;05;02;;TASA_VARI_LA_MEDI_LO_QUE_VA_ANO;9.013001572;M
2020-08;P;06;02;;TASA_VARI_LA_MEDI_LO_QUE_VA_ANO;-16.449001921;M
2020-09;P;04;02;;TASA_VARI_LA_MEDI_LO_QUE_VA_ANO;-12.094719158;M
2020-09;P;05;02;;TASA_VARI_LA_MEDI_LO_QUE_VA_ANO;8.420882409;M
2020-09;P;06;02;;TASA_VARI_LA_MEDI_LO_QUE_VA_ANO;-14.40214408;M
2020-10;P;04;02;;TASA_VARI_LA_MEDI_LO_QUE_VA_ANO;-10.486662713;M
2020-10;P;05;02;;TASA_VARI_LA_MEDI_LO_QUE_VA_ANO;8.339010656;M
2020-10;P;06;02;;TASA_VARI_LA_MEDI_LO_QUE_VA_ANO;-12.328318289;M
2020-11;P;04;02;;TASA_VARI_LA_MEDI_LO_QUE_VA_ANO;-10.897095897;M
2020-11;P;05;02;;TASA_VARI_LA_MEDI_LO_QUE_VA_ANO;7.737082112;M
2020-11;P;06;02;;TASA_VARI_LA_MEDI_LO_QUE_VA_ANO;-12.963874062;M
2020-12;P;04;02;;TASA_VARI_LA_MEDI_LO_QUE_VA_ANO;-10.089426704;M
2020-12;P;05;02;;TASA_VARI_LA_MEDI_LO_QUE_VA_ANO;7.408106461;M
2020-12;P;06;02;;TASA_VARI_LA_MEDI_LO_QUE_VA_ANO;-11.977827791;M
2021-01;P;04;02;;TASA_VARI_LA_MEDI_LO_QUE_VA_ANO;-14.067214099;M
2021-01;P;05;02;;TASA_VARI_LA_MEDI_LO_QUE_VA_ANO;3.049275688;M
2021-01;P;06;02;;TASA_VARI_LA_MEDI_LO_QUE_VA_ANO;-14.825475347;M
2021-02;P;04;02;;TASA_VARI_LA_MEDI_LO_QUE_VA_ANO;-8.504234116;M
2021-02;P;05;02;;TASA_VARI_LA_MEDI_LO_QUE_VA_ANO;5.226631664;M
2021-02;P;06;02;;TASA_VARI_LA_MEDI_LO_QUE_VA_ANO;-8.250537512;M
2021-03;P;04;02;;TASA_VARI_LA_MEDI_LO_QUE_VA_ANO;6.647848863;M
2021-03;P;05;02;;TASA_VARI_LA_MEDI_LO_QUE_VA_ANO;-1.474781808;M
2021-03;P;06;02;;TASA_VARI_LA_MEDI_LO_QUE_VA_ANO;10.002612572;M
2021-04;P;04;02;;TASA_VARI_LA_MEDI_LO_QUE_VA_ANO;20.354912207;M
2021-04;P;05;02;;TASA_VARI_LA_MEDI_LO_QUE_VA_ANO;-4.270644397;M
2021-04;P;06;02;;TASA_VARI_LA_MEDI_LO_QUE_VA_ANO;29.92770693;M
2021-05;P;04;02;;TASA_VARI_LA_MEDI_LO_QUE_VA_ANO;26.862577871;M
2021-05;P;05;02;;TASA_VARI_LA_MEDI_LO_QUE_VA_ANO;-4.733930701;M
2021-05;P;06;02;;TASA_VARI_LA_MEDI_LO_QUE_VA_ANO;39.036066722;M
2021-06;P;04;02;;TASA_VARI_LA_MEDI_LO_QUE_VA_ANO;20.752967401;M
2021-06;P;05;02;;TASA_VARI_LA_MEDI_LO_QUE_VA_ANO;-4.526175218;M
2021-06;P;06;02;;TASA_VARI_LA_MEDI_LO_QUE_VA_ANO;28.553197618;M
2021-07;P;04;02;;TASA_VARI_LA_MEDI_LO_QUE_VA_ANO;16.636061399;M
2021-07;P;05;02;;TASA_VARI_LA_MEDI_LO_QUE_VA_ANO;-3.889945293;M
2021-07;P;06;02;;TASA_VARI_LA_MEDI_LO_QUE_VA_ANO;22.395598374;M
2021-08;P;04;02;;TASA_VARI_LA_MEDI_LO_QUE_VA_ANO;13.939783539;M
2021-08;P;05;02;;TASA_VARI_LA_MEDI_LO_QUE_VA_ANO;-3.155240055;M
2021-08;P;06;02;;TASA_VARI_LA_MEDI_LO_QUE_VA_ANO;18.351288274;M
2021-09;P;04;02;;TASA_VARI_LA_MEDI_LO_QUE_VA_ANO;11.961012536;M
2021-09;P;05;02;;TASA_VARI_LA_MEDI_LO_QUE_VA_ANO;-2.734079743;M
2021-09;P;06;02;;TASA_VARI_LA_MEDI_LO_QUE_VA_ANO;15.28752721;M
2021-10;P;04;02;;TASA_VARI_LA_MEDI_LO_QUE_VA_ANO;9.704075409;M
2021-10;P;05;02;;TASA_VARI_LA_MEDI_LO_QUE_VA_ANO;-2.516390348;M
2021-10;P;06;02;;TASA_VARI_LA_MEDI_LO_QUE_VA_ANO;12.313632556;M
2021-11;P;04;02;;TASA_VARI_LA_MEDI_LO_QUE_VA_ANO;10.271944382;M
2021-11;P;05;02;;TASA_VARI_LA_MEDI_LO_QUE_VA_ANO;-1.800040635;M
2021-11;P;06;02;;TASA_VARI_LA_MEDI_LO_QUE_VA_ANO;13.106452749;M
2021-12;P;04;02;;TASA_VARI_LA_MEDI_LO_QUE_VA_ANO;8.726203853;M
2021-12;P;05;02;;TASA_VARI_LA_MEDI_LO_QUE_VA_ANO;-1.897439967;M
2021-12;P;06;02;;TASA_VARI_LA_MEDI_LO_QUE_VA_ANO;11.053716395;M
2022-01;P;04;02;;TASA_VARI_LA_MEDI_LO_QUE_VA_ANO;7.315762127;M
2022-01;P;05;02;;TASA_VARI_LA_MEDI_LO_QUE_VA_ANO;-0.144273912;M
2022-01;P;06;02;;TASA_VARI_LA_MEDI_LO_QUE_VA_ANO;9.769742423;M
2022-02;P;04;02;;TASA_VARI_LA_MEDI_LO_QUE_VA_ANO;8.434391432;M
2022-02;P;05;02;;TASA_VARI_LA_MEDI_LO_QUE_VA_ANO;-1.358933925;M
2022-02;P;06;02;;TASA_VARI_LA_MEDI_LO_QUE_VA_ANO;9.49730441;M
2022-03;P;04;02;;TASA_VARI_LA_MEDI_LO_QUE_VA_ANO;2.061045767;M
2022-03;P;05;02;;TASA_VARI_LA_MEDI_LO_QUE_VA_ANO;-0.222960572;M
2022-03;P;06;02;;TASA_VARI_LA_MEDI_LO_QUE_VA_ANO;0.08848922;M
2022-04;P;04;02;;TASA_VARI_LA_MEDI_LO_QUE_VA_ANO;1.391254919;M
2022-04;P;05;02;;TASA_VARI_LA_MEDI_LO_QUE_VA_ANO;-0.219140567;M
2022-04;P;06;02;;TASA_VARI_LA_MEDI_LO_QUE_VA_ANO;-0.793112202;M
2022-05;P;04;02;;TASA_VARI_LA_MEDI_LO_QUE_VA_ANO;-0.169456903;M
2022-05;P;05;02;;TASA_VARI_LA_MEDI_LO_QUE_VA_ANO;-0.592708435;M
2022-05;P;06;02;;TASA_VARI_LA_MEDI_LO_QUE_VA_ANO;-2.15451092;M
2022-06;P;04;02;;TASA_VARI_LA_MEDI_LO_QUE_VA_ANO;-0.809175715;M
2022-06;P;05;02;;TASA_VARI_LA_MEDI_LO_QUE_VA_ANO;-0.445453083;M
2022-06;P;06;02;;TASA_VARI_LA_MEDI_LO_QUE_VA_ANO;-3.011842751;M
2022-07;P;04;02;;TASA_VARI_LA_MEDI_LO_QUE_VA_ANO;-1.405545907;M
2022-07;P;05;02;;TASA_VARI_LA_MEDI_LO_QUE_VA_ANO;-0.682976812;M
2022-07;P;06;02;;TASA_VARI_LA_MEDI_LO_QUE_VA_ANO;-3.51767797;M
2022-08;P;04;02;;TASA_VARI_LA_MEDI_LO_QUE_VA_ANO;-1.909947838;M
2022-08;P;05;02;;TASA_VARI_LA_MEDI_LO_QUE_VA_ANO;-0.933123153;M
2022-08;P;06;02;;TASA_VARI_LA_MEDI_LO_QUE_VA_ANO;-4.252730857;M
2022-09;P;04;02;;TASA_VARI_LA_MEDI_LO_QUE_VA_ANO;-2.641594132;M
2022-09;P;05;02;;TASA_VARI_LA_MEDI_LO_QUE_VA_ANO;-1.039570962;M
2022-09;P;06;02;;TASA_VARI_LA_MEDI_LO_QUE_VA_ANO;-4.585569216;M
