TEMPORAL;TERRITORIO;ARE_INSCRIPCION;SEXO;LUGARNACIMIEN;INDICATOR;OBS_VALUE;FREQ
2016;04;;00;04;;622.0;A
2016;04;;00;11;;5.0;A
2016;04;;00;14;;4.0;A
2016;04;;00;18;;27.0;A
2016;04;;00;21;;1.0;A
2016;04;;00;23;;8.0;A
2016;04;;00;29;;8.0;A
2016;04;;00;41;;6.0;A
2016;04;;00;C01;;681.0;A
2016;04;;00;C02;;128.0;A
2016;04;;00;66;;2417.0;A
2016;04;;00;NC000;;1.0;A
2016;04;;00;00;;3227.0;A
2016;04;;01;04;;343.0;A
2016;04;;01;11;;5.0;A
2016;04;;01;14;;4.0;A
2016;04;;01;18;;15.0;A
2016;04;;01;21;;1.0;A
2016;04;;01;23;;2.0;A
2016;04;;01;29;;5.0;A
2016;04;;01;41;;3.0;A
2016;04;;01;C01;;378.0;A
2016;04;;01;C02;;67.0;A
2016;04;;01;66;;1207.0;A
2016;04;;01;NC000;;1.0;A
2016;04;;01;00;;1653.0;A
2016;04;;06;04;;279.0;A
2016;04;;06;18;;12.0;A
2016;04;;06;23;;6.0;A
2016;04;;06;29;;3.0;A
2016;04;;06;41;;3.0;A
2016;04;;06;C01;;303.0;A
2016;04;;06;C02;;61.0;A
2016;04;;06;66;;1210.0;A
2016;04;;06;00;;1574.0;A
2016;11;;00;11;;1197.0;A
2016;11;;00;14;;13.0;A
2016;11;;00;18;;8.0;A
2016;11;;00;21;;6.0;A
2016;11;;00;23;;5.0;A
2016;11;;00;29;;16.0;A
2016;11;;00;41;;54.0;A
2016;11;;00;C01;;1299.0;A
2016;11;;00;C02;;185.0;A
2016;11;;00;66;;1025.0;A
2016;11;;00;00;;2509.0;A
2016;11;;01;11;;647.0;A
2016;11;;01;14;;6.0;A
2016;11;;01;18;;7.0;A
2016;11;;01;21;;4.0;A
2016;11;;01;23;;3.0;A
2016;11;;01;29;;6.0;A
2016;11;;01;41;;26.0;A
2016;11;;01;C01;;699.0;A
2016;11;;01;C02;;93.0;A
2016;11;;01;66;;493.0;A
2016;11;;01;00;;1285.0;A
2016;11;;06;11;;550.0;A
2016;11;;06;14;;7.0;A
2016;11;;06;18;;1.0;A
2016;11;;06;21;;2.0;A
2016;11;;06;23;;2.0;A
2016;11;;06;29;;10.0;A
2016;11;;06;41;;28.0;A
2016;11;;06;C01;;600.0;A
2016;11;;06;C02;;92.0;A
2016;11;;06;66;;532.0;A
2016;11;;06;00;;1224.0;A
2016;14;;00;11;;6.0;A
2016;14;;00;14;;538.0;A
2016;14;;00;18;;8.0;A
2016;14;;00;23;;5.0;A
2016;14;;00;29;;6.0;A
2016;14;;00;41;;10.0;A
2016;14;;00;C01;;573.0;A
2016;14;;00;C02;;69.0;A
2016;14;;00;66;;505.0;A
2016;14;;00;00;;1147.0;A
2016;14;;01;11;;2.0;A
2016;14;;01;14;;286.0;A
2016;14;;01;18;;5.0;A
2016;14;;01;23;;3.0;A
2016;14;;01;29;;1.0;A
2016;14;;01;41;;4.0;A
2016;14;;01;C01;;301.0;A
2016;14;;01;C02;;43.0;A
2016;14;;01;66;;253.0;A
2016;14;;01;00;;597.0;A
2016;14;;06;11;;4.0;A
2016;14;;06;14;;252.0;A
2016;14;;06;18;;3.0;A
2016;14;;06;23;;2.0;A
2016;14;;06;29;;5.0;A
2016;14;;06;41;;6.0;A
2016;14;;06;C01;;272.0;A
2016;14;;06;C02;;26.0;A
2016;14;;06;66;;252.0;A
2016;14;;06;00;;550.0;A
2016;18;;00;04;;18.0;A
2016;18;;00;11;;16.0;A
2016;18;;00;14;;11.0;A
2016;18;;00;18;;1058.0;A
2016;18;;00;21;;1.0;A
2016;18;;00;23;;19.0;A
2016;18;;00;29;;16.0;A
2016;18;;00;41;;16.0;A
2016;18;;00;C01;;1155.0;A
2016;18;;00;C02;;170.0;A
2016;18;;00;66;;2560.0;A
2016;18;;00;00;;3885.0;A
2016;18;;01;04;;8.0;A
2016;18;;01;11;;7.0;A
2016;18;;01;14;;6.0;A
2016;18;;01;18;;572.0;A
2016;18;;01;21;;1.0;A
2016;18;;01;23;;8.0;A
2016;18;;01;29;;6.0;A
2016;18;;01;41;;9.0;A
2016;18;;01;C01;;617.0;A
2016;18;;01;C02;;91.0;A
2016;18;;01;66;;1247.0;A
2016;18;;01;00;;1955.0;A
2016;18;;06;04;;10.0;A
2016;18;;06;11;;9.0;A
2016;18;;06;14;;5.0;A
2016;18;;06;18;;486.0;A
2016;18;;06;23;;11.0;A
2016;18;;06;29;;10.0;A
2016;18;;06;41;;7.0;A
2016;18;;06;C01;;538.0;A
2016;18;;06;C02;;79.0;A
2016;18;;06;66;;1313.0;A
2016;18;;06;00;;1930.0;A
2016;21;;00;11;;4.0;A
2016;21;;00;14;;3.0;A
2016;21;;00;18;;2.0;A
2016;21;;00;21;;297.0;A
2016;21;;00;23;;2.0;A
2016;21;;00;29;;4.0;A
2016;21;;00;41;;20.0;A
2016;21;;00;C01;;332.0;A
2016;21;;00;C02;;33.0;A
2016;21;;00;66;;286.0;A
2016;21;;00;00;;651.0;A
2016;21;;01;11;;2.0;A
2016;21;;01;14;;2.0;A
2016;21;;01;21;;158.0;A
2016;21;;01;29;;2.0;A
2016;21;;01;41;;11.0;A
2016;21;;01;C01;;175.0;A
2016;21;;01;C02;;21.0;A
2016;21;;01;66;;146.0;A
2016;21;;01;00;;342.0;A
2016;21;;06;11;;2.0;A
2016;21;;06;14;;1.0;A
2016;21;;06;18;;2.0;A
2016;21;;06;21;;139.0;A
2016;21;;06;23;;2.0;A
2016;21;;06;29;;2.0;A
2016;21;;06;41;;9.0;A
2016;21;;06;C01;;157.0;A
2016;21;;06;C02;;12.0;A
2016;21;;06;66;;140.0;A
2016;21;;06;00;;309.0;A
2016;23;;00;04;;1.0;A
2016;23;;00;11;;3.0;A
2016;23;;00;14;;5.0;A
2016;23;;00;18;;12.0;A
2016;23;;00;23;;461.0;A
2016;23;;00;29;;2.0;A
2016;23;;00;41;;2.0;A
2016;23;;00;C01;;486.0;A
2016;23;;00;C02;;55.0;A
2016;23;;00;66;;499.0;A
2016;23;;00;NC000;;2.0;A
2016;23;;00;00;;1042.0;A
2016;23;;01;04;;1.0;A
2016;23;;01;11;;3.0;A
2016;23;;01;14;;2.0;A
2016;23;;01;18;;7.0;A
2016;23;;01;23;;241.0;A
2016;23;;01;41;;2.0;A
2016;23;;01;C01;;256.0;A
2016;23;;01;C02;;30.0;A
2016;23;;01;66;;256.0;A
2016;23;;01;NC000;;1.0;A
2016;23;;01;00;;543.0;A
2016;23;;06;14;;3.0;A
2016;23;;06;18;;5.0;A
2016;23;;06;23;;220.0;A
2016;23;;06;29;;2.0;A
2016;23;;06;C01;;230.0;A
2016;23;;06;C02;;25.0;A
2016;23;;06;66;;243.0;A
2016;23;;06;NC000;;1.0;A
2016;23;;06;00;;499.0;A
2016;29;;00;04;;10.0;A
2016;29;;00;11;;64.0;A
2016;29;;00;14;;46.0;A
2016;29;;00;18;;44.0;A
2016;29;;00;21;;6.0;A
2016;29;;00;23;;23.0;A
2016;29;;00;29;;1604.0;A
2016;29;;00;41;;27.0;A
2016;29;;00;C01;;1824.0;A
2016;29;;00;C02;;404.0;A
2016;29;;00;66;;3175.0;A
2016;29;;00;00;;5403.0;A
2016;29;;01;04;;6.0;A
2016;29;;01;11;;37.0;A
2016;29;;01;14;;21.0;A
2016;29;;01;18;;27.0;A
2016;29;;01;21;;5.0;A
2016;29;;01;23;;14.0;A
2016;29;;01;29;;821.0;A
2016;29;;01;41;;16.0;A
2016;29;;01;C01;;947.0;A
2016;29;;01;C02;;221.0;A
2016;29;;01;66;;1627.0;A
2016;29;;01;00;;2795.0;A
2016;29;;06;04;;4.0;A
2016;29;;06;11;;27.0;A
2016;29;;06;14;;25.0;A
2016;29;;06;18;;17.0;A
2016;29;;06;21;;1.0;A
2016;29;;06;23;;9.0;A
2016;29;;06;29;;783.0;A
2016;29;;06;41;;11.0;A
2016;29;;06;C01;;877.0;A
2016;29;;06;C02;;183.0;A
2016;29;;06;66;;1548.0;A
2016;29;;06;00;;2608.0;A
2016;41;;00;04;;2.0;A
2016;41;;00;11;;76.0;A
2016;41;;00;14;;35.0;A
2016;41;;00;18;;18.0;A
2016;41;;00;21;;36.0;A
2016;41;;00;23;;15.0;A
2016;41;;00;29;;24.0;A
2016;41;;00;41;;1601.0;A
2016;41;;00;C01;;1807.0;A
2016;41;;00;C02;;288.0;A
2016;41;;00;66;;1573.0;A
2016;41;;00;00;;3668.0;A
2016;41;;01;11;;44.0;A
2016;41;;01;14;;19.0;A
2016;41;;01;18;;9.0;A
2016;41;;01;21;;23.0;A
2016;41;;01;23;;7.0;A
2016;41;;01;29;;11.0;A
2016;41;;01;41;;852.0;A
2016;41;;01;C01;;965.0;A
2016;41;;01;C02;;173.0;A
2016;41;;01;66;;748.0;A
2016;41;;01;00;;1886.0;A
2016;41;;06;04;;2.0;A
2016;41;;06;11;;32.0;A
2016;41;;06;14;;16.0;A
2016;41;;06;18;;9.0;A
2016;41;;06;21;;13.0;A
2016;41;;06;23;;8.0;A
2016;41;;06;29;;13.0;A
2016;41;;06;41;;749.0;A
2016;41;;06;C01;;842.0;A
2016;41;;06;C02;;115.0;A
2016;41;;06;66;;825.0;A
2016;41;;06;00;;1782.0;A
2016;C01;;00;04;;653.0;A
2016;C01;;00;11;;1371.0;A
2016;C01;;00;14;;655.0;A
2016;C01;;00;18;;1177.0;A
2016;C01;;00;21;;347.0;A
2016;C01;;00;23;;538.0;A
2016;C01;;00;29;;1680.0;A
2016;C01;;00;41;;1736.0;A
2016;C01;;00;C01;;8157.0;A
2016;C01;;00;C02;;1332.0;A
2016;C01;;00;66;;12040.0;A
2016;C01;;00;NC000;;3.0;A
2016;C01;;00;00;;21532.0;A
2016;C01;;01;04;;358.0;A
2016;C01;;01;11;;747.0;A
2016;C01;;01;14;;346.0;A
2016;C01;;01;18;;642.0;A
2016;C01;;01;21;;192.0;A
2016;C01;;01;23;;278.0;A
2016;C01;;01;29;;852.0;A
2016;C01;;01;41;;923.0;A
2016;C01;;01;C01;;4338.0;A
2016;C01;;01;C02;;739.0;A
2016;C01;;01;66;;5977.0;A
2016;C01;;01;NC000;;2.0;A
2016;C01;;01;00;;11056.0;A
2016;C01;;06;04;;295.0;A
2016;C01;;06;11;;624.0;A
2016;C01;;06;14;;309.0;A
2016;C01;;06;18;;535.0;A
2016;C01;;06;21;;155.0;A
2016;C01;;06;23;;260.0;A
2016;C01;;06;29;;828.0;A
2016;C01;;06;41;;813.0;A
2016;C01;;06;C01;;3819.0;A
2016;C01;;06;C02;;593.0;A
2016;C01;;06;66;;6063.0;A
2016;C01;;06;NC000;;1.0;A
2016;C01;;06;00;;10476.0;A
2016;C02;;00;04;;115.0;A
2016;C02;;00;11;;251.0;A
2016;C02;;00;14;;163.0;A
2016;C02;;00;18;;219.0;A
2016;C02;;00;21;;49.0;A
2016;C02;;00;23;;159.0;A
2016;C02;;00;29;;179.0;A
2016;C02;;00;41;;235.0;A
2016;C02;;00;C01;;1370.0;A
2016;C02;;00;00;;1370.0;A
2016;C02;;01;04;;65.0;A
2016;C02;;01;11;;130.0;A
2016;C02;;01;14;;102.0;A
2016;C02;;01;18;;125.0;A
2016;C02;;01;21;;27.0;A
2016;C02;;01;23;;94.0;A
2016;C02;;01;29;;93.0;A
2016;C02;;01;41;;145.0;A
2016;C02;;01;C01;;781.0;A
2016;C02;;01;00;;781.0;A
2016;C02;;06;04;;50.0;A
2016;C02;;06;11;;121.0;A
2016;C02;;06;14;;61.0;A
2016;C02;;06;18;;94.0;A
2016;C02;;06;21;;22.0;A
2016;C02;;06;23;;65.0;A
2016;C02;;06;29;;86.0;A
2016;C02;;06;41;;90.0;A
2016;C02;;06;C01;;589.0;A
2016;C02;;06;00;;589.0;A
2016;00;;00;04;;768.0;A
2016;00;;00;11;;1622.0;A
2016;00;;00;14;;818.0;A
2016;00;;00;18;;1396.0;A
2016;00;;00;21;;396.0;A
2016;00;;00;23;;697.0;A
2016;00;;00;29;;1859.0;A
2016;00;;00;41;;1971.0;A
2016;00;;00;C01;;9527.0;A
2016;00;;00;C02;;1332.0;A
2016;00;;00;66;;12040.0;A
2016;00;;00;NC000;;3.0;A
2016;00;;00;00;;22902.0;A
2016;00;;01;04;;423.0;A
2016;00;;01;11;;877.0;A
2016;00;;01;14;;448.0;A
2016;00;;01;18;;767.0;A
2016;00;;01;21;;219.0;A
2016;00;;01;23;;372.0;A
2016;00;;01;29;;945.0;A
2016;00;;01;41;;1068.0;A
2016;00;;01;C01;;5119.0;A
2016;00;;01;C02;;739.0;A
2016;00;;01;66;;5977.0;A
2016;00;;01;NC000;;2.0;A
2016;00;;01;00;;11837.0;A
2016;00;;06;04;;345.0;A
2016;00;;06;11;;745.0;A
2016;00;;06;14;;370.0;A
2016;00;;06;18;;629.0;A
2016;00;;06;21;;177.0;A
2016;00;;06;23;;325.0;A
2016;00;;06;29;;914.0;A
2016;00;;06;41;;903.0;A
2016;00;;06;C01;;4408.0;A
2016;00;;06;C02;;593.0;A
2016;00;;06;66;;6063.0;A
2016;00;;06;NC000;;1.0;A
2016;00;;06;00;;11065.0;A
2017;04;;00;04;;578.0;A
2017;04;;00;11;;4.0;A
2017;04;;00;14;;3.0;A
2017;04;;00;18;;27.0;A
2017;04;;00;23;;9.0;A
2017;04;;00;29;;4.0;A
2017;04;;00;41;;1.0;A
2017;04;;00;C01;;626.0;A
2017;04;;00;C02;;90.0;A
2017;04;;00;66;;1831.0;A
2017;04;;00;NC000;;1.0;A
2017;04;;00;00;;2548.0;A
2017;04;;01;04;;294.0;A
2017;04;;01;11;;1.0;A
2017;04;;01;14;;1.0;A
2017;04;;01;18;;18.0;A
2017;04;;01;23;;4.0;A
2017;04;;01;29;;4.0;A
2017;04;;01;C01;;322.0;A
2017;04;;01;C02;;45.0;A
2017;04;;01;66;;881.0;A
2017;04;;01;NC000;;1.0;A
2017;04;;01;00;;1249.0;A
2017;04;;06;04;;284.0;A
2017;04;;06;11;;3.0;A
2017;04;;06;14;;2.0;A
2017;04;;06;18;;9.0;A
2017;04;;06;23;;5.0;A
2017;04;;06;41;;1.0;A
2017;04;;06;C01;;304.0;A
2017;04;;06;C02;;45.0;A
2017;04;;06;66;;950.0;A
2017;04;;06;00;;1299.0;A
2017;11;;00;04;;1.0;A
2017;11;;00;11;;1152.0;A
2017;11;;00;14;;13.0;A
2017;11;;00;18;;7.0;A
2017;11;;00;21;;3.0;A
2017;11;;00;23;;4.0;A
2017;11;;00;29;;15.0;A
2017;11;;00;41;;38.0;A
2017;11;;00;C01;;1233.0;A
2017;11;;00;C02;;186.0;A
2017;11;;00;66;;916.0;A
2017;11;;00;00;;2335.0;A
2017;11;;01;11;;574.0;A
2017;11;;01;14;;8.0;A
2017;11;;01;18;;4.0;A
2017;11;;01;21;;3.0;A
2017;11;;01;23;;2.0;A
2017;11;;01;29;;9.0;A
2017;11;;01;41;;17.0;A
2017;11;;01;C01;;617.0;A
2017;11;;01;C02;;110.0;A
2017;11;;01;66;;461.0;A
2017;11;;01;00;;1188.0;A
2017;11;;06;04;;1.0;A
2017;11;;06;11;;578.0;A
2017;11;;06;14;;5.0;A
2017;11;;06;18;;3.0;A
2017;11;;06;23;;2.0;A
2017;11;;06;29;;6.0;A
2017;11;;06;41;;21.0;A
2017;11;;06;C01;;616.0;A
2017;11;;06;C02;;76.0;A
2017;11;;06;66;;455.0;A
2017;11;;06;00;;1147.0;A
2017;14;;00;04;;2.0;A
2017;14;;00;11;;8.0;A
2017;14;;00;14;;604.0;A
2017;14;;00;18;;2.0;A
2017;14;;00;21;;2.0;A
2017;14;;00;23;;9.0;A
2017;14;;00;29;;2.0;A
2017;14;;00;41;;10.0;A
2017;14;;00;C01;;639.0;A
2017;14;;00;C02;;63.0;A
2017;14;;00;66;;574.0;A
2017;14;;00;00;;1276.0;A
2017;14;;01;04;;1.0;A
2017;14;;01;11;;5.0;A
2017;14;;01;14;;305.0;A
2017;14;;01;18;;2.0;A
2017;14;;01;21;;2.0;A
2017;14;;01;23;;6.0;A
2017;14;;01;41;;5.0;A
2017;14;;01;C01;;326.0;A
2017;14;;01;C02;;25.0;A
2017;14;;01;66;;283.0;A
2017;14;;01;00;;634.0;A
2017;14;;06;04;;1.0;A
2017;14;;06;11;;3.0;A
2017;14;;06;14;;299.0;A
2017;14;;06;23;;3.0;A
2017;14;;06;29;;2.0;A
2017;14;;06;41;;5.0;A
2017;14;;06;C01;;313.0;A
2017;14;;06;C02;;38.0;A
2017;14;;06;66;;291.0;A
2017;14;;06;00;;642.0;A
2017;18;;00;04;;8.0;A
2017;18;;00;11;;12.0;A
2017;18;;00;14;;15.0;A
2017;18;;00;18;;911.0;A
2017;18;;00;21;;5.0;A
2017;18;;00;23;;26.0;A
2017;18;;00;29;;20.0;A
2017;18;;00;41;;6.0;A
2017;18;;00;C01;;1003.0;A
2017;18;;00;C02;;161.0;A
2017;18;;00;66;;1903.0;A
2017;18;;00;00;;3067.0;A
2017;18;;01;04;;5.0;A
2017;18;;01;11;;8.0;A
2017;18;;01;14;;10.0;A
2017;18;;01;18;;453.0;A
2017;18;;01;21;;2.0;A
2017;18;;01;23;;12.0;A
2017;18;;01;29;;5.0;A
2017;18;;01;41;;2.0;A
2017;18;;01;C01;;497.0;A
2017;18;;01;C02;;94.0;A
2017;18;;01;66;;905.0;A
2017;18;;01;00;;1496.0;A
2017;18;;06;04;;3.0;A
2017;18;;06;11;;4.0;A
2017;18;;06;14;;5.0;A
2017;18;;06;18;;458.0;A
2017;18;;06;21;;3.0;A
2017;18;;06;23;;14.0;A
2017;18;;06;29;;15.0;A
2017;18;;06;41;;4.0;A
2017;18;;06;C01;;506.0;A
2017;18;;06;C02;;67.0;A
2017;18;;06;66;;998.0;A
2017;18;;06;00;;1571.0;A
2017;21;;00;11;;1.0;A
2017;21;;00;14;;5.0;A
2017;21;;00;18;;2.0;A
2017;21;;00;21;;261.0;A
2017;21;;00;23;;1.0;A
2017;21;;00;29;;5.0;A
2017;21;;00;41;;21.0;A
2017;21;;00;C01;;296.0;A
2017;21;;00;C02;;45.0;A
2017;21;;00;66;;330.0;A
2017;21;;00;00;;671.0;A
2017;21;;01;11;;1.0;A
2017;21;;01;14;;3.0;A
2017;21;;01;18;;2.0;A
2017;21;;01;21;;126.0;A
2017;21;;01;29;;2.0;A
2017;21;;01;41;;11.0;A
2017;21;;01;C01;;145.0;A
2017;21;;01;C02;;20.0;A
2017;21;;01;66;;160.0;A
2017;21;;01;00;;325.0;A
2017;21;;06;14;;2.0;A
2017;21;;06;21;;135.0;A
2017;21;;06;23;;1.0;A
2017;21;;06;29;;3.0;A
2017;21;;06;41;;10.0;A
2017;21;;06;C01;;151.0;A
2017;21;;06;C02;;25.0;A
2017;21;;06;66;;170.0;A
2017;21;;06;00;;346.0;A
2017;23;;00;04;;2.0;A
2017;23;;00;11;;2.0;A
2017;23;;00;14;;3.0;A
2017;23;;00;18;;5.0;A
2017;23;;00;23;;387.0;A
2017;23;;00;29;;1.0;A
2017;23;;00;41;;2.0;A
2017;23;;00;C01;;402.0;A
2017;23;;00;C02;;53.0;A
2017;23;;00;66;;486.0;A
2017;23;;00;00;;941.0;A
2017;23;;01;04;;1.0;A
2017;23;;01;11;;2.0;A
2017;23;;01;14;;1.0;A
2017;23;;01;18;;3.0;A
2017;23;;01;23;;212.0;A
2017;23;;01;41;;2.0;A
2017;23;;01;C01;;221.0;A
2017;23;;01;C02;;28.0;A
2017;23;;01;66;;260.0;A
2017;23;;01;00;;509.0;A
2017;23;;06;04;;1.0;A
2017;23;;06;14;;2.0;A
2017;23;;06;18;;2.0;A
2017;23;;06;23;;175.0;A
2017;23;;06;29;;1.0;A
2017;23;;06;C01;;181.0;A
2017;23;;06;C02;;25.0;A
2017;23;;06;66;;226.0;A
2017;23;;06;00;;432.0;A
2017;29;;00;04;;8.0;A
2017;29;;00;11;;52.0;A
2017;29;;00;14;;28.0;A
2017;29;;00;18;;46.0;A
2017;29;;00;21;;3.0;A
2017;29;;00;23;;27.0;A
2017;29;;00;29;;1538.0;A
2017;29;;00;41;;29.0;A
2017;29;;00;C01;;1731.0;A
2017;29;;00;C02;;303.0;A
2017;29;;00;66;;3155.0;A
2017;29;;00;NC000;;2.0;A
2017;29;;00;00;;5191.0;A
2017;29;;01;04;;6.0;A
2017;29;;01;11;;26.0;A
2017;29;;01;14;;14.0;A
2017;29;;01;18;;27.0;A
2017;29;;01;21;;2.0;A
2017;29;;01;23;;13.0;A
2017;29;;01;29;;775.0;A
2017;29;;01;41;;15.0;A
2017;29;;01;C01;;878.0;A
2017;29;;01;C02;;168.0;A
2017;29;;01;66;;1619.0;A
2017;29;;01;NC000;;1.0;A
2017;29;;01;00;;2666.0;A
2017;29;;06;04;;2.0;A
2017;29;;06;11;;26.0;A
2017;29;;06;14;;14.0;A
2017;29;;06;18;;19.0;A
2017;29;;06;21;;1.0;A
2017;29;;06;23;;14.0;A
2017;29;;06;29;;763.0;A
2017;29;;06;41;;14.0;A
2017;29;;06;C01;;853.0;A
2017;29;;06;C02;;135.0;A
2017;29;;06;66;;1536.0;A
2017;29;;06;NC000;;1.0;A
2017;29;;06;00;;2525.0;A
2017;41;;00;04;;9.0;A
2017;41;;00;11;;49.0;A
2017;41;;00;14;;26.0;A
2017;41;;00;18;;16.0;A
2017;41;;00;21;;25.0;A
2017;41;;00;23;;19.0;A
2017;41;;00;29;;23.0;A
2017;41;;00;41;;1542.0;A
2017;41;;00;C01;;1709.0;A
2017;41;;00;C02;;234.0;A
2017;41;;00;66;;1659.0;A
2017;41;;00;00;;3602.0;A
2017;41;;01;04;;7.0;A
2017;41;;01;11;;23.0;A
2017;41;;01;14;;14.0;A
2017;41;;01;18;;11.0;A
2017;41;;01;21;;9.0;A
2017;41;;01;23;;8.0;A
2017;41;;01;29;;10.0;A
2017;41;;01;41;;791.0;A
2017;41;;01;C01;;873.0;A
2017;41;;01;C02;;124.0;A
2017;41;;01;66;;816.0;A
2017;41;;01;00;;1813.0;A
2017;41;;06;04;;2.0;A
2017;41;;06;11;;26.0;A
2017;41;;06;14;;12.0;A
2017;41;;06;18;;5.0;A
2017;41;;06;21;;16.0;A
2017;41;;06;23;;11.0;A
2017;41;;06;29;;13.0;A
2017;41;;06;41;;751.0;A
2017;41;;06;C01;;836.0;A
2017;41;;06;C02;;110.0;A
2017;41;;06;66;;843.0;A
2017;41;;06;00;;1789.0;A
2017;C01;;00;04;;608.0;A
2017;C01;;00;11;;1280.0;A
2017;C01;;00;14;;697.0;A
2017;C01;;00;18;;1016.0;A
2017;C01;;00;21;;299.0;A
2017;C01;;00;23;;482.0;A
2017;C01;;00;29;;1608.0;A
2017;C01;;00;41;;1649.0;A
2017;C01;;00;C01;;7639.0;A
2017;C01;;00;C02;;1135.0;A
2017;C01;;00;66;;10854.0;A
2017;C01;;00;NC000;;3.0;A
2017;C01;;00;00;;19631.0;A
2017;C01;;01;04;;314.0;A
2017;C01;;01;11;;640.0;A
2017;C01;;01;14;;356.0;A
2017;C01;;01;18;;520.0;A
2017;C01;;01;21;;144.0;A
2017;C01;;01;23;;257.0;A
2017;C01;;01;29;;805.0;A
2017;C01;;01;41;;843.0;A
2017;C01;;01;C01;;3879.0;A
2017;C01;;01;C02;;614.0;A
2017;C01;;01;66;;5385.0;A
2017;C01;;01;NC000;;2.0;A
2017;C01;;01;00;;9880.0;A
2017;C01;;06;04;;294.0;A
2017;C01;;06;11;;640.0;A
2017;C01;;06;14;;341.0;A
2017;C01;;06;18;;496.0;A
2017;C01;;06;21;;155.0;A
2017;C01;;06;23;;225.0;A
2017;C01;;06;29;;803.0;A
2017;C01;;06;41;;806.0;A
2017;C01;;06;C01;;3760.0;A
2017;C01;;06;C02;;521.0;A
2017;C01;;06;66;;5469.0;A
2017;C01;;06;NC000;;1.0;A
2017;C01;;06;00;;9751.0;A
2017;C02;;00;04;;105.0;A
2017;C02;;00;11;;254.0;A
2017;C02;;00;14;;133.0;A
2017;C02;;00;18;;199.0;A
2017;C02;;00;21;;44.0;A
2017;C02;;00;23;;168.0;A
2017;C02;;00;29;;210.0;A
2017;C02;;00;41;;239.0;A
2017;C02;;00;C01;;1352.0;A
2017;C02;;00;00;;1352.0;A
2017;C02;;01;04;;60.0;A
2017;C02;;01;11;;141.0;A
2017;C02;;01;14;;78.0;A
2017;C02;;01;18;;108.0;A
2017;C02;;01;21;;26.0;A
2017;C02;;01;23;;100.0;A
2017;C02;;01;29;;114.0;A
2017;C02;;01;41;;132.0;A
2017;C02;;01;C01;;759.0;A
2017;C02;;01;00;;759.0;A
2017;C02;;06;04;;45.0;A
2017;C02;;06;11;;113.0;A
2017;C02;;06;14;;55.0;A
2017;C02;;06;18;;91.0;A
2017;C02;;06;21;;18.0;A
2017;C02;;06;23;;68.0;A
2017;C02;;06;29;;96.0;A
2017;C02;;06;41;;107.0;A
2017;C02;;06;C01;;593.0;A
2017;C02;;06;00;;593.0;A
2017;00;;00;04;;713.0;A
2017;00;;00;11;;1534.0;A
2017;00;;00;14;;830.0;A
2017;00;;00;18;;1215.0;A
2017;00;;00;21;;343.0;A
2017;00;;00;23;;650.0;A
2017;00;;00;29;;1818.0;A
2017;00;;00;41;;1888.0;A
2017;00;;00;C01;;8991.0;A
2017;00;;00;C02;;1135.0;A
2017;00;;00;66;;10854.0;A
2017;00;;00;NC000;;3.0;A
2017;00;;00;00;;20983.0;A
2017;00;;01;04;;374.0;A
2017;00;;01;11;;781.0;A
2017;00;;01;14;;434.0;A
2017;00;;01;18;;628.0;A
2017;00;;01;21;;170.0;A
2017;00;;01;23;;357.0;A
2017;00;;01;29;;919.0;A
2017;00;;01;41;;975.0;A
2017;00;;01;C01;;4638.0;A
2017;00;;01;C02;;614.0;A
2017;00;;01;66;;5385.0;A
2017;00;;01;NC000;;2.0;A
2017;00;;01;00;;10639.0;A
2017;00;;06;04;;339.0;A
2017;00;;06;11;;753.0;A
2017;00;;06;14;;396.0;A
2017;00;;06;18;;587.0;A
2017;00;;06;21;;173.0;A
2017;00;;06;23;;293.0;A
2017;00;;06;29;;899.0;A
2017;00;;06;41;;913.0;A
2017;00;;06;C01;;4353.0;A
2017;00;;06;C02;;521.0;A
2017;00;;06;66;;5469.0;A
2017;00;;06;NC000;;1.0;A
2017;00;;06;00;;10344.0;A
2018;04;;00;04;;558.0;A
2018;04;;00;11;;1.0;A
2018;04;;00;14;;2.0;A
2018;04;;00;18;;16.0;A
2018;04;;00;21;;1.0;A
2018;04;;00;23;;4.0;A
2018;04;;00;29;;5.0;A
2018;04;;00;41;;10.0;A
2018;04;;00;C01;;597.0;A
2018;04;;00;C02;;92.0;A
2018;04;;00;66;;1546.0;A
2018;04;;00;00;;2235.0;A
2018;04;;01;04;;297.0;A
2018;04;;01;11;;1.0;A
2018;04;;01;14;;1.0;A
2018;04;;01;18;;6.0;A
2018;04;;01;21;;1.0;A
2018;04;;01;23;;1.0;A
2018;04;;01;29;;3.0;A
2018;04;;01;41;;7.0;A
2018;04;;01;C01;;317.0;A
2018;04;;01;C02;;51.0;A
2018;04;;01;66;;755.0;A
2018;04;;01;00;;1123.0;A
2018;04;;06;04;;261.0;A
2018;04;;06;14;;1.0;A
2018;04;;06;18;;10.0;A
2018;04;;06;23;;3.0;A
2018;04;;06;29;;2.0;A
2018;04;;06;41;;3.0;A
2018;04;;06;C01;;280.0;A
2018;04;;06;C02;;41.0;A
2018;04;;06;66;;791.0;A
2018;04;;06;00;;1112.0;A
2018;11;;00;04;;3.0;A
2018;11;;00;11;;1010.0;A
2018;11;;00;14;;15.0;A
2018;11;;00;18;;10.0;A
2018;11;;00;21;;5.0;A
2018;11;;00;23;;3.0;A
2018;11;;00;29;;20.0;A
2018;11;;00;41;;24.0;A
2018;11;;00;C01;;1090.0;A
2018;11;;00;C02;;155.0;A
2018;11;;00;66;;901.0;A
2018;11;;00;00;;2146.0;A
2018;11;;01;04;;2.0;A
2018;11;;01;11;;547.0;A
2018;11;;01;14;;9.0;A
2018;11;;01;18;;5.0;A
2018;11;;01;21;;2.0;A
2018;11;;01;23;;1.0;A
2018;11;;01;29;;12.0;A
2018;11;;01;41;;11.0;A
2018;11;;01;C01;;589.0;A
2018;11;;01;C02;;79.0;A
2018;11;;01;66;;456.0;A
2018;11;;01;00;;1124.0;A
2018;11;;06;04;;1.0;A
2018;11;;06;11;;463.0;A
2018;11;;06;14;;6.0;A
2018;11;;06;18;;5.0;A
2018;11;;06;21;;3.0;A
2018;11;;06;23;;2.0;A
2018;11;;06;29;;8.0;A
2018;11;;06;41;;13.0;A
2018;11;;06;C01;;501.0;A
2018;11;;06;C02;;76.0;A
2018;11;;06;66;;445.0;A
2018;11;;06;00;;1022.0;A
2018;14;;00;04;;2.0;A
2018;14;;00;11;;2.0;A
2018;14;;00;14;;441.0;A
2018;14;;00;18;;5.0;A
2018;14;;00;23;;2.0;A
2018;14;;00;29;;5.0;A
2018;14;;00;41;;5.0;A
2018;14;;00;C01;;462.0;A
2018;14;;00;C02;;50.0;A
2018;14;;00;66;;478.0;A
2018;14;;00;00;;990.0;A
2018;14;;01;04;;2.0;A
2018;14;;01;11;;1.0;A
2018;14;;01;14;;241.0;A
2018;14;;01;18;;2.0;A
2018;14;;01;29;;4.0;A
2018;14;;01;41;;1.0;A
2018;14;;01;C01;;251.0;A
2018;14;;01;C02;;30.0;A
2018;14;;01;66;;242.0;A
2018;14;;01;00;;523.0;A
2018;14;;06;11;;1.0;A
2018;14;;06;14;;200.0;A
2018;14;;06;18;;3.0;A
2018;14;;06;23;;2.0;A
2018;14;;06;29;;1.0;A
2018;14;;06;41;;4.0;A
2018;14;;06;C01;;211.0;A
2018;14;;06;C02;;20.0;A
2018;14;;06;66;;236.0;A
2018;14;;06;00;;467.0;A
2018;18;;00;04;;22.0;A
2018;18;;00;11;;16.0;A
2018;18;;00;14;;11.0;A
2018;18;;00;18;;798.0;A
2018;18;;00;21;;4.0;A
2018;18;;00;23;;12.0;A
2018;18;;00;29;;15.0;A
2018;18;;00;41;;7.0;A
2018;18;;00;C01;;885.0;A
2018;18;;00;C02;;120.0;A
2018;18;;00;66;;1603.0;A
2018;18;;00;00;;2608.0;A
2018;18;;01;04;;10.0;A
2018;18;;01;11;;4.0;A
2018;18;;01;14;;4.0;A
2018;18;;01;18;;429.0;A
2018;18;;01;23;;9.0;A
2018;18;;01;29;;7.0;A
2018;18;;01;41;;2.0;A
2018;18;;01;C01;;465.0;A
2018;18;;01;C02;;68.0;A
2018;18;;01;66;;823.0;A
2018;18;;01;00;;1356.0;A
2018;18;;06;04;;12.0;A
2018;18;;06;11;;12.0;A
2018;18;;06;14;;7.0;A
2018;18;;06;18;;369.0;A
2018;18;;06;21;;4.0;A
2018;18;;06;23;;3.0;A
2018;18;;06;29;;8.0;A
2018;18;;06;41;;5.0;A
2018;18;;06;C01;;420.0;A
2018;18;;06;C02;;52.0;A
2018;18;;06;66;;780.0;A
2018;18;;06;00;;1252.0;A
2018;21;;00;04;;1.0;A
2018;21;;00;11;;5.0;A
2018;21;;00;14;;3.0;A
2018;21;;00;18;;1.0;A
2018;21;;00;21;;259.0;A
2018;21;;00;23;;3.0;A
2018;21;;00;41;;17.0;A
2018;21;;00;C01;;289.0;A
2018;21;;00;C02;;27.0;A
2018;21;;00;66;;294.0;A
2018;21;;00;00;;610.0;A
2018;21;;01;11;;3.0;A
2018;21;;01;14;;2.0;A
2018;21;;01;18;;1.0;A
2018;21;;01;21;;152.0;A
2018;21;;01;23;;1.0;A
2018;21;;01;41;;9.0;A
2018;21;;01;C01;;168.0;A
2018;21;;01;C02;;16.0;A
2018;21;;01;66;;153.0;A
2018;21;;01;00;;337.0;A
2018;21;;06;04;;1.0;A
2018;21;;06;11;;2.0;A
2018;21;;06;14;;1.0;A
2018;21;;06;21;;107.0;A
2018;21;;06;23;;2.0;A
2018;21;;06;41;;8.0;A
2018;21;;06;C01;;121.0;A
2018;21;;06;C02;;11.0;A
2018;21;;06;66;;141.0;A
2018;21;;06;00;;273.0;A
2018;23;;00;11;;1.0;A
2018;23;;00;14;;9.0;A
2018;23;;00;18;;5.0;A
2018;23;;00;21;;1.0;A
2018;23;;00;23;;337.0;A
2018;23;;00;41;;4.0;A
2018;23;;00;C01;;357.0;A
2018;23;;00;C02;;30.0;A
2018;23;;00;66;;381.0;A
2018;23;;00;00;;768.0;A
2018;23;;01;11;;1.0;A
2018;23;;01;14;;5.0;A
2018;23;;01;18;;3.0;A
2018;23;;01;23;;191.0;A
2018;23;;01;41;;2.0;A
2018;23;;01;C01;;202.0;A
2018;23;;01;C02;;13.0;A
2018;23;;01;66;;197.0;A
2018;23;;01;00;;412.0;A
2018;23;;06;14;;4.0;A
2018;23;;06;18;;2.0;A
2018;23;;06;21;;1.0;A
2018;23;;06;23;;146.0;A
2018;23;;06;41;;2.0;A
2018;23;;06;C01;;155.0;A
2018;23;;06;C02;;17.0;A
2018;23;;06;66;;184.0;A
2018;23;;06;00;;356.0;A
2018;29;;00;04;;5.0;A
2018;29;;00;11;;34.0;A
2018;29;;00;14;;16.0;A
2018;29;;00;18;;32.0;A
2018;29;;00;21;;4.0;A
2018;29;;00;23;;20.0;A
2018;29;;00;29;;1302.0;A
2018;29;;00;41;;21.0;A
2018;29;;00;C01;;1434.0;A
2018;29;;00;C02;;267.0;A
2018;29;;00;66;;2602.0;A
2018;29;;00;00;;4303.0;A
2018;29;;01;04;;1.0;A
2018;29;;01;11;;17.0;A
2018;29;;01;14;;11.0;A
2018;29;;01;18;;20.0;A
2018;29;;01;21;;3.0;A
2018;29;;01;23;;8.0;A
2018;29;;01;29;;684.0;A
2018;29;;01;41;;10.0;A
2018;29;;01;C01;;754.0;A
2018;29;;01;C02;;152.0;A
2018;29;;01;66;;1396.0;A
2018;29;;01;00;;2302.0;A
2018;29;;06;04;;4.0;A
2018;29;;06;11;;17.0;A
2018;29;;06;14;;5.0;A
2018;29;;06;18;;12.0;A
2018;29;;06;21;;1.0;A
2018;29;;06;23;;12.0;A
2018;29;;06;29;;618.0;A
2018;29;;06;41;;11.0;A
2018;29;;06;C01;;680.0;A
2018;29;;06;C02;;115.0;A
2018;29;;06;66;;1206.0;A
2018;29;;06;00;;2001.0;A
2018;41;;00;04;;7.0;A
2018;41;;00;11;;40.0;A
2018;41;;00;14;;25.0;A
2018;41;;00;18;;7.0;A
2018;41;;00;21;;12.0;A
2018;41;;00;23;;10.0;A
2018;41;;00;29;;10.0;A
2018;41;;00;41;;1334.0;A
2018;41;;00;C01;;1445.0;A
2018;41;;00;C02;;172.0;A
2018;41;;00;66;;1596.0;A
2018;41;;00;00;;3213.0;A
2018;41;;01;04;;3.0;A
2018;41;;01;11;;22.0;A
2018;41;;01;14;;16.0;A
2018;41;;01;18;;6.0;A
2018;41;;01;21;;5.0;A
2018;41;;01;23;;5.0;A
2018;41;;01;29;;1.0;A
2018;41;;01;41;;719.0;A
2018;41;;01;C01;;777.0;A
2018;41;;01;C02;;85.0;A
2018;41;;01;66;;776.0;A
2018;41;;01;00;;1638.0;A
2018;41;;06;04;;4.0;A
2018;41;;06;11;;18.0;A
2018;41;;06;14;;9.0;A
2018;41;;06;18;;1.0;A
2018;41;;06;21;;7.0;A
2018;41;;06;23;;5.0;A
2018;41;;06;29;;9.0;A
2018;41;;06;41;;615.0;A
2018;41;;06;C01;;668.0;A
2018;41;;06;C02;;87.0;A
2018;41;;06;66;;820.0;A
2018;41;;06;00;;1575.0;A
2018;C01;;00;04;;598.0;A
2018;C01;;00;11;;1109.0;A
2018;C01;;00;14;;522.0;A
2018;C01;;00;18;;874.0;A
2018;C01;;00;21;;286.0;A
2018;C01;;00;23;;391.0;A
2018;C01;;00;29;;1357.0;A
2018;C01;;00;41;;1422.0;A
2018;C01;;00;C01;;6559.0;A
2018;C01;;00;C02;;913.0;A
2018;C01;;00;66;;9401.0;A
2018;C01;;00;00;;16873.0;A
2018;C01;;01;04;;315.0;A
2018;C01;;01;11;;596.0;A
2018;C01;;01;14;;289.0;A
2018;C01;;01;18;;472.0;A
2018;C01;;01;21;;163.0;A
2018;C01;;01;23;;216.0;A
2018;C01;;01;29;;711.0;A
2018;C01;;01;41;;761.0;A
2018;C01;;01;C01;;3523.0;A
2018;C01;;01;C02;;494.0;A
2018;C01;;01;66;;4798.0;A
2018;C01;;01;00;;8815.0;A
2018;C01;;06;04;;283.0;A
2018;C01;;06;11;;513.0;A
2018;C01;;06;14;;233.0;A
2018;C01;;06;18;;402.0;A
2018;C01;;06;21;;123.0;A
2018;C01;;06;23;;175.0;A
2018;C01;;06;29;;646.0;A
2018;C01;;06;41;;661.0;A
2018;C01;;06;C01;;3036.0;A
2018;C01;;06;C02;;419.0;A
2018;C01;;06;66;;4603.0;A
2018;C01;;06;00;;8058.0;A
2018;C02;;00;04;;93.0;A
2018;C02;;00;11;;209.0;A
2018;C02;;00;14;;111.0;A
2018;C02;;00;18;;176.0;A
2018;C02;;00;21;;36.0;A
2018;C02;;00;23;;118.0;A
2018;C02;;00;29;;162.0;A
2018;C02;;00;41;;201.0;A
2018;C02;;00;C01;;1106.0;A
2018;C02;;00;00;;1106.0;A
2018;C02;;01;04;;45.0;A
2018;C02;;01;11;;128.0;A
2018;C02;;01;14;;63.0;A
2018;C02;;01;18;;111.0;A
2018;C02;;01;21;;23.0;A
2018;C02;;01;23;;73.0;A
2018;C02;;01;29;;82.0;A
2018;C02;;01;41;;111.0;A
2018;C02;;01;C01;;636.0;A
2018;C02;;01;00;;636.0;A
2018;C02;;06;04;;48.0;A
2018;C02;;06;11;;81.0;A
2018;C02;;06;14;;48.0;A
2018;C02;;06;18;;65.0;A
2018;C02;;06;21;;13.0;A
2018;C02;;06;23;;45.0;A
2018;C02;;06;29;;80.0;A
2018;C02;;06;41;;90.0;A
2018;C02;;06;C01;;470.0;A
2018;C02;;06;00;;470.0;A
2018;00;;00;04;;691.0;A
2018;00;;00;11;;1318.0;A
2018;00;;00;14;;633.0;A
2018;00;;00;18;;1050.0;A
2018;00;;00;21;;322.0;A
2018;00;;00;23;;509.0;A
2018;00;;00;29;;1519.0;A
2018;00;;00;41;;1623.0;A
2018;00;;00;C01;;7665.0;A
2018;00;;00;C02;;913.0;A
2018;00;;00;66;;9401.0;A
2018;00;;00;00;;17979.0;A
2018;00;;01;04;;360.0;A
2018;00;;01;11;;724.0;A
2018;00;;01;14;;352.0;A
2018;00;;01;18;;583.0;A
2018;00;;01;21;;186.0;A
2018;00;;01;23;;289.0;A
2018;00;;01;29;;793.0;A
2018;00;;01;41;;872.0;A
2018;00;;01;C01;;4159.0;A
2018;00;;01;C02;;494.0;A
2018;00;;01;66;;4798.0;A
2018;00;;01;00;;9451.0;A
2018;00;;06;04;;331.0;A
2018;00;;06;11;;594.0;A
2018;00;;06;14;;281.0;A
2018;00;;06;18;;467.0;A
2018;00;;06;21;;136.0;A
2018;00;;06;23;;220.0;A
2018;00;;06;29;;726.0;A
2018;00;;06;41;;751.0;A
2018;00;;06;C01;;3506.0;A
2018;00;;06;C02;;419.0;A
2018;00;;06;66;;4603.0;A
2018;00;;06;00;;8528.0;A
2019;04;;00;04;;504.0;A
2019;04;;00;11;;2.0;A
2019;04;;00;14;;5.0;A
2019;04;;00;18;;24.0;A
2019;04;;00;21;;1.0;A
2019;04;;00;23;;7.0;A
2019;04;;00;29;;8.0;A
2019;04;;00;41;;4.0;A
2019;04;;00;C01;;555.0;A
2019;04;;00;C02;;73.0;A
2019;04;;00;66;;1617.0;A
2019;04;;00;00;;2245.0;A
2019;04;;01;04;;271.0;A
2019;04;;01;11;;1.0;A
2019;04;;01;14;;4.0;A
2019;04;;01;18;;13.0;A
2019;04;;01;21;;1.0;A
2019;04;;01;23;;4.0;A
2019;04;;01;29;;3.0;A
2019;04;;01;41;;3.0;A
2019;04;;01;C01;;300.0;A
2019;04;;01;C02;;40.0;A
2019;04;;01;66;;832.0;A
2019;04;;01;00;;1172.0;A
2019;04;;06;04;;233.0;A
2019;04;;06;11;;1.0;A
2019;04;;06;14;;1.0;A
2019;04;;06;18;;11.0;A
2019;04;;06;23;;3.0;A
2019;04;;06;29;;5.0;A
2019;04;;06;41;;1.0;A
2019;04;;06;C01;;255.0;A
2019;04;;06;C02;;33.0;A
2019;04;;06;66;;785.0;A
2019;04;;06;00;;1073.0;A
2019;11;;00;04;;3.0;A
2019;11;;00;11;;903.0;A
2019;11;;00;14;;7.0;A
2019;11;;00;18;;5.0;A
2019;11;;00;21;;4.0;A
2019;11;;00;23;;5.0;A
2019;11;;00;29;;16.0;A
2019;11;;00;41;;35.0;A
2019;11;;00;C01;;978.0;A
2019;11;;00;C02;;142.0;A
2019;11;;00;66;;847.0;A
2019;11;;00;00;;1967.0;A
2019;11;;01;04;;2.0;A
2019;11;;01;11;;488.0;A
2019;11;;01;14;;5.0;A
2019;11;;01;18;;2.0;A
2019;11;;01;21;;2.0;A
2019;11;;01;23;;2.0;A
2019;11;;01;29;;7.0;A
2019;11;;01;41;;19.0;A
2019;11;;01;C01;;527.0;A
2019;11;;01;C02;;73.0;A
2019;11;;01;66;;422.0;A
2019;11;;01;00;;1022.0;A
2019;11;;06;04;;1.0;A
2019;11;;06;11;;415.0;A
2019;11;;06;14;;2.0;A
2019;11;;06;18;;3.0;A
2019;11;;06;21;;2.0;A
2019;11;;06;23;;3.0;A
2019;11;;06;29;;9.0;A
2019;11;;06;41;;16.0;A
2019;11;;06;C01;;451.0;A
2019;11;;06;C02;;69.0;A
2019;11;;06;66;;425.0;A
2019;11;;06;00;;945.0;A
2019;14;;00;11;;2.0;A
2019;14;;00;14;;486.0;A
2019;14;;00;18;;7.0;A
2019;14;;00;23;;4.0;A
2019;14;;00;29;;7.0;A
2019;14;;00;41;;11.0;A
2019;14;;00;C01;;517.0;A
2019;14;;00;C02;;46.0;A
2019;14;;00;66;;456.0;A
2019;14;;00;00;;1019.0;A
2019;14;;01;11;;2.0;A
2019;14;;01;14;;259.0;A
2019;14;;01;18;;4.0;A
2019;14;;01;23;;3.0;A
2019;14;;01;29;;2.0;A
2019;14;;01;41;;4.0;A
2019;14;;01;C01;;274.0;A
2019;14;;01;C02;;23.0;A
2019;14;;01;66;;223.0;A
2019;14;;01;00;;520.0;A
2019;14;;06;14;;227.0;A
2019;14;;06;18;;3.0;A
2019;14;;06;23;;1.0;A
2019;14;;06;29;;5.0;A
2019;14;;06;41;;7.0;A
2019;14;;06;C01;;243.0;A
2019;14;;06;C02;;23.0;A
2019;14;;06;66;;233.0;A
2019;14;;06;00;;499.0;A
2019;18;;00;04;;10.0;A
2019;18;;00;11;;9.0;A
2019;18;;00;14;;5.0;A
2019;18;;00;18;;764.0;A
2019;18;;00;21;;1.0;A
2019;18;;00;23;;14.0;A
2019;18;;00;29;;8.0;A
2019;18;;00;41;;5.0;A
2019;18;;00;C01;;816.0;A
2019;18;;00;C02;;117.0;A
2019;18;;00;66;;1601.0;A
2019;18;;00;00;;2534.0;A
2019;18;;01;04;;5.0;A
2019;18;;01;11;;6.0;A
2019;18;;01;14;;2.0;A
2019;18;;01;18;;400.0;A
2019;18;;01;21;;1.0;A
2019;18;;01;23;;11.0;A
2019;18;;01;29;;4.0;A
2019;18;;01;41;;4.0;A
2019;18;;01;C01;;433.0;A
2019;18;;01;C02;;57.0;A
2019;18;;01;66;;807.0;A
2019;18;;01;00;;1297.0;A
2019;18;;06;04;;5.0;A
2019;18;;06;11;;3.0;A
2019;18;;06;14;;3.0;A
2019;18;;06;18;;364.0;A
2019;18;;06;23;;3.0;A
2019;18;;06;29;;4.0;A
2019;18;;06;41;;1.0;A
2019;18;;06;C01;;383.0;A
2019;18;;06;C02;;60.0;A
2019;18;;06;66;;794.0;A
2019;18;;06;00;;1237.0;A
2019;21;;00;11;;8.0;A
2019;21;;00;14;;5.0;A
2019;21;;00;18;;1.0;A
2019;21;;00;21;;215.0;A
2019;21;;00;29;;1.0;A
2019;21;;00;41;;16.0;A
2019;21;;00;C01;;246.0;A
2019;21;;00;C02;;21.0;A
2019;21;;00;66;;292.0;A
2019;21;;00;00;;559.0;A
2019;21;;01;11;;6.0;A
2019;21;;01;14;;1.0;A
2019;21;;01;18;;1.0;A
2019;21;;01;21;;115.0;A
2019;21;;01;29;;1.0;A
2019;21;;01;41;;8.0;A
2019;21;;01;C01;;132.0;A
2019;21;;01;C02;;11.0;A
2019;21;;01;66;;151.0;A
2019;21;;01;00;;294.0;A
2019;21;;06;11;;2.0;A
2019;21;;06;14;;4.0;A
2019;21;;06;21;;100.0;A
2019;21;;06;41;;8.0;A
2019;21;;06;C01;;114.0;A
2019;21;;06;C02;;10.0;A
2019;21;;06;66;;141.0;A
2019;21;;06;00;;265.0;A
2019;23;;00;04;;2.0;A
2019;23;;00;18;;9.0;A
2019;23;;00;23;;354.0;A
2019;23;;00;29;;2.0;A
2019;23;;00;41;;3.0;A
2019;23;;00;C01;;370.0;A
2019;23;;00;C02;;41.0;A
2019;23;;00;66;;433.0;A
2019;23;;00;NC000;;1.0;A
2019;23;;00;00;;845.0;A
2019;23;;01;18;;4.0;A
2019;23;;01;23;;182.0;A
2019;23;;01;41;;1.0;A
2019;23;;01;C01;;187.0;A
2019;23;;01;C02;;21.0;A
2019;23;;01;66;;228.0;A
2019;23;;01;00;;436.0;A
2019;23;;06;04;;2.0;A
2019;23;;06;18;;5.0;A
2019;23;;06;23;;172.0;A
2019;23;;06;29;;2.0;A
2019;23;;06;41;;2.0;A
2019;23;;06;C01;;183.0;A
2019;23;;06;C02;;20.0;A
2019;23;;06;66;;205.0;A
2019;23;;06;NC000;;1.0;A
2019;23;;06;00;;409.0;A
2019;29;;00;04;;10.0;A
2019;29;;00;11;;36.0;A
2019;29;;00;14;;27.0;A
2019;29;;00;18;;38.0;A
2019;29;;00;21;;5.0;A
2019;29;;00;23;;25.0;A
2019;29;;00;29;;1348.0;A
2019;29;;00;41;;36.0;A
2019;29;;00;C01;;1525.0;A
2019;29;;00;C02;;269.0;A
2019;29;;00;66;;2647.0;A
2019;29;;00;NC000;;1.0;A
2019;29;;00;00;;4442.0;A
2019;29;;01;04;;6.0;A
2019;29;;01;11;;18.0;A
2019;29;;01;14;;15.0;A
2019;29;;01;18;;20.0;A
2019;29;;01;21;;4.0;A
2019;29;;01;23;;13.0;A
2019;29;;01;29;;687.0;A
2019;29;;01;41;;20.0;A
2019;29;;01;C01;;783.0;A
2019;29;;01;C02;;150.0;A
2019;29;;01;66;;1349.0;A
2019;29;;01;00;;2282.0;A
2019;29;;06;04;;4.0;A
2019;29;;06;11;;18.0;A
2019;29;;06;14;;12.0;A
2019;29;;06;18;;18.0;A
2019;29;;06;21;;1.0;A
2019;29;;06;23;;12.0;A
2019;29;;06;29;;661.0;A
2019;29;;06;41;;16.0;A
2019;29;;06;C01;;742.0;A
2019;29;;06;C02;;119.0;A
2019;29;;06;66;;1298.0;A
2019;29;;06;NC000;;1.0;A
2019;29;;06;00;;2160.0;A
2019;41;;00;04;;4.0;A
2019;41;;00;11;;35.0;A
2019;41;;00;14;;29.0;A
2019;41;;00;18;;7.0;A
2019;41;;00;21;;13.0;A
2019;41;;00;23;;14.0;A
2019;41;;00;29;;15.0;A
2019;41;;00;41;;1312.0;A
2019;41;;00;C01;;1429.0;A
2019;41;;00;C02;;161.0;A
2019;41;;00;66;;1525.0;A
2019;41;;00;00;;3115.0;A
2019;41;;01;04;;4.0;A
2019;41;;01;11;;21.0;A
2019;41;;01;14;;18.0;A
2019;41;;01;18;;4.0;A
2019;41;;01;21;;5.0;A
2019;41;;01;23;;9.0;A
2019;41;;01;29;;9.0;A
2019;41;;01;41;;675.0;A
2019;41;;01;C01;;745.0;A
2019;41;;01;C02;;86.0;A
2019;41;;01;66;;774.0;A
2019;41;;01;00;;1605.0;A
2019;41;;06;11;;14.0;A
2019;41;;06;14;;11.0;A
2019;41;;06;18;;3.0;A
2019;41;;06;21;;8.0;A
2019;41;;06;23;;5.0;A
2019;41;;06;29;;6.0;A
2019;41;;06;41;;637.0;A
2019;41;;06;C01;;684.0;A
2019;41;;06;C02;;75.0;A
2019;41;;06;66;;751.0;A
2019;41;;06;00;;1510.0;A
2019;C01;;00;04;;533.0;A
2019;C01;;00;11;;995.0;A
2019;C01;;00;14;;564.0;A
2019;C01;;00;18;;855.0;A
2019;C01;;00;21;;239.0;A
2019;C01;;00;23;;423.0;A
2019;C01;;00;29;;1405.0;A
2019;C01;;00;41;;1422.0;A
2019;C01;;00;C01;;6436.0;A
2019;C01;;00;C02;;870.0;A
2019;C01;;00;66;;9418.0;A
2019;C01;;00;NC000;;2.0;A
2019;C01;;00;00;;16726.0;A
2019;C01;;01;04;;288.0;A
2019;C01;;01;11;;542.0;A
2019;C01;;01;14;;304.0;A
2019;C01;;01;18;;448.0;A
2019;C01;;01;21;;128.0;A
2019;C01;;01;23;;224.0;A
2019;C01;;01;29;;713.0;A
2019;C01;;01;41;;734.0;A
2019;C01;;01;C01;;3381.0;A
2019;C01;;01;C02;;461.0;A
2019;C01;;01;66;;4786.0;A
2019;C01;;01;00;;8628.0;A
2019;C01;;06;04;;245.0;A
2019;C01;;06;11;;453.0;A
2019;C01;;06;14;;260.0;A
2019;C01;;06;18;;407.0;A
2019;C01;;06;21;;111.0;A
2019;C01;;06;23;;199.0;A
2019;C01;;06;29;;692.0;A
2019;C01;;06;41;;688.0;A
2019;C01;;06;C01;;3055.0;A
2019;C01;;06;C02;;409.0;A
2019;C01;;06;66;;4632.0;A
2019;C01;;06;NC000;;2.0;A
2019;C01;;06;00;;8098.0;A
2019;C02;;00;04;;94.0;A
2019;C02;;00;11;;159.0;A
2019;C02;;00;14;;104.0;A
2019;C02;;00;18;;170.0;A
2019;C02;;00;21;;46.0;A
2019;C02;;00;23;;105.0;A
2019;C02;;00;29;;151.0;A
2019;C02;;00;41;;204.0;A
2019;C02;;00;C01;;1033.0;A
2019;C02;;00;00;;1033.0;A
2019;C02;;01;04;;50.0;A
2019;C02;;01;11;;97.0;A
2019;C02;;01;14;;63.0;A
2019;C02;;01;18;;99.0;A
2019;C02;;01;21;;28.0;A
2019;C02;;01;23;;50.0;A
2019;C02;;01;29;;75.0;A
2019;C02;;01;41;;119.0;A
2019;C02;;01;C01;;581.0;A
2019;C02;;01;00;;581.0;A
2019;C02;;06;04;;44.0;A
2019;C02;;06;11;;62.0;A
2019;C02;;06;14;;41.0;A
2019;C02;;06;18;;71.0;A
2019;C02;;06;21;;18.0;A
2019;C02;;06;23;;55.0;A
2019;C02;;06;29;;76.0;A
2019;C02;;06;41;;85.0;A
2019;C02;;06;C01;;452.0;A
2019;C02;;06;00;;452.0;A
2019;00;;00;04;;627.0;A
2019;00;;00;11;;1154.0;A
2019;00;;00;14;;668.0;A
2019;00;;00;18;;1025.0;A
2019;00;;00;21;;285.0;A
2019;00;;00;23;;528.0;A
2019;00;;00;29;;1556.0;A
2019;00;;00;41;;1626.0;A
2019;00;;00;C01;;7469.0;A
2019;00;;00;C02;;870.0;A
2019;00;;00;66;;9418.0;A
2019;00;;00;NC000;;2.0;A
2019;00;;00;00;;17759.0;A
2019;00;;01;04;;338.0;A
2019;00;;01;11;;639.0;A
2019;00;;01;14;;367.0;A
2019;00;;01;18;;547.0;A
2019;00;;01;21;;156.0;A
2019;00;;01;23;;274.0;A
2019;00;;01;29;;788.0;A
2019;00;;01;41;;853.0;A
2019;00;;01;C01;;3962.0;A
2019;00;;01;C02;;461.0;A
2019;00;;01;66;;4786.0;A
2019;00;;01;00;;9209.0;A
2019;00;;06;04;;289.0;A
2019;00;;06;11;;515.0;A
2019;00;;06;14;;301.0;A
2019;00;;06;18;;478.0;A
2019;00;;06;21;;129.0;A
2019;00;;06;23;;254.0;A
2019;00;;06;29;;768.0;A
2019;00;;06;41;;773.0;A
2019;00;;06;C01;;3507.0;A
2019;00;;06;C02;;409.0;A
2019;00;;06;66;;4632.0;A
2019;00;;06;NC000;;2.0;A
2019;00;;06;00;;8550.0;A
2020;04;;00;04;;578.0;A
2020;04;;00;11;;4.0;A
2020;04;;00;14;;3.0;A
2020;04;;00;18;;14.0;A
2020;04;;00;21;;1.0;A
2020;04;;00;23;;5.0;A
2020;04;;00;29;;9.0;A
2020;04;;00;41;;3.0;A
2020;04;;00;C01;;617.0;A
2020;04;;00;C02;;77.0;A
2020;04;;00;66;;1653.0;A
2020;04;;00;00;;2347.0;A
2020;04;;01;04;;281.0;A
2020;04;;01;11;;2.0;A
2020;04;;01;14;;2.0;A
2020;04;;01;18;;7.0;A
2020;04;;01;23;;1.0;A
2020;04;;01;29;;4.0;A
2020;04;;01;41;;1.0;A
2020;04;;01;C01;;298.0;A
2020;04;;01;C02;;41.0;A
2020;04;;01;66;;839.0;A
2020;04;;01;00;;1178.0;A
2020;04;;06;04;;297.0;A
2020;04;;06;11;;2.0;A
2020;04;;06;14;;1.0;A
2020;04;;06;18;;7.0;A
2020;04;;06;21;;1.0;A
2020;04;;06;23;;4.0;A
2020;04;;06;29;;5.0;A
2020;04;;06;41;;2.0;A
2020;04;;06;C01;;319.0;A
2020;04;;06;C02;;36.0;A
2020;04;;06;66;;814.0;A
2020;04;;06;00;;1169.0;A
2020;11;;00;04;;2.0;A
2020;11;;00;11;;1051.0;A
2020;11;;00;14;;8.0;A
2020;11;;00;18;;6.0;A
2020;11;;00;21;;5.0;A
2020;11;;00;23;;3.0;A
2020;11;;00;29;;27.0;A
2020;11;;00;41;;48.0;A
2020;11;;00;C01;;1150.0;A
2020;11;;00;C02;;166.0;A
2020;11;;00;66;;876.0;A
2020;11;;00;00;;2192.0;A
2020;11;;01;04;;2.0;A
2020;11;;01;11;;531.0;A
2020;11;;01;14;;4.0;A
2020;11;;01;18;;3.0;A
2020;11;;01;21;;2.0;A
2020;11;;01;23;;2.0;A
2020;11;;01;29;;11.0;A
2020;11;;01;41;;21.0;A
2020;11;;01;C01;;576.0;A
2020;11;;01;C02;;93.0;A
2020;11;;01;66;;451.0;A
2020;11;;01;00;;1120.0;A
2020;11;;06;11;;520.0;A
2020;11;;06;14;;4.0;A
2020;11;;06;18;;3.0;A
2020;11;;06;21;;3.0;A
2020;11;;06;23;;1.0;A
2020;11;;06;29;;16.0;A
2020;11;;06;41;;27.0;A
2020;11;;06;C01;;574.0;A
2020;11;;06;C02;;73.0;A
2020;11;;06;66;;425.0;A
2020;11;;06;00;;1072.0;A
2020;14;;00;11;;6.0;A
2020;14;;00;14;;506.0;A
2020;14;;00;18;;3.0;A
2020;14;;00;21;;2.0;A
2020;14;;00;23;;5.0;A
2020;14;;00;29;;5.0;A
2020;14;;00;41;;16.0;A
2020;14;;00;C01;;543.0;A
2020;14;;00;C02;;51.0;A
2020;14;;00;66;;531.0;A
2020;14;;00;00;;1125.0;A
2020;14;;01;11;;1.0;A
2020;14;;01;14;;257.0;A
2020;14;;01;18;;2.0;A
2020;14;;01;23;;4.0;A
2020;14;;01;29;;1.0;A
2020;14;;01;41;;8.0;A
2020;14;;01;C01;;273.0;A
2020;14;;01;C02;;32.0;A
2020;14;;01;66;;266.0;A
2020;14;;01;00;;571.0;A
2020;14;;06;11;;5.0;A
2020;14;;06;14;;249.0;A
2020;14;;06;18;;1.0;A
2020;14;;06;21;;2.0;A
2020;14;;06;23;;1.0;A
2020;14;;06;29;;4.0;A
2020;14;;06;41;;8.0;A
2020;14;;06;C01;;270.0;A
2020;14;;06;C02;;19.0;A
2020;14;;06;66;;265.0;A
2020;14;;06;00;;554.0;A
2020;18;;00;04;;20.0;A
2020;18;;00;11;;12.0;A
2020;18;;00;14;;15.0;A
2020;18;;00;18;;886.0;A
2020;18;;00;21;;4.0;A
2020;18;;00;23;;13.0;A
2020;18;;00;29;;16.0;A
2020;18;;00;41;;7.0;A
2020;18;;00;C01;;973.0;A
2020;18;;00;C02;;142.0;A
2020;18;;00;66;;1806.0;A
2020;18;;00;00;;2921.0;A
2020;18;;01;04;;13.0;A
2020;18;;01;11;;8.0;A
2020;18;;01;14;;6.0;A
2020;18;;01;18;;423.0;A
2020;18;;01;21;;1.0;A
2020;18;;01;23;;9.0;A
2020;18;;01;29;;8.0;A
2020;18;;01;41;;4.0;A
2020;18;;01;C01;;472.0;A
2020;18;;01;C02;;82.0;A
2020;18;;01;66;;916.0;A
2020;18;;01;00;;1470.0;A
2020;18;;06;04;;7.0;A
2020;18;;06;11;;4.0;A
2020;18;;06;14;;9.0;A
2020;18;;06;18;;463.0;A
2020;18;;06;21;;3.0;A
2020;18;;06;23;;4.0;A
2020;18;;06;29;;8.0;A
2020;18;;06;41;;3.0;A
2020;18;;06;C01;;501.0;A
2020;18;;06;C02;;60.0;A
2020;18;;06;66;;890.0;A
2020;18;;06;00;;1451.0;A
2020;21;;00;11;;7.0;A
2020;21;;00;21;;277.0;A
2020;21;;00;23;;2.0;A
2020;21;;00;41;;13.0;A
2020;21;;00;C01;;299.0;A
2020;21;;00;C02;;33.0;A
2020;21;;00;66;;310.0;A
2020;21;;00;00;;642.0;A
2020;21;;01;11;;3.0;A
2020;21;;01;21;;140.0;A
2020;21;;01;23;;2.0;A
2020;21;;01;41;;6.0;A
2020;21;;01;C01;;151.0;A
2020;21;;01;C02;;18.0;A
2020;21;;01;66;;169.0;A
2020;21;;01;00;;338.0;A
2020;21;;06;11;;4.0;A
2020;21;;06;21;;137.0;A
2020;21;;06;41;;7.0;A
2020;21;;06;C01;;148.0;A
2020;21;;06;C02;;15.0;A
2020;21;;06;66;;141.0;A
2020;21;;06;00;;304.0;A
2020;23;;00;04;;1.0;A
2020;23;;00;11;;5.0;A
2020;23;;00;14;;1.0;A
2020;23;;00;18;;12.0;A
2020;23;;00;21;;1.0;A
2020;23;;00;23;;416.0;A
2020;23;;00;29;;4.0;A
2020;23;;00;41;;1.0;A
2020;23;;00;C01;;441.0;A
2020;23;;00;C02;;41.0;A
2020;23;;00;66;;410.0;A
2020;23;;00;00;;892.0;A
2020;23;;01;04;;1.0;A
2020;23;;01;11;;3.0;A
2020;23;;01;18;;5.0;A
2020;23;;01;21;;1.0;A
2020;23;;01;23;;199.0;A
2020;23;;01;29;;3.0;A
2020;23;;01;C01;;212.0;A
2020;23;;01;C02;;23.0;A
2020;23;;01;66;;201.0;A
2020;23;;01;00;;436.0;A
2020;23;;06;11;;2.0;A
2020;23;;06;14;;1.0;A
2020;23;;06;18;;7.0;A
2020;23;;06;23;;217.0;A
2020;23;;06;29;;1.0;A
2020;23;;06;41;;1.0;A
2020;23;;06;C01;;229.0;A
2020;23;;06;C02;;18.0;A
2020;23;;06;66;;209.0;A
2020;23;;06;00;;456.0;A
2020;29;;00;04;;12.0;A
2020;29;;00;11;;41.0;A
2020;29;;00;14;;25.0;A
2020;29;;00;18;;32.0;A
2020;29;;00;21;;5.0;A
2020;29;;00;23;;29.0;A
2020;29;;00;29;;1324.0;A
2020;29;;00;41;;32.0;A
2020;29;;00;C01;;1500.0;A
2020;29;;00;C02;;282.0;A
2020;29;;00;66;;2805.0;A
2020;29;;00;NC000;;2.0;A
2020;29;;00;00;;4589.0;A
2020;29;;01;04;;8.0;A
2020;29;;01;11;;17.0;A
2020;29;;01;14;;13.0;A
2020;29;;01;18;;14.0;A
2020;29;;01;21;;3.0;A
2020;29;;01;23;;14.0;A
2020;29;;01;29;;677.0;A
2020;29;;01;41;;15.0;A
2020;29;;01;C01;;761.0;A
2020;29;;01;C02;;144.0;A
2020;29;;01;66;;1412.0;A
2020;29;;01;NC000;;2.0;A
2020;29;;01;00;;2319.0;A
2020;29;;06;04;;4.0;A
2020;29;;06;11;;24.0;A
2020;29;;06;14;;12.0;A
2020;29;;06;18;;18.0;A
2020;29;;06;21;;2.0;A
2020;29;;06;23;;15.0;A
2020;29;;06;29;;647.0;A
2020;29;;06;41;;17.0;A
2020;29;;06;C01;;739.0;A
2020;29;;06;C02;;138.0;A
2020;29;;06;66;;1393.0;A
2020;29;;06;00;;2270.0;A
2020;41;;00;04;;8.0;A
2020;41;;00;11;;51.0;A
2020;41;;00;14;;27.0;A
2020;41;;00;18;;13.0;A
2020;41;;00;21;;21.0;A
2020;41;;00;23;;13.0;A
2020;41;;00;29;;14.0;A
2020;41;;00;41;;1526.0;A
2020;41;;00;C01;;1673.0;A
2020;41;;00;C02;;190.0;A
2020;41;;00;66;;1689.0;A
2020;41;;00;00;;3552.0;A
2020;41;;01;04;;4.0;A
2020;41;;01;11;;26.0;A
2020;41;;01;14;;17.0;A
2020;41;;01;18;;4.0;A
2020;41;;01;21;;13.0;A
2020;41;;01;23;;8.0;A
2020;41;;01;29;;7.0;A
2020;41;;01;41;;808.0;A
2020;41;;01;C01;;887.0;A
2020;41;;01;C02;;93.0;A
2020;41;;01;66;;835.0;A
2020;41;;01;00;;1815.0;A
2020;41;;06;04;;4.0;A
2020;41;;06;11;;25.0;A
2020;41;;06;14;;10.0;A
2020;41;;06;18;;9.0;A
2020;41;;06;21;;8.0;A
2020;41;;06;23;;5.0;A
2020;41;;06;29;;7.0;A
2020;41;;06;41;;718.0;A
2020;41;;06;C01;;786.0;A
2020;41;;06;C02;;97.0;A
2020;41;;06;66;;854.0;A
2020;41;;06;00;;1737.0;A
2020;C01;;00;04;;621.0;A
2020;C01;;00;11;;1177.0;A
2020;C01;;00;14;;585.0;A
2020;C01;;00;18;;966.0;A
2020;C01;;00;21;;316.0;A
2020;C01;;00;23;;486.0;A
2020;C01;;00;29;;1399.0;A
2020;C01;;00;41;;1646.0;A
2020;C01;;00;C01;;7196.0;A
2020;C01;;00;C02;;982.0;A
2020;C01;;00;66;;10080.0;A
2020;C01;;00;NC000;;2.0;A
2020;C01;;00;00;;18260.0;A
2020;C01;;01;04;;309.0;A
2020;C01;;01;11;;591.0;A
2020;C01;;01;14;;299.0;A
2020;C01;;01;18;;458.0;A
2020;C01;;01;21;;160.0;A
2020;C01;;01;23;;239.0;A
2020;C01;;01;29;;711.0;A
2020;C01;;01;41;;863.0;A
2020;C01;;01;C01;;3630.0;A
2020;C01;;01;C02;;526.0;A
2020;C01;;01;66;;5089.0;A
2020;C01;;01;NC000;;2.0;A
2020;C01;;01;00;;9247.0;A
2020;C01;;06;04;;312.0;A
2020;C01;;06;11;;586.0;A
2020;C01;;06;14;;286.0;A
2020;C01;;06;18;;508.0;A
2020;C01;;06;21;;156.0;A
2020;C01;;06;23;;247.0;A
2020;C01;;06;29;;688.0;A
2020;C01;;06;41;;783.0;A
2020;C01;;06;C01;;3566.0;A
2020;C01;;06;C02;;456.0;A
2020;C01;;06;66;;4991.0;A
2020;C01;;06;00;;9013.0;A
2020;C02;;00;04;;83.0;A
2020;C02;;00;11;;212.0;A
2020;C02;;00;14;;151.0;A
2020;C02;;00;18;;165.0;A
2020;C02;;00;21;;49.0;A
2020;C02;;00;23;;120.0;A
2020;C02;;00;29;;170.0;A
2020;C02;;00;41;;236.0;A
2020;C02;;00;C01;;1186.0;A
2020;C02;;00;00;;1186.0;A
2020;C02;;01;04;;43.0;A
2020;C02;;01;11;;109.0;A
2020;C02;;01;14;;88.0;A
2020;C02;;01;18;;87.0;A
2020;C02;;01;21;;28.0;A
2020;C02;;01;23;;65.0;A
2020;C02;;01;29;;93.0;A
2020;C02;;01;41;;124.0;A
2020;C02;;01;C01;;637.0;A
2020;C02;;01;00;;637.0;A
2020;C02;;06;04;;40.0;A
2020;C02;;06;11;;103.0;A
2020;C02;;06;14;;63.0;A
2020;C02;;06;18;;78.0;A
2020;C02;;06;21;;21.0;A
2020;C02;;06;23;;55.0;A
2020;C02;;06;29;;77.0;A
2020;C02;;06;41;;112.0;A
2020;C02;;06;C01;;549.0;A
2020;C02;;06;00;;549.0;A
2020;00;;00;04;;704.0;A
2020;00;;00;11;;1389.0;A
2020;00;;00;14;;736.0;A
2020;00;;00;18;;1131.0;A
2020;00;;00;21;;365.0;A
2020;00;;00;23;;606.0;A
2020;00;;00;29;;1569.0;A
2020;00;;00;41;;1882.0;A
2020;00;;00;C01;;8382.0;A
2020;00;;00;C02;;982.0;A
2020;00;;00;66;;10080.0;A
2020;00;;00;NC000;;2.0;A
2020;00;;00;00;;19446.0;A
2020;00;;01;04;;352.0;A
2020;00;;01;11;;700.0;A
2020;00;;01;14;;387.0;A
2020;00;;01;18;;545.0;A
2020;00;;01;21;;188.0;A
2020;00;;01;23;;304.0;A
2020;00;;01;29;;804.0;A
2020;00;;01;41;;987.0;A
2020;00;;01;C01;;4267.0;A
2020;00;;01;C02;;526.0;A
2020;00;;01;66;;5089.0;A
2020;00;;01;NC000;;2.0;A
2020;00;;01;00;;9884.0;A
2020;00;;06;04;;352.0;A
2020;00;;06;11;;689.0;A
2020;00;;06;14;;349.0;A
2020;00;;06;18;;586.0;A
2020;00;;06;21;;177.0;A
2020;00;;06;23;;302.0;A
2020;00;;06;29;;765.0;A
2020;00;;06;41;;895.0;A
2020;00;;06;C01;;4115.0;A
2020;00;;06;C02;;456.0;A
2020;00;;06;66;;4991.0;A
2020;00;;06;00;;9562.0;A
2021;04;;00;04;;394.0;A
2021;04;;00;11;;3.0;A
2021;04;;00;14;;4.0;A
2021;04;;00;18;;11.0;A
2021;04;;00;23;;5.0;A
2021;04;;00;29;;1.0;A
2021;04;;00;C01;;418.0;A
2021;04;;00;C02;;69.0;A
2021;04;;00;66;;1173.0;A
2021;04;;00;00;;1660.0;A
2021;04;;01;04;;194.0;A
2021;04;;01;11;;1.0;A
2021;04;;01;14;;2.0;A
2021;04;;01;18;;6.0;A
2021;04;;01;23;;2.0;A
2021;04;;01;C01;;205.0;A
2021;04;;01;C02;;38.0;A
2021;04;;01;66;;588.0;A
2021;04;;01;00;;831.0;A
2021;04;;06;04;;200.0;A
2021;04;;06;11;;2.0;A
2021;04;;06;14;;2.0;A
2021;04;;06;18;;5.0;A
2021;04;;06;23;;3.0;A
2021;04;;06;29;;1.0;A
2021;04;;06;C01;;213.0;A
2021;04;;06;C02;;31.0;A
2021;04;;06;66;;585.0;A
2021;04;;06;00;;829.0;A
2021;11;;00;04;;4.0;A
2021;11;;00;11;;621.0;A
2021;11;;00;14;;4.0;A
2021;11;;00;18;;6.0;A
2021;11;;00;21;;5.0;A
2021;11;;00;23;;1.0;A
2021;11;;00;29;;12.0;A
2021;11;;00;41;;26.0;A
2021;11;;00;C01;;679.0;A
2021;11;;00;C02;;114.0;A
2021;11;;00;66;;633.0;A
2021;11;;00;00;;1426.0;A
2021;11;;01;04;;3.0;A
2021;11;;01;11;;316.0;A
2021;11;;01;14;;2.0;A
2021;11;;01;18;;2.0;A
2021;11;;01;21;;2.0;A
2021;11;;01;29;;5.0;A
2021;11;;01;41;;13.0;A
2021;11;;01;C01;;343.0;A
2021;11;;01;C02;;66.0;A
2021;11;;01;66;;311.0;A
2021;11;;01;00;;720.0;A
2021;11;;06;04;;1.0;A
2021;11;;06;11;;305.0;A
2021;11;;06;14;;2.0;A
2021;11;;06;18;;4.0;A
2021;11;;06;21;;3.0;A
2021;11;;06;23;;1.0;A
2021;11;;06;29;;7.0;A
2021;11;;06;41;;13.0;A
2021;11;;06;C01;;336.0;A
2021;11;;06;C02;;48.0;A
2021;11;;06;66;;322.0;A
2021;11;;06;00;;706.0;A
2021;14;;00;04;;1.0;A
2021;14;;00;11;;6.0;A
2021;14;;00;14;;323.0;A
2021;14;;00;18;;3.0;A
2021;14;;00;21;;4.0;A
2021;14;;00;23;;5.0;A
2021;14;;00;29;;4.0;A
2021;14;;00;41;;4.0;A
2021;14;;00;C01;;350.0;A
2021;14;;00;C02;;22.0;A
2021;14;;00;66;;321.0;A
2021;14;;00;00;;693.0;A
2021;14;;01;04;;1.0;A
2021;14;;01;11;;3.0;A
2021;14;;01;14;;177.0;A
2021;14;;01;18;;2.0;A
2021;14;;01;21;;2.0;A
2021;14;;01;23;;3.0;A
2021;14;;01;29;;1.0;A
2021;14;;01;41;;2.0;A
2021;14;;01;C01;;191.0;A
2021;14;;01;C02;;13.0;A
2021;14;;01;66;;164.0;A
2021;14;;01;00;;368.0;A
2021;14;;06;11;;3.0;A
2021;14;;06;14;;146.0;A
2021;14;;06;18;;1.0;A
2021;14;;06;21;;2.0;A
2021;14;;06;23;;2.0;A
2021;14;;06;29;;3.0;A
2021;14;;06;41;;2.0;A
2021;14;;06;C01;;159.0;A
2021;14;;06;C02;;9.0;A
2021;14;;06;66;;157.0;A
2021;14;;06;00;;325.0;A
2021;18;;00;04;;7.0;A
2021;18;;00;11;;3.0;A
2021;18;;00;14;;4.0;A
2021;18;;00;18;;579.0;A
2021;18;;00;23;;11.0;A
2021;18;;00;29;;10.0;A
2021;18;;00;41;;2.0;A
2021;18;;00;C01;;616.0;A
2021;18;;00;C02;;75.0;A
2021;18;;00;66;;1210.0;A
2021;18;;00;00;;1901.0;A
2021;18;;01;04;;6.0;A
2021;18;;01;11;;2.0;A
2021;18;;01;14;;2.0;A
2021;18;;01;18;;300.0;A
2021;18;;01;23;;4.0;A
2021;18;;01;29;;4.0;A
2021;18;;01;C01;;318.0;A
2021;18;;01;C02;;38.0;A
2021;18;;01;66;;597.0;A
2021;18;;01;00;;953.0;A
2021;18;;06;04;;1.0;A
2021;18;;06;11;;1.0;A
2021;18;;06;14;;2.0;A
2021;18;;06;18;;279.0;A
2021;18;;06;23;;7.0;A
2021;18;;06;29;;6.0;A
2021;18;;06;41;;2.0;A
2021;18;;06;C01;;298.0;A
2021;18;;06;C02;;37.0;A
2021;18;;06;66;;613.0;A
2021;18;;06;00;;948.0;A
2021;21;;00;11;;3.0;A
2021;21;;00;14;;2.0;A
2021;21;;00;21;;141.0;A
2021;21;;00;41;;15.0;A
2021;21;;00;C01;;161.0;A
2021;21;;00;C02;;27.0;A
2021;21;;00;66;;226.0;A
2021;21;;00;00;;414.0;A
2021;21;;01;11;;1.0;A
2021;21;;01;14;;2.0;A
2021;21;;01;21;;90.0;A
2021;21;;01;41;;8.0;A
2021;21;;01;C01;;101.0;A
2021;21;;01;C02;;15.0;A
2021;21;;01;66;;118.0;A
2021;21;;01;00;;234.0;A
2021;21;;06;11;;2.0;A
2021;21;;06;21;;51.0;A
2021;21;;06;41;;7.0;A
2021;21;;06;C01;;60.0;A
2021;21;;06;C02;;12.0;A
2021;21;;06;66;;108.0;A
2021;21;;06;00;;180.0;A
2021;23;;00;11;;3.0;A
2021;23;;00;14;;1.0;A
2021;23;;00;18;;7.0;A
2021;23;;00;23;;281.0;A
2021;23;;00;29;;2.0;A
2021;23;;00;41;;1.0;A
2021;23;;00;C01;;295.0;A
2021;23;;00;C02;;30.0;A
2021;23;;00;66;;352.0;A
2021;23;;00;00;;677.0;A
2021;23;;01;11;;2.0;A
2021;23;;01;18;;5.0;A
2021;23;;01;23;;149.0;A
2021;23;;01;C01;;156.0;A
2021;23;;01;C02;;12.0;A
2021;23;;01;66;;190.0;A
2021;23;;01;00;;358.0;A
2021;23;;06;11;;1.0;A
2021;23;;06;14;;1.0;A
2021;23;;06;18;;2.0;A
2021;23;;06;23;;132.0;A
2021;23;;06;29;;2.0;A
2021;23;;06;41;;1.0;A
2021;23;;06;C01;;139.0;A
2021;23;;06;C02;;18.0;A
2021;23;;06;66;;162.0;A
2021;23;;06;00;;319.0;A
2021;29;;00;04;;3.0;A
2021;29;;00;11;;24.0;A
2021;29;;00;14;;15.0;A
2021;29;;00;18;;21.0;A
2021;29;;00;21;;4.0;A
2021;29;;00;23;;22.0;A
2021;29;;00;29;;847.0;A
2021;29;;00;41;;24.0;A
2021;29;;00;C01;;960.0;A
2021;29;;00;C02;;177.0;A
2021;29;;00;66;;1941.0;A
2021;29;;00;00;;3078.0;A
2021;29;;01;04;;2.0;A
2021;29;;01;11;;14.0;A
2021;29;;01;14;;9.0;A
2021;29;;01;18;;14.0;A
2021;29;;01;21;;3.0;A
2021;29;;01;23;;13.0;A
2021;29;;01;29;;417.0;A
2021;29;;01;41;;15.0;A
2021;29;;01;C01;;487.0;A
2021;29;;01;C02;;95.0;A
2021;29;;01;66;;967.0;A
2021;29;;01;00;;1549.0;A
2021;29;;06;04;;1.0;A
2021;29;;06;11;;10.0;A
2021;29;;06;14;;6.0;A
2021;29;;06;18;;7.0;A
2021;29;;06;21;;1.0;A
2021;29;;06;23;;9.0;A
2021;29;;06;29;;430.0;A
2021;29;;06;41;;9.0;A
2021;29;;06;C01;;473.0;A
2021;29;;06;C02;;82.0;A
2021;29;;06;66;;974.0;A
2021;29;;06;00;;1529.0;A
2021;41;;00;04;;6.0;A
2021;41;;00;11;;35.0;A
2021;41;;00;14;;13.0;A
2021;41;;00;18;;8.0;A
2021;41;;00;21;;11.0;A
2021;41;;00;23;;4.0;A
2021;41;;00;29;;8.0;A
2021;41;;00;41;;897.0;A
2021;41;;00;C01;;982.0;A
2021;41;;00;C02;;124.0;A
2021;41;;00;66;;979.0;A
2021;41;;00;00;;2085.0;A
2021;41;;01;04;;3.0;A
2021;41;;01;11;;13.0;A
2021;41;;01;14;;8.0;A
2021;41;;01;18;;7.0;A
2021;41;;01;21;;5.0;A
2021;41;;01;23;;3.0;A
2021;41;;01;29;;3.0;A
2021;41;;01;41;;477.0;A
2021;41;;01;C01;;519.0;A
2021;41;;01;C02;;69.0;A
2021;41;;01;66;;469.0;A
2021;41;;01;00;;1057.0;A
2021;41;;06;04;;3.0;A
2021;41;;06;11;;22.0;A
2021;41;;06;14;;5.0;A
2021;41;;06;18;;1.0;A
2021;41;;06;21;;6.0;A
2021;41;;06;23;;1.0;A
2021;41;;06;29;;5.0;A
2021;41;;06;41;;420.0;A
2021;41;;06;C01;;463.0;A
2021;41;;06;C02;;55.0;A
2021;41;;06;66;;510.0;A
2021;41;;06;00;;1028.0;A
2021;C01;;00;04;;415.0;A
2021;C01;;00;11;;698.0;A
2021;C01;;00;14;;366.0;A
2021;C01;;00;18;;635.0;A
2021;C01;;00;21;;165.0;A
2021;C01;;00;23;;329.0;A
2021;C01;;00;29;;884.0;A
2021;C01;;00;41;;969.0;A
2021;C01;;00;C01;;4461.0;A
2021;C01;;00;C02;;638.0;A
2021;C01;;00;66;;6835.0;A
2021;C01;;00;00;;11934.0;A
2021;C01;;01;04;;209.0;A
2021;C01;;01;11;;352.0;A
2021;C01;;01;14;;202.0;A
2021;C01;;01;18;;336.0;A
2021;C01;;01;21;;102.0;A
2021;C01;;01;23;;174.0;A
2021;C01;;01;29;;430.0;A
2021;C01;;01;41;;515.0;A
2021;C01;;01;C01;;2320.0;A
2021;C01;;01;C02;;346.0;A
2021;C01;;01;66;;3404.0;A
2021;C01;;01;00;;6070.0;A
2021;C01;;06;04;;206.0;A
2021;C01;;06;11;;346.0;A
2021;C01;;06;14;;164.0;A
2021;C01;;06;18;;299.0;A
2021;C01;;06;21;;63.0;A
2021;C01;;06;23;;155.0;A
2021;C01;;06;29;;454.0;A
2021;C01;;06;41;;454.0;A
2021;C01;;06;C01;;2141.0;A
2021;C01;;06;C02;;292.0;A
2021;C01;;06;66;;3431.0;A
2021;C01;;06;00;;5864.0;A
2021;C02;;00;04;;51.0;A
2021;C02;;00;11;;156.0;A
2021;C02;;00;14;;68.0;A
2021;C02;;00;18;;112.0;A
2021;C02;;00;21;;29.0;A
2021;C02;;00;23;;81.0;A
2021;C02;;00;29;;92.0;A
2021;C02;;00;41;;117.0;A
2021;C02;;00;C01;;706.0;A
2021;C02;;00;00;;706.0;A
2021;C02;;01;04;;29.0;A
2021;C02;;01;11;;91.0;A
2021;C02;;01;14;;38.0;A
2021;C02;;01;18;;58.0;A
2021;C02;;01;21;;21.0;A
2021;C02;;01;23;;45.0;A
2021;C02;;01;29;;48.0;A
2021;C02;;01;41;;70.0;A
2021;C02;;01;C01;;400.0;A
2021;C02;;01;00;;400.0;A
2021;C02;;06;04;;22.0;A
2021;C02;;06;11;;65.0;A
2021;C02;;06;14;;30.0;A
2021;C02;;06;18;;54.0;A
2021;C02;;06;21;;8.0;A
2021;C02;;06;23;;36.0;A
2021;C02;;06;29;;44.0;A
2021;C02;;06;41;;47.0;A
2021;C02;;06;C01;;306.0;A
2021;C02;;06;00;;306.0;A
2021;00;;00;04;;466.0;A
2021;00;;00;11;;854.0;A
2021;00;;00;14;;434.0;A
2021;00;;00;18;;747.0;A
2021;00;;00;21;;194.0;A
2021;00;;00;23;;410.0;A
2021;00;;00;29;;976.0;A
2021;00;;00;41;;1086.0;A
2021;00;;00;C01;;5167.0;A
2021;00;;00;C02;;638.0;A
2021;00;;00;66;;6835.0;A
2021;00;;00;00;;12640.0;A
2021;00;;01;04;;238.0;A
2021;00;;01;11;;443.0;A
2021;00;;01;14;;240.0;A
2021;00;;01;18;;394.0;A
2021;00;;01;21;;123.0;A
2021;00;;01;23;;219.0;A
2021;00;;01;29;;478.0;A
2021;00;;01;41;;585.0;A
2021;00;;01;C01;;2720.0;A
2021;00;;01;C02;;346.0;A
2021;00;;01;66;;3404.0;A
2021;00;;01;00;;6470.0;A
2021;00;;06;04;;228.0;A
2021;00;;06;11;;411.0;A
2021;00;;06;14;;194.0;A
2021;00;;06;18;;353.0;A
2021;00;;06;21;;71.0;A
2021;00;;06;23;;191.0;A
2021;00;;06;29;;498.0;A
2021;00;;06;41;;501.0;A
2021;00;;06;C01;;2447.0;A
2021;00;;06;C02;;292.0;A
2021;00;;06;66;;3431.0;A
2021;00;;06;00;;6170.0;A
2022;04;;00;04;;490.0;A
2022;04;;00;11;;4.0;A
2022;04;;00;14;;3.0;A
2022;04;;00;18;;28.0;A
2022;04;;00;21;;1.0;A
2022;04;;00;23;;5.0;A
2022;04;;00;29;;4.0;A
2022;04;;00;41;;3.0;A
2022;04;;00;C01;;538.0;A
2022;04;;00;C02;;72.0;A
2022;04;;00;66;;1565.0;A
2022;04;;00;00;;2175.0;A
2022;04;;01;04;;247.0;A
2022;04;;01;11;;2.0;A
2022;04;;01;18;;16.0;A
2022;04;;01;21;;1.0;A
2022;04;;01;23;;2.0;A
2022;04;;01;29;;1.0;A
2022;04;;01;41;;1.0;A
2022;04;;01;C01;;270.0;A
2022;04;;01;C02;;37.0;A
2022;04;;01;66;;813.0;A
2022;04;;01;00;;1120.0;A
2022;04;;06;04;;243.0;A
2022;04;;06;11;;2.0;A
2022;04;;06;14;;3.0;A
2022;04;;06;18;;12.0;A
2022;04;;06;23;;3.0;A
2022;04;;06;29;;3.0;A
2022;04;;06;41;;2.0;A
2022;04;;06;C01;;268.0;A
2022;04;;06;C02;;35.0;A
2022;04;;06;66;;752.0;A
2022;04;;06;00;;1055.0;A
2022;11;;00;04;;1.0;A
2022;11;;00;11;;827.0;A
2022;11;;00;14;;7.0;A
2022;11;;00;18;;7.0;A
2022;11;;00;21;;5.0;A
2022;11;;00;23;;4.0;A
2022;11;;00;29;;13.0;A
2022;11;;00;41;;24.0;A
2022;11;;00;C01;;888.0;A
2022;11;;00;C02;;147.0;A
2022;11;;00;66;;940.0;A
2022;11;;00;00;;1975.0;A
2022;11;;01;04;;1.0;A
2022;11;;01;11;;414.0;A
2022;11;;01;14;;4.0;A
2022;11;;01;18;;3.0;A
2022;11;;01;21;;4.0;A
2022;11;;01;23;;3.0;A
2022;11;;01;29;;9.0;A
2022;11;;01;41;;14.0;A
2022;11;;01;C01;;452.0;A
2022;11;;01;C02;;65.0;A
2022;11;;01;66;;489.0;A
2022;11;;01;00;;1006.0;A
2022;11;;06;11;;413.0;A
2022;11;;06;14;;3.0;A
2022;11;;06;18;;4.0;A
2022;11;;06;21;;1.0;A
2022;11;;06;23;;1.0;A
2022;11;;06;29;;4.0;A
2022;11;;06;41;;10.0;A
2022;11;;06;C01;;436.0;A
2022;11;;06;C02;;82.0;A
2022;11;;06;66;;451.0;A
2022;11;;06;00;;969.0;A
2022;14;;00;11;;2.0;A
2022;14;;00;14;;392.0;A
2022;14;;00;18;;4.0;A
2022;14;;00;23;;3.0;A
2022;14;;00;29;;2.0;A
2022;14;;00;41;;6.0;A
2022;14;;00;C01;;409.0;A
2022;14;;00;C02;;35.0;A
2022;14;;00;66;;481.0;A
2022;14;;00;00;;925.0;A
2022;14;;01;11;;1.0;A
2022;14;;01;14;;201.0;A
2022;14;;01;18;;2.0;A
2022;14;;01;23;;2.0;A
2022;14;;01;29;;1.0;A
2022;14;;01;41;;1.0;A
2022;14;;01;C01;;208.0;A
2022;14;;01;C02;;14.0;A
2022;14;;01;66;;220.0;A
2022;14;;01;00;;442.0;A
2022;14;;06;11;;1.0;A
2022;14;;06;14;;191.0;A
2022;14;;06;18;;2.0;A
2022;14;;06;23;;1.0;A
2022;14;;06;29;;1.0;A
2022;14;;06;41;;5.0;A
2022;14;;06;C01;;201.0;A
2022;14;;06;C02;;21.0;A
2022;14;;06;66;;261.0;A
2022;14;;06;00;;483.0;A
2022;18;;00;04;;7.0;A
2022;18;;00;11;;7.0;A
2022;18;;00;14;;5.0;A
2022;18;;00;18;;659.0;A
2022;18;;00;21;;2.0;A
2022;18;;00;23;;19.0;A
2022;18;;00;29;;12.0;A
2022;18;;00;41;;7.0;A
2022;18;;00;C01;;718.0;A
2022;18;;00;C02;;132.0;A
2022;18;;00;66;;1648.0;A
2022;18;;00;00;;2498.0;A
2022;18;;01;04;;4.0;A
2022;18;;01;11;;3.0;A
2022;18;;01;14;;1.0;A
2022;18;;01;18;;360.0;A
2022;18;;01;23;;10.0;A
2022;18;;01;29;;5.0;A
2022;18;;01;41;;2.0;A
2022;18;;01;C01;;385.0;A
2022;18;;01;C02;;71.0;A
2022;18;;01;66;;833.0;A
2022;18;;01;00;;1289.0;A
2022;18;;06;04;;3.0;A
2022;18;;06;11;;4.0;A
2022;18;;06;14;;4.0;A
2022;18;;06;18;;299.0;A
2022;18;;06;21;;2.0;A
2022;18;;06;23;;9.0;A
2022;18;;06;29;;7.0;A
2022;18;;06;41;;5.0;A
2022;18;;06;C01;;333.0;A
2022;18;;06;C02;;61.0;A
2022;18;;06;66;;815.0;A
2022;18;;06;00;;1209.0;A
2022;21;;00;11;;2.0;A
2022;21;;00;14;;3.0;A
2022;21;;00;18;;2.0;A
2022;21;;00;21;;218.0;A
2022;21;;00;29;;1.0;A
2022;21;;00;41;;17.0;A
2022;21;;00;C01;;243.0;A
2022;21;;00;C02;;30.0;A
2022;21;;00;66;;335.0;A
2022;21;;00;00;;608.0;A
2022;21;;01;14;;2.0;A
2022;21;;01;18;;2.0;A
2022;21;;01;21;;110.0;A
2022;21;;01;41;;8.0;A
2022;21;;01;C01;;122.0;A
2022;21;;01;C02;;15.0;A
2022;21;;01;66;;183.0;A
2022;21;;01;00;;320.0;A
2022;21;;06;11;;2.0;A
2022;21;;06;14;;1.0;A
2022;21;;06;21;;108.0;A
2022;21;;06;29;;1.0;A
2022;21;;06;41;;9.0;A
2022;21;;06;C01;;121.0;A
2022;21;;06;C02;;15.0;A
2022;21;;06;66;;152.0;A
2022;21;;06;00;;288.0;A
2022;23;;00;04;;1.0;A
2022;23;;00;14;;3.0;A
2022;23;;00;18;;4.0;A
2022;23;;00;23;;313.0;A
2022;23;;00;29;;2.0;A
2022;23;;00;41;;2.0;A
2022;23;;00;C01;;325.0;A
2022;23;;00;C02;;39.0;A
2022;23;;00;66;;430.0;A
2022;23;;00;00;;794.0;A
2022;23;;01;14;;3.0;A
2022;23;;01;18;;1.0;A
2022;23;;01;23;;164.0;A
2022;23;;01;29;;2.0;A
2022;23;;01;41;;1.0;A
2022;23;;01;C01;;171.0;A
2022;23;;01;C02;;21.0;A
2022;23;;01;66;;221.0;A
2022;23;;01;00;;413.0;A
2022;23;;06;04;;1.0;A
2022;23;;06;18;;3.0;A
2022;23;;06;23;;149.0;A
2022;23;;06;41;;1.0;A
2022;23;;06;C01;;154.0;A
2022;23;;06;C02;;18.0;A
2022;23;;06;66;;209.0;A
2022;23;;06;00;;381.0;A
2022;29;;00;04;;4.0;A
2022;29;;00;11;;23.0;A
2022;29;;00;14;;19.0;A
2022;29;;00;18;;35.0;A
2022;29;;00;21;;4.0;A
2022;29;;00;23;;16.0;A
2022;29;;00;29;;1287.0;A
2022;29;;00;41;;21.0;A
2022;29;;00;C01;;1409.0;A
2022;29;;00;C02;;288.0;A
2022;29;;00;66;;2925.0;A
2022;29;;00;00;;4622.0;A
2022;29;;01;04;;3.0;A
2022;29;;01;11;;14.0;A
2022;29;;01;14;;12.0;A
2022;29;;01;18;;20.0;A
2022;29;;01;21;;3.0;A
2022;29;;01;23;;6.0;A
2022;29;;01;29;;667.0;A
2022;29;;01;41;;9.0;A
2022;29;;01;C01;;734.0;A
2022;29;;01;C02;;143.0;A
2022;29;;01;66;;1549.0;A
2022;29;;01;00;;2426.0;A
2022;29;;06;04;;1.0;A
2022;29;;06;11;;9.0;A
2022;29;;06;14;;7.0;A
2022;29;;06;18;;15.0;A
2022;29;;06;21;;1.0;A
2022;29;;06;23;;10.0;A
2022;29;;06;29;;620.0;A
2022;29;;06;41;;12.0;A
2022;29;;06;C01;;675.0;A
2022;29;;06;C02;;145.0;A
2022;29;;06;66;;1376.0;A
2022;29;;06;00;;2196.0;A
2022;41;;00;04;;4.0;A
2022;41;;00;11;;40.0;A
2022;41;;00;14;;13.0;A
2022;41;;00;18;;11.0;A
2022;41;;00;21;;21.0;A
2022;41;;00;23;;14.0;A
2022;41;;00;29;;13.0;A
2022;41;;00;41;;1090.0;A
2022;41;;00;C01;;1206.0;A
2022;41;;00;C02;;136.0;A
2022;41;;00;66;;1592.0;A
2022;41;;00;00;;2934.0;A
2022;41;;01;04;;2.0;A
2022;41;;01;11;;23.0;A
2022;41;;01;14;;7.0;A
2022;41;;01;18;;3.0;A
2022;41;;01;21;;14.0;A
2022;41;;01;23;;3.0;A
2022;41;;01;29;;6.0;A
2022;41;;01;41;;599.0;A
2022;41;;01;C01;;657.0;A
2022;41;;01;C02;;84.0;A
2022;41;;01;66;;767.0;A
2022;41;;01;00;;1508.0;A
2022;41;;06;04;;2.0;A
2022;41;;06;11;;17.0;A
2022;41;;06;14;;6.0;A
2022;41;;06;18;;8.0;A
2022;41;;06;21;;7.0;A
2022;41;;06;23;;11.0;A
2022;41;;06;29;;7.0;A
2022;41;;06;41;;491.0;A
2022;41;;06;C01;;549.0;A
2022;41;;06;C02;;52.0;A
2022;41;;06;66;;825.0;A
2022;41;;06;00;;1426.0;A
2022;C01;;00;04;;507.0;A
2022;C01;;00;11;;905.0;A
2022;C01;;00;14;;445.0;A
2022;C01;;00;18;;750.0;A
2022;C01;;00;21;;251.0;A
2022;C01;;00;23;;374.0;A
2022;C01;;00;29;;1334.0;A
2022;C01;;00;41;;1170.0;A
2022;C01;;00;C01;;5736.0;A
2022;C01;;00;C02;;879.0;A
2022;C01;;00;66;;9916.0;A
2022;C01;;00;00;;16531.0;A
2022;C01;;01;04;;257.0;A
2022;C01;;01;11;;457.0;A
2022;C01;;01;14;;230.0;A
2022;C01;;01;18;;407.0;A
2022;C01;;01;21;;132.0;A
2022;C01;;01;23;;190.0;A
2022;C01;;01;29;;691.0;A
2022;C01;;01;41;;635.0;A
2022;C01;;01;C01;;2999.0;A
2022;C01;;01;C02;;450.0;A
2022;C01;;01;66;;5075.0;A
2022;C01;;01;00;;8524.0;A
2022;C01;;06;04;;250.0;A
2022;C01;;06;11;;448.0;A
2022;C01;;06;14;;215.0;A
2022;C01;;06;18;;343.0;A
2022;C01;;06;21;;119.0;A
2022;C01;;06;23;;184.0;A
2022;C01;;06;29;;643.0;A
2022;C01;;06;41;;535.0;A
2022;C01;;06;C01;;2737.0;A
2022;C01;;06;C02;;429.0;A
2022;C01;;06;66;;4841.0;A
2022;C01;;06;00;;8007.0;A
2022;C02;;00;04;;82.0;A
2022;C02;;00;11;;156.0;A
2022;C02;;00;14;;111.0;A
2022;C02;;00;18;;140.0;A
2022;C02;;00;21;;27.0;A
2022;C02;;00;23;;109.0;A
2022;C02;;00;29;;138.0;A
2022;C02;;00;41;;156.0;A
2022;C02;;00;C01;;919.0;A
2022;C02;;00;00;;919.0;A
2022;C02;;01;04;;40.0;A
2022;C02;;01;11;;89.0;A
2022;C02;;01;14;;69.0;A
2022;C02;;01;18;;85.0;A
2022;C02;;01;21;;17.0;A
2022;C02;;01;23;;67.0;A
2022;C02;;01;29;;84.0;A
2022;C02;;01;41;;81.0;A
2022;C02;;01;C01;;532.0;A
2022;C02;;01;00;;532.0;A
2022;C02;;06;04;;42.0;A
2022;C02;;06;11;;67.0;A
2022;C02;;06;14;;42.0;A
2022;C02;;06;18;;55.0;A
2022;C02;;06;21;;10.0;A
2022;C02;;06;23;;42.0;A
2022;C02;;06;29;;54.0;A
2022;C02;;06;41;;75.0;A
2022;C02;;06;C01;;387.0;A
2022;C02;;06;00;;387.0;A
2022;00;;00;04;;589.0;A
2022;00;;00;11;;1061.0;A
2022;00;;00;14;;556.0;A
2022;00;;00;18;;890.0;A
2022;00;;00;21;;278.0;A
2022;00;;00;23;;483.0;A
2022;00;;00;29;;1472.0;A
2022;00;;00;41;;1326.0;A
2022;00;;00;C01;;6655.0;A
2022;00;;00;C02;;879.0;A
2022;00;;00;66;;9916.0;A
2022;00;;00;00;;17450.0;A
2022;00;;01;04;;297.0;A
2022;00;;01;11;;546.0;A
2022;00;;01;14;;299.0;A
2022;00;;01;18;;492.0;A
2022;00;;01;21;;149.0;A
2022;00;;01;23;;257.0;A
2022;00;;01;29;;775.0;A
2022;00;;01;41;;716.0;A
2022;00;;01;C01;;3531.0;A
2022;00;;01;C02;;450.0;A
2022;00;;01;66;;5075.0;A
2022;00;;01;00;;9056.0;A
2022;00;;06;04;;292.0;A
2022;00;;06;11;;515.0;A
2022;00;;06;14;;257.0;A
2022;00;;06;18;;398.0;A
2022;00;;06;21;;129.0;A
2022;00;;06;23;;226.0;A
2022;00;;06;29;;697.0;A
2022;00;;06;41;;610.0;A
2022;00;;06;C01;;3124.0;A
2022;00;;06;C02;;429.0;A
2022;00;;06;66;;4841.0;A
2022;00;;06;00;;8394.0;A
