TEMPORAL;TERRITORIO;NUMHIJOSMENORED;INDICATOR;OBS_VALUE;FREQ
2020;C01;000;DIVORCIOS;13992.45022;A
2020;C01;0;DIVORCIOS;6504.66592;A
2020;C01;1;DIVORCIOS;3659.29909;A
2020;C01;2;DIVORCIOS;3396.99825;A
2020;C01;3;DIVORCIOS;396.5127;A
2020;C01;4;DIVORCIOS;29.70055;A
2020;C01;05MAS;DIVORCIOS;5.27371;A
2020;04;000;DIVORCIOS;1287.5417;A
2020;04;0;DIVORCIOS;621.46538;A
2020;04;1;DIVORCIOS;315.95928;A
2020;04;2;DIVORCIOS;309.5547;A
2020;04;3;DIVORCIOS;38.42748;A
2020;04;4;DIVORCIOS;2.13486;A
2020;11;000;DIVORCIOS;1956.38358;A
2020;11;0;DIVORCIOS;865.76566;A
2020;11;1;DIVORCIOS;543.20352;A
2020;11;2;DIVORCIOS;477.93488;A
2020;11;3;DIVORCIOS;65.26864;A
2020;11;4;DIVORCIOS;4.21088;A
2020;14;000;DIVORCIOS;1295.68526;A
2020;14;0;DIVORCIOS;586.82122;A
2020;14;1;DIVORCIOS;340.09084;A
2020;14;2;DIVORCIOS;317.5547;A
2020;14;3;DIVORCIOS;47.12102;A
2020;14;4;DIVORCIOS;4.09748;A
2020;18;000;DIVORCIOS;1333.9225;A
2020;18;0;DIVORCIOS;570.58384;A
2020;18;1;DIVORCIOS;358.30182;A
2020;18;2;DIVORCIOS;360.89821;A
2020;18;3;DIVORCIOS;44.13863;A
2020;21;000;DIVORCIOS;832.55851;A
2020;21;0;DIVORCIOS;376.04119;A
2020;21;1;DIVORCIOS;246.89202;A
2020;21;2;DIVORCIOS;195.65028;A
2020;21;3;DIVORCIOS;13.97502;A
2020;23;000;DIVORCIOS;886.77634;A
2020;23;0;DIVORCIOS;471.77282;A
2020;23;1;DIVORCIOS;207.50176;A
2020;23;2;DIVORCIOS;184.12128;A
2020;23;3;DIVORCIOS;20.45792;A
2020;23;05MAS;DIVORCIOS;2.92256;A
2020;29;000;DIVORCIOS;3009.31704;A
2020;29;0;DIVORCIOS;1488.12299;A
2020;29;1;DIVORCIOS;728.8565;A
2020;29;2;DIVORCIOS;710.0473;A
2020;29;3;DIVORCIOS;65.8322;A
2020;29;4;DIVORCIOS;14.1069;A
2020;29;05MAS;DIVORCIOS;2.35115;A
2020;41;000;DIVORCIOS;3390.26529;A
2020;41;0;DIVORCIOS;1524.09282;A
2020;41;1;DIVORCIOS;918.49335;A
2020;41;2;DIVORCIOS;841.2369;A
2020;41;3;DIVORCIOS;101.29179;A
2020;41;4;DIVORCIOS;5.15043;A
2019;C01;000;DIVORCIOS;17078.2748;A
2019;C01;0;DIVORCIOS;7873.34974;A
2019;C01;1;DIVORCIOS;4512.6298;A
2019;C01;2;DIVORCIOS;4096.56814;A
2019;C01;3;DIVORCIOS;522.642;A
2019;C01;4;DIVORCIOS;64.13179;A
2019;C01;05MAS;DIVORCIOS;8.95333;A
2019;04;000;DIVORCIOS;1684.43364;A
2019;04;0;DIVORCIOS;762.64566;A
2019;04;1;DIVORCIOS;452.77251;A
2019;04;2;DIVORCIOS;406.074;A
2019;04;3;DIVORCIOS;54.81999;A
2019;04;4;DIVORCIOS;6.09111;A
2019;04;05MAS;DIVORCIOS;2.03037;A
2019;11;000;DIVORCIOS;2350.11045;A
2019;11;0;DIVORCIOS;1046.38673;A
2019;11;1;DIVORCIOS;675.8434;A
2019;11;2;DIVORCIOS;523.2336;A
2019;11;3;DIVORCIOS;89.38574;A
2019;11;4;DIVORCIOS;13.08084;A
2019;11;05MAS;DIVORCIOS;2.18014;A
2019;14;000;DIVORCIOS;1369.08113;A
2019;14;0;DIVORCIOS;596.97089;A
2019;14;1;DIVORCIOS;365.5825;A
2019;14;2;DIVORCIOS;348.03454;A
2019;14;3;DIVORCIOS;54.10621;A
2019;14;4;DIVORCIOS;4.38699;A
2019;18;000;DIVORCIOS;1634.5488;A
2019;18;0;DIVORCIOS;788.30896;A
2019;18;1;DIVORCIOS;424.31856;A
2019;18;2;DIVORCIOS;361.98928;A
2019;18;3;DIVORCIOS;52.74016;A
2019;18;4;DIVORCIOS;4.79456;A
2019;18;05MAS;DIVORCIOS;2.39728;A
2019;21;000;DIVORCIOS;1003.79841;A
2019;21;0;DIVORCIOS;380.19285;A
2019;21;1;DIVORCIOS;290.40455;A
2019;21;2;DIVORCIOS;311.80278;A
2019;21;3;DIVORCIOS;18.34134;A
2019;21;4;DIVORCIOS;3.05689;A
2019;23;000;DIVORCIOS;1181.24056;A
2019;23;0;DIVORCIOS;694.80536;A
2019;23;1;DIVORCIOS;231.05672;A
2019;23;2;DIVORCIOS;224.97628;A
2019;23;3;DIVORCIOS;24.32176;A
2019;23;4;DIVORCIOS;6.08044;A
2019;29;000;DIVORCIOS;3795.50761;A
2019;29;0;DIVORCIOS;1900.31129;A
2019;29;1;DIVORCIOS;966.36248;A
2019;29;2;DIVORCIOS;827.97562;A
2019;29;3;DIVORCIOS;89.13052;A
2019;29;4;DIVORCIOS;9.38216;A
2019;29;05MAS;DIVORCIOS;2.34554;A
2019;41;000;DIVORCIOS;4059.5542;A
2019;41;0;DIVORCIOS;1703.728;A
2019;41;1;DIVORCIOS;1106.28908;A
2019;41;2;DIVORCIOS;1092.48204;A
2019;41;3;DIVORCIOS;139.79628;A
2019;41;4;DIVORCIOS;17.2588;A
2018;C01;000;DIVORCIOS;16934.828;A
2018;C01;0;DIVORCIOS;7818.8216;A
2018;C01;1;DIVORCIOS;4462.5654;A
2018;C01;2;DIVORCIOS;4126.0726;A
2018;C01;3;DIVORCIOS;478.5613;A
2018;C01;4;DIVORCIOS;43.9028;A
2018;C01;05MAS;DIVORCIOS;4.9043;A
2018;04;000;DIVORCIOS;1456.1395;A
2018;04;0;DIVORCIOS;673.2158;A
2018;04;1;DIVORCIOS;406.925;A
2018;04;2;DIVORCIOS;336.9339;A
2018;04;3;DIVORCIOS;37.4371;A
2018;04;4;DIVORCIOS;1.6277;A
2018;11;000;DIVORCIOS;2490.3415;A
2018;11;0;DIVORCIOS;1102.8918;A
2018;11;1;DIVORCIOS;731.8416;A
2018;11;2;DIVORCIOS;594.6213;A
2018;11;3;DIVORCIOS;60.9868;A
2018;14;000;DIVORCIOS;1405.7198;A
2018;14;0;DIVORCIOS;610.6478;A
2018;14;1;DIVORCIOS;377.856;A
2018;14;2;DIVORCIOS;377.856;A
2018;14;3;DIVORCIOS;34.112;A
2018;14;4;DIVORCIOS;5.248;A
2018;18;000;DIVORCIOS;1684.5826;A
2018;18;0;DIVORCIOS;822.0082;A
2018;18;1;DIVORCIOS;399.7296;A
2018;18;2;DIVORCIOS;404.4048;A
2018;18;3;DIVORCIOS;53.7648;A
2018;18;4;DIVORCIOS;4.6752;A
2018;21;000;DIVORCIOS;986.218;A
2018;21;0;DIVORCIOS;432.72;A
2018;21;1;DIVORCIOS;287.452;A
2018;21;2;DIVORCIOS;253.814;A
2018;21;3;DIVORCIOS;9.174;A
2018;21;4;DIVORCIOS;3.058;A
2018;23;000;DIVORCIOS;1108.2069;A
2018;23;0;DIVORCIOS;627.8725;A
2018;23;1;DIVORCIOS;214.7649;A
2018;23;2;DIVORCIOS;240.1672;A
2018;23;3;DIVORCIOS;23.093;A
2018;23;4;DIVORCIOS;2.3093;A
2018;29;000;DIVORCIOS;3718.358;A
2018;29;0;DIVORCIOS;1836.8003;A
2018;29;1;DIVORCIOS;920.1348;A
2018;29;2;DIVORCIOS;823.7959;A
2018;29;3;DIVORCIOS;121.8982;A
2018;29;4;DIVORCIOS;13.7627;A
2018;29;05MAS;DIVORCIOS;1.9661;A
2018;41;000;DIVORCIOS;4085.2617;A
2018;41;0;DIVORCIOS;1712.6652;A
2018;41;1;DIVORCIOS;1123.8615;A
2018;41;2;DIVORCIOS;1094.4795;A
2018;41;3;DIVORCIOS;138.0954;A
2018;41;4;DIVORCIOS;13.2219;A
2018;41;05MAS;DIVORCIOS;2.9382;A
2017;C01;000;DIVORCIOS;17436.6101;A
2017;C01;0;DIVORCIOS;8012.7218;A
2017;C01;1;DIVORCIOS;4613.873;A
2017;C01;2;DIVORCIOS;4198.5134;A
2017;C01;3;DIVORCIOS;549.6071;A
2017;C01;4;DIVORCIOS;55.2921;A
2017;C01;05MAS;DIVORCIOS;6.6027;A
2017;04;000;DIVORCIOS;1454.7143;A
2017;04;0;DIVORCIOS;709.3263;A
2017;04;1;DIVORCIOS;403.118;A
2017;04;2;DIVORCIOS;304.24;A
2017;04;3;DIVORCIOS;27.3816;A
2017;04;4;DIVORCIOS;9.1272;A
2017;04;05MAS;DIVORCIOS;1.5212;A
2017;11;000;DIVORCIOS;2406.3281;A
2017;11;0;DIVORCIOS;1047.8127;A
2017;11;1;DIVORCIOS;680.1036;A
2017;11;2;DIVORCIOS;603.9726;A
2017;11;3;DIVORCIOS;69.3638;A
2017;11;4;DIVORCIOS;3.3836;A
2017;11;05MAS;DIVORCIOS;1.6918;A
2017;14;000;DIVORCIOS;1426.032;A
2017;14;0;DIVORCIOS;586.859;A
2017;14;1;DIVORCIOS;435.578;A
2017;14;2;DIVORCIOS;360.951;A
2017;14;3;DIVORCIOS;39.598;A
2017;14;4;DIVORCIOS;3.046;A
2017;18;000;DIVORCIOS;1990.6668;A
2017;18;0;DIVORCIOS;912.5348;A
2017;18;1;DIVORCIOS;465.5112;A
2017;18;2;DIVORCIOS;519.9216;A
2017;18;3;DIVORCIOS;84.6384;A
2017;18;4;DIVORCIOS;6.0456;A
2017;18;05MAS;DIVORCIOS;2.0152;A
2017;21;000;DIVORCIOS;1060.4795;A
2017;21;0;DIVORCIOS;458.3163;A
2017;21;1;DIVORCIOS;301.0816;A
2017;21;2;DIVORCIOS;269.3888;A
2017;21;3;DIVORCIOS;29.712;A
2017;21;4;DIVORCIOS;1.9808;A
2017;23;000;DIVORCIOS;1127.8821;A
2017;23;0;DIVORCIOS;616.0821;A
2017;23;1;DIVORCIOS;247.7112;A
2017;23;2;DIVORCIOS;229.2864;A
2017;23;3;DIVORCIOS;32.7552;A
2017;23;4;DIVORCIOS;2.0472;A
2017;29;000;DIVORCIOS;3652.1307;A
2017;29;0;DIVORCIOS;1827.8925;A
2017;29;1;DIVORCIOS;909.6954;A
2017;29;2;DIVORCIOS;783.663;A
2017;29;3;DIVORCIOS;116.3376;A
2017;29;4;DIVORCIOS;14.5422;A
2017;41;000;DIVORCIOS;4318.3766;A
2017;41;0;DIVORCIOS;1853.8981;A
2017;41;1;DIVORCIOS;1171.074;A
2017;41;2;DIVORCIOS;1127.09;A
2017;41;3;DIVORCIOS;149.8205;A
2017;41;4;DIVORCIOS;15.1195;A
2017;41;05MAS;DIVORCIOS;1.3745;A
2016;C01;000;DIVORCIOS;16968.2676;A
2016;C01;0;DIVORCIOS;7577.9682;A
2016;C01;1;DIVORCIOS;4777.3752;A
2016;C01;2;DIVORCIOS;4003.6689;A
2016;C01;3;DIVORCIOS;554.4398;A
2016;C01;4;DIVORCIOS;46.2014;A
2016;C01;05MAS;DIVORCIOS;8.6141;A
2016;04;000;DIVORCIOS;1425.5804;A
2016;04;0;DIVORCIOS;676.8467;A
2016;04;1;DIVORCIOS;387.0009;A
2016;04;2;DIVORCIOS;316.5162;A
2016;04;3;DIVORCIOS;43.8867;A
2016;04;4;DIVORCIOS;1.3299;A
2016;11;000;DIVORCIOS;2275.825;A
2016;11;0;DIVORCIOS;908.9128;A
2016;11;1;DIVORCIOS;733.119;A
2016;11;2;DIVORCIOS;550.2334;A
2016;11;3;DIVORCIOS;77.2534;A
2016;11;4;DIVORCIOS;6.3064;A
2016;14;000;DIVORCIOS;1473.292;A
2016;14;0;DIVORCIOS;606.8384;A
2016;14;1;DIVORCIOS;444.9709;A
2016;14;2;DIVORCIOS;388.8602;A
2016;14;3;DIVORCIOS;27.4029;A
2016;14;4;DIVORCIOS;3.9147;A
2016;14;05MAS;DIVORCIOS;1.3049;A
2016;18;000;DIVORCIOS;1937.4432;A
2016;18;0;DIVORCIOS;927.824;A
2016;18;1;DIVORCIOS;463.3184;A
2016;18;2;DIVORCIOS;463.3184;A
2016;18;3;DIVORCIOS;76.0672;A
2016;18;4;DIVORCIOS;6.9152;A
2016;21;000;DIVORCIOS;1053.5608;A
2016;21;0;DIVORCIOS;420.6736;A
2016;21;1;DIVORCIOS;332.0064;A
2016;21;2;DIVORCIOS;264.5676;A
2016;21;3;DIVORCIOS;32.8548;A
2016;21;4;DIVORCIOS;1.7292;A
2016;21;05MAS;DIVORCIOS;1.7292;A
2016;23;000;DIVORCIOS;1120.7404;A
2016;23;0;DIVORCIOS;528.7996;A
2016;23;1;DIVORCIOS;287.0016;A
2016;23;2;DIVORCIOS;261.59;A
2016;23;3;DIVORCIOS;40.3596;A
2016;23;4;DIVORCIOS;1.4948;A
2016;23;05MAS;DIVORCIOS;1.4948;A
2016;29;000;DIVORCIOS;3657.8326;A
2016;29;0;DIVORCIOS;1798.5892;A
2016;29;1;DIVORCIOS;951.3804;A
2016;29;2;DIVORCIOS;780.312;A
2016;29;3;DIVORCIOS;117.0468;A
2016;29;4;DIVORCIOS;9.0036;A
2016;29;05MAS;DIVORCIOS;1.5006;A
2016;41;000;DIVORCIOS;4023.9932;A
2016;41;0;DIVORCIOS;1709.4839;A
2016;41;1;DIVORCIOS;1178.5776;A
2016;41;2;DIVORCIOS;978.2711;A
2016;41;3;DIVORCIOS;139.5684;A
2016;41;4;DIVORCIOS;15.5076;A
2016;41;05MAS;DIVORCIOS;2.5846;A
2015;C01;000;DIVORCIOS;17029.5907;A
2015;C01;0;DIVORCIOS;7637.8795;A
2015;C01;1;DIVORCIOS;4781.808;A
2015;C01;2;DIVORCIOS;4063.8332;A
2015;C01;3;DIVORCIOS;495.7448;A
2015;C01;4;DIVORCIOS;42.8632;A
2015;C01;05MAS;DIVORCIOS;7.462;A
2015;04;000;DIVORCIOS;1398.5163;A
2015;04;0;DIVORCIOS;681.8319;A
2015;04;1;DIVORCIOS;369.3924;A
2015;04;2;DIVORCIOS;306.2484;A
2015;04;3;DIVORCIOS;34.7292;A
2015;04;4;DIVORCIOS;4.7358;A
2015;04;05MAS;DIVORCIOS;1.5786;A
2015;11;000;DIVORCIOS;2355.5567;A
2015;11;0;DIVORCIOS;999.2329;A
2015;11;1;DIVORCIOS;734.7418;A
2015;11;2;DIVORCIOS;533.923;A
2015;11;3;DIVORCIOS;84.4714;A
2015;11;4;DIVORCIOS;3.1876;A
2015;14;000;DIVORCIOS;1621.987;A
2015;14;0;DIVORCIOS;674.665;A
2015;14;1;DIVORCIOS;430.4655;A
2015;14;2;DIVORCIOS;475.1505;A
2015;14;3;DIVORCIOS;37.2375;A
2015;14;4;DIVORCIOS;4.4685;A
2015;18;000;DIVORCIOS;1864.9266;A
2015;18;0;DIVORCIOS;842.1216;A
2015;18;1;DIVORCIOS;488.196;A
2015;18;2;DIVORCIOS;462.411;A
2015;18;3;DIVORCIOS;65.322;A
2015;18;4;DIVORCIOS;5.157;A
2015;18;05MAS;DIVORCIOS;1.719;A
2015;21;000;DIVORCIOS;1022.9657;A
2015;21;0;DIVORCIOS;403.3454;A
2015;21;1;DIVORCIOS;312.039;A
2015;21;2;DIVORCIOS;279.3492;A
2015;21;3;DIVORCIOS;26.7462;A
2015;21;4;DIVORCIOS;1.4859;A
2015;23;000;DIVORCIOS;1197.5493;A
2015;23;0;DIVORCIOS;542.8172;A
2015;23;1;DIVORCIOS;355.4694;A
2015;23;2;DIVORCIOS;262.8043;A
2015;23;3;DIVORCIOS;34.9393;A
2015;23;4;DIVORCIOS;1.5191;A
2015;29;000;DIVORCIOS;3560.4711;A
2015;29;0;DIVORCIOS;1801.9869;A
2015;29;1;DIVORCIOS;901.6789;A
2015;29;2;DIVORCIOS;740.4144;A
2015;29;3;DIVORCIOS;95.3564;A
2015;29;4;DIVORCIOS;18.2299;A
2015;29;05MAS;DIVORCIOS;2.8046;A
2015;41;000;DIVORCIOS;4007.618;A
2015;41;0;DIVORCIOS;1691.8786;A
2015;41;1;DIVORCIOS;1189.825;A
2015;41;2;DIVORCIOS;1003.5324;A
2015;41;3;DIVORCIOS;116.9428;A
2015;41;4;DIVORCIOS;4.0794;A
2015;41;05MAS;DIVORCIOS;1.3598;A
2014;C01;000;DIVORCIOS;17376.98787;A
2014;C01;0;DIVORCIOS;7428.1654;A
2014;C01;1;DIVORCIOS;5046.60286;A
2014;C01;2;DIVORCIOS;4263.84878;A
2014;C01;3;DIVORCIOS;581.93644;A
2014;C01;4;DIVORCIOS;45.93276;A
2014;C01;05MAS;DIVORCIOS;10.50163;A
2014;04;000;DIVORCIOS;1315.503;A
2014;04;0;DIVORCIOS;570.852;A
2014;04;1;DIVORCIOS;373.032;A
2014;04;2;DIVORCIOS;322.164;A
2014;04;3;DIVORCIOS;42.39;A
2014;04;4;DIVORCIOS;4.239;A
2014;04;05MAS;DIVORCIOS;2.826;A
2014;11;000;DIVORCIOS;2485.68082;A
2014;11;0;DIVORCIOS;1003.89044;A
2014;11;1;DIVORCIOS;758.92915;A
2014;11;2;DIVORCIOS;619.16596;A
2014;11;3;DIVORCIOS;94.67829;A
2014;11;4;DIVORCIOS;7.51415;A
2014;11;05MAS;DIVORCIOS;1.50283;A
2014;14;000;DIVORCIOS;1712.10316;A
2014;14;0;DIVORCIOS;717.81757;A
2014;14;1;DIVORCIOS;506.30288;A
2014;14;2;DIVORCIOS;426.36032;A
2014;14;3;DIVORCIOS;59.95692;A
2014;14;05MAS;DIVORCIOS;1.66547;A
2014;18;000;DIVORCIOS;1848.68385;A
2014;18;0;DIVORCIOS;785.34885;A
2014;18;1;DIVORCIOS;537.7437;A
2014;18;2;DIVORCIOS;442.04355;A
2014;18;3;DIVORCIOS;80.50965;A
2014;18;4;DIVORCIOS;3.0381;A
2014;21;000;DIVORCIOS;1140.17566;A
2014;21;0;DIVORCIOS;421.55378;A
2014;21;1;DIVORCIOS;383.35931;A
2014;21;2;DIVORCIOS;289.99505;A
2014;21;3;DIVORCIOS;41.02369;A
2014;21;4;DIVORCIOS;4.24383;A
2014;23;000;DIVORCIOS;1180.1112;A
2014;23;0;DIVORCIOS;478.5028;A
2014;23;1;DIVORCIOS;364.0144;A
2014;23;2;DIVORCIOS;306.7702;A
2014;23;3;DIVORCIOS;29.356;A
2014;23;4;DIVORCIOS;1.4678;A
2014;29;000;DIVORCIOS;3567.8708;A
2014;29;0;DIVORCIOS;1696.9927;A
2014;29;1;DIVORCIOS;920.9486;A
2014;29;2;DIVORCIOS;827.5657;A
2014;29;3;DIVORCIOS;107.87335;A
2014;29;4;DIVORCIOS;11.27035;A
2014;29;05MAS;DIVORCIOS;3.2201;A
2014;41;000;DIVORCIOS;4126.85938;A
2014;41;0;DIVORCIOS;1753.20726;A
2014;41;1;DIVORCIOS;1202.27282;A
2014;41;2;DIVORCIOS;1029.784;A
2014;41;3;DIVORCIOS;126.14854;A
2014;41;4;DIVORCIOS;14.15953;A
2014;41;05MAS;DIVORCIOS;1.28723;A
2013;C01;000;DIVORCIOS;16473.17478;A
2013;C01;0;DIVORCIOS;7220.07376;A
2013;C01;1;DIVORCIOS;4952.98014;A
2013;C01;2;DIVORCIOS;3768.42882;A
2013;C01;3;DIVORCIOS;496.23918;A
2013;C01;4;DIVORCIOS;27.20316;A
2013;C01;05MAS;DIVORCIOS;8.24972;A
2013;04;000;DIVORCIOS;1267.4696;A
2013;04;0;DIVORCIOS;607.466;A
2013;04;1;DIVORCIOS;338.2108;A
2013;04;2;DIVORCIOS;284.0314;A
2013;04;3;DIVORCIOS;32.836;A
2013;04;4;DIVORCIOS;4.9254;A
2013;11;000;DIVORCIOS;2358.7305;A
2013;11;0;DIVORCIOS;1009.41945;A
2013;11;1;DIVORCIOS;707.61915;A
2013;11;2;DIVORCIOS;565.5093;A
2013;11;3;DIVORCIOS;71.78745;A
2013;11;4;DIVORCIOS;4.39515;A
2013;14;000;DIVORCIOS;1452.76866;A
2013;14;0;DIVORCIOS;609.05054;A
2013;14;1;DIVORCIOS;486.96914;A
2013;14;2;DIVORCIOS;322.83748;A
2013;14;3;DIVORCIOS;31.19858;A
2013;14;4;DIVORCIOS;1.35646;A
2013;14;05MAS;DIVORCIOS;1.35646;A
2013;18;000;DIVORCIOS;1822.15704;A
2013;18;0;DIVORCIOS;800.60343;A
2013;18;1;DIVORCIOS;542.82822;A
2013;18;2;DIVORCIOS;413.25867;A
2013;18;3;DIVORCIOS;61.37505;A
2013;18;4;DIVORCIOS;2.72778;A
2013;18;05MAS;DIVORCIOS;1.36389;A
2013;21;000;DIVORCIOS;995.33511;A
2013;21;0;DIVORCIOS;432.31727;A
2013;21;1;DIVORCIOS;294.43535;A
2013;21;2;DIVORCIOS;241.29336;A
2013;21;3;DIVORCIOS;22.98032;A
2013;21;4;DIVORCIOS;2.87254;A
2013;21;05MAS;DIVORCIOS;1.43627;A
2013;23;000;DIVORCIOS;1155.71547;A
2013;23;0;DIVORCIOS;506.59567;A
2013;23;1;DIVORCIOS;347.13798;A
2013;23;2;DIVORCIOS;249.77001;A
2013;23;3;DIVORCIOS;50.80068;A
2013;23;4;DIVORCIOS;1.41113;A
2013;29;000;DIVORCIOS;3581.6334;A
2013;29;0;DIVORCIOS;1628.5374;A
2013;29;1;DIVORCIOS;1062.714;A
2013;29;2;DIVORCIOS;769.7496;A
2013;29;3;DIVORCIOS;116.3241;A
2013;29;4;DIVORCIOS;2.8722;A
2013;29;05MAS;DIVORCIOS;1.4361;A
2013;41;000;DIVORCIOS;3839.365;A
2013;41;0;DIVORCIOS;1626.084;A
2013;41;1;DIVORCIOS;1173.0655;A
2013;41;2;DIVORCIOS;921.979;A
2013;41;3;DIVORCIOS;108.937;A
2013;41;4;DIVORCIOS;6.6425;A
2013;41;05MAS;DIVORCIOS;2.657;A
2012;C01;000;DIVORCIOS;19100.05171;A
2012;C01;0;DIVORCIOS;8277.67408;A
2012;C01;1;DIVORCIOS;5744.25856;A
2012;C01;2;DIVORCIOS;4438.21973;A
2012;C01;3;DIVORCIOS;588.12709;A
2012;C01;4;DIVORCIOS;39.34058;A
2012;C01;05MAS;DIVORCIOS;12.43167;A
2012;04;000;DIVORCIOS;1673.28115;A
2012;04;0;DIVORCIOS;794.03702;A
2012;04;1;DIVORCIOS;480.34575;A
2012;04;2;DIVORCIOS;365.83438;A
2012;04;3;DIVORCIOS;27.03896;A
2012;04;4;DIVORCIOS;6.02504;A
2012;11;000;DIVORCIOS;2751.43454;A
2012;11;0;DIVORCIOS;1192.61732;A
2012;11;1;DIVORCIOS;845.30394;A
2012;11;2;DIVORCIOS;623.70872;A
2012;11;3;DIVORCIOS;79.38752;A
2012;11;4;DIVORCIOS;5.20852;A
2012;11;05MAS;DIVORCIOS;5.20852;A
2012;14;000;DIVORCIOS;1519.27045;A
2012;14;0;DIVORCIOS;677.43838;A
2012;14;1;DIVORCIOS;443.3598;A
2012;14;2;DIVORCIOS;363.37422;A
2012;14;3;DIVORCIOS;29.24019;A
2012;14;4;DIVORCIOS;4.60962;A
2012;14;05MAS;DIVORCIOS;1.24824;A
2012;18;000;DIVORCIOS;2194.10578;A
2012;18;0;DIVORCIOS;898.12826;A
2012;18;1;DIVORCIOS;630.93392;A
2012;18;2;DIVORCIOS;565.05708;A
2012;18;3;DIVORCIOS;93.88036;A
2012;18;4;DIVORCIOS;6.10616;A
2012;21;000;DIVORCIOS;1090.26737;A
2012;21;0;DIVORCIOS;435.22177;A
2012;21;1;DIVORCIOS;342.97663;A
2012;21;2;DIVORCIOS;283.31119;A
2012;21;3;DIVORCIOS;27.37762;A
2012;21;4;DIVORCIOS;1.38016;A
2012;23;000;DIVORCIOS;1282.34085;A
2012;23;0;DIVORCIOS;549.47948;A
2012;23;1;DIVORCIOS;362.85464;A
2012;23;2;DIVORCIOS;311.92896;A
2012;23;3;DIVORCIOS;54.36695;A
2012;23;4;DIVORCIOS;1.85541;A
2012;23;05MAS;DIVORCIOS;1.85541;A
2012;29;000;DIVORCIOS;4090.46015;A
2012;29;0;DIVORCIOS;1852.62459;A
2012;29;1;DIVORCIOS;1241.96483;A
2012;29;2;DIVORCIOS;859.054;A
2012;29;3;DIVORCIOS;125.03559;A
2012;29;4;DIVORCIOS;10.23833;A
2012;29;05MAS;DIVORCIOS;1.54281;A
2012;41;000;DIVORCIOS;4498.89142;A
2012;41;0;DIVORCIOS;1878.12726;A
2012;41;1;DIVORCIOS;1396.51905;A
2012;41;2;DIVORCIOS;1065.95118;A
2012;41;3;DIVORCIOS;151.7999;A
2012;41;4;DIVORCIOS;3.91734;A
2012;41;05MAS;DIVORCIOS;2.57669;A
2011;C01;000;DIVORCIOS;18257.58564089;A
2011;C01;0;DIVORCIOS;7846.04933399;A
2011;C01;1;DIVORCIOS;5527.79355028;A
2011;C01;2;DIVORCIOS;4267.80886431;A
2011;C01;3;DIVORCIOS;556.81508384;A
2011;C01;4;DIVORCIOS;51.27548841;A
2011;C01;05MAS;DIVORCIOS;7.84332006;A
2011;04;000;DIVORCIOS;1426.82187464;A
2011;04;0;DIVORCIOS;583.52640992;A
2011;04;1;DIVORCIOS;473.24332963;A
2011;04;2;DIVORCIOS;325.8645722;A
2011;04;3;DIVORCIOS;33.50802275;A
2011;04;4;DIVORCIOS;8.94397693;A
2011;04;05MAS;DIVORCIOS;1.73556321;A
2011;11;000;DIVORCIOS;2822.48660103;A
2011;11;0;DIVORCIOS;1202.3111071;A
2011;11;1;DIVORCIOS;876.25066798;A
2011;11;2;DIVORCIOS;687.0078043;A
2011;11;3;DIVORCIOS;54.20382726;A
2011;11;4;DIVORCIOS;2.71319439;A
2011;14;000;DIVORCIOS;1607.8291226;A
2011;14;0;DIVORCIOS;694.5188753;A
2011;14;1;DIVORCIOS;460.81061422;A
2011;14;2;DIVORCIOS;405.63396368;A
2011;14;3;DIVORCIOS;45.24572844;A
2011;14;4;DIVORCIOS;1.61994096;A
2011;18;000;DIVORCIOS;2058.63585768;A
2011;18;0;DIVORCIOS;942.86928504;A
2011;18;1;DIVORCIOS;588.47517352;A
2011;18;2;DIVORCIOS;447.82141032;A
2011;18;3;DIVORCIOS;77.16153716;A
2011;18;4;DIVORCIOS;2.30845164;A
2011;21;000;DIVORCIOS;976.40048302;A
2011;21;0;DIVORCIOS;372.33923021;A
2011;21;1;DIVORCIOS;331.09876328;A
2011;21;2;DIVORCIOS;238.67755323;A
2011;21;3;DIVORCIOS;29.82189314;A
2011;21;4;DIVORCIOS;4.46304316;A
2011;23;000;DIVORCIOS;1223.16206129;A
2011;23;0;DIVORCIOS;453.89824154;A
2011;23;1;DIVORCIOS;401.44938377;A
2011;23;2;DIVORCIOS;321.72581146;A
2011;23;3;DIVORCIOS;42.65822548;A
2011;23;4;DIVORCIOS;3.43039904;A
2011;29;000;DIVORCIOS;3827.02436747;A
2011;29;0;DIVORCIOS;1750.01485096;A
2011;29;1;DIVORCIOS;1095.64919368;A
2011;29;2;DIVORCIOS;839.63571072;A
2011;29;3;DIVORCIOS;127.68371955;A
2011;29;4;DIVORCIOS;12.54909087;A
2011;29;05MAS;DIVORCIOS;1.49180169;A
2011;41;000;DIVORCIOS;4315.22527316;A
2011;41;0;DIVORCIOS;1846.57133392;A
2011;41;1;DIVORCIOS;1300.8164242;A
2011;41;2;DIVORCIOS;1001.4420384;A
2011;41;3;DIVORCIOS;146.53213006;A
2011;41;4;DIVORCIOS;15.24739142;A
2011;41;05MAS;DIVORCIOS;4.61595516;A
2010;C01;000;DIVORCIOS;18373.44232079;A
2010;C01;0;DIVORCIOS;8065.31128136;A
2010;C01;1;DIVORCIOS;5593.03758546;A
2010;C01;2;DIVORCIOS;4025.1756401;A
2010;C01;3;DIVORCIOS;625.40437014;A
2010;C01;4;DIVORCIOS;56.08979426;A
2010;C01;05MAS;DIVORCIOS;8.42364947;A
2010;04;000;DIVORCIOS;1362.40772485;A
2010;04;0;DIVORCIOS;637.91482471;A
2010;04;1;DIVORCIOS;427.86772925;A
2010;04;2;DIVORCIOS;246.61045796;A
2010;04;3;DIVORCIOS;46.42308397;A
2010;04;4;DIVORCIOS;3.59162896;A
2010;11;000;DIVORCIOS;2718.61775842;A
2010;11;0;DIVORCIOS;1205.02172308;A
2010;11;1;DIVORCIOS;821.67696864;A
2010;11;2;DIVORCIOS;584.38205406;A
2010;11;3;DIVORCIOS;105.28180038;A
2010;11;4;DIVORCIOS;2.25521226;A
2010;14;000;DIVORCIOS;1659.02026916;A
2010;14;0;DIVORCIOS;711.70786281;A
2010;14;1;DIVORCIOS;529.88168197;A
2010;14;2;DIVORCIOS;342.19432698;A
2010;14;3;DIVORCIOS;71.5255726;A
2010;14;4;DIVORCIOS;3.7108248;A
2010;18;000;DIVORCIOS;2005.38373943;A
2010;18;0;DIVORCIOS;896.31338402;A
2010;18;1;DIVORCIOS;560.3100903;A
2010;18;2;DIVORCIOS;460.52129936;A
2010;18;3;DIVORCIOS;80.13866957;A
2010;18;4;DIVORCIOS;8.10029618;A
2010;21;000;DIVORCIOS;992.51673019;A
2010;21;0;DIVORCIOS;365.54317683;A
2010;21;1;DIVORCIOS;343.41205939;A
2010;21;2;DIVORCIOS;262.43037653;A
2010;21;3;DIVORCIOS;21.13111744;A
2010;23;000;DIVORCIOS;1193.6878551;A
2010;23;0;DIVORCIOS;503.40566671;A
2010;23;1;DIVORCIOS;363.363745;A
2010;23;2;DIVORCIOS;278.57335401;A
2010;23;3;DIVORCIOS;44.49493093;A
2010;23;4;DIVORCIOS;3.85015845;A
2010;29;000;DIVORCIOS;3876.9745934;A
2010;29;0;DIVORCIOS;1813.05202636;A
2010;29;1;DIVORCIOS;1132.46632564;A
2010;29;2;DIVORCIOS;806.15460836;A
2010;29;3;DIVORCIOS;102.6103785;A
2010;29;4;DIVORCIOS;17.86002722;A
2010;29;05MAS;DIVORCIOS;4.83122732;A
2010;41;000;DIVORCIOS;4564.83365024;A
2010;41;0;DIVORCIOS;1932.35261684;A
2010;41;1;DIVORCIOS;1414.05898527;A
2010;41;2;DIVORCIOS;1044.30916284;A
2010;41;3;DIVORCIOS;153.79881675;A
2010;41;4;DIVORCIOS;16.72164639;A
2010;41;05MAS;DIVORCIOS;3.59242215;A
2009;C01;000;DIVORCIOS;17493.840001105;A
2009;C01;0;DIVORCIOS;7367.016376294;A
2009;C01;1;DIVORCIOS;5521.814068235;A
2009;C01;2;DIVORCIOS;3957.4437141;A
2009;C01;3;DIVORCIOS;575.932710851;A
2009;C01;4;DIVORCIOS;60.759239981;A
2009;C01;05MAS;DIVORCIOS;10.873891644;A
2009;04;000;DIVORCIOS;1275.959999958;A
2009;04;0;DIVORCIOS;548.909408698;A
2009;04;1;DIVORCIOS;419.489501416;A
2009;04;2;DIVORCIOS;259.262625628;A
2009;04;3;DIVORCIOS;48.298464216;A
2009;11;000;DIVORCIOS;2773.590000972;A
2009;11;0;DIVORCIOS;1093.429997348;A
2009;11;1;DIVORCIOS;855.462367554;A
2009;11;2;DIVORCIOS;677.050289865;A
2009;11;3;DIVORCIOS;134.155363482;A
2009;11;4;DIVORCIOS;11.439459358;A
2009;11;05MAS;DIVORCIOS;2.052523365;A
2009;14;000;DIVORCIOS;1537.74000012;A
2009;14;0;DIVORCIOS;615.243080616;A
2009;14;1;DIVORCIOS;501.057156437;A
2009;14;2;DIVORCIOS;364.214502398;A
2009;14;3;DIVORCIOS;43.048862563;A
2009;14;4;DIVORCIOS;12.480331755;A
2009;14;05MAS;DIVORCIOS;1.696066351;A
2009;18;000;DIVORCIOS;1967.070000359;A
2009;18;0;DIVORCIOS;839.845352239;A
2009;18;1;DIVORCIOS;599.679329655;A
2009;18;2;DIVORCIOS;449.50807857;A
2009;18;3;DIVORCIOS;65.872741165;A
2009;18;4;DIVORCIOS;9.96278683;A
2009;18;05MAS;DIVORCIOS;2.2017119;A
2009;21;000;DIVORCIOS;1012.380000091;A
2009;21;0;DIVORCIOS;412.989034729;A
2009;21;1;DIVORCIOS;362.026130413;A
2009;21;2;DIVORCIOS;212.712945661;A
2009;21;3;DIVORCIOS;24.651889288;A
2009;23;000;DIVORCIOS;1122.459999905;A
2009;23;0;DIVORCIOS;446.674941824;A
2009;23;1;DIVORCIOS;351.158982528;A
2009;23;2;DIVORCIOS;280.162726721;A
2009;23;3;DIVORCIOS;44.463348832;A
2009;29;000;DIVORCIOS;3607.690000055;A
2009;29;0;DIVORCIOS;1605.336062765;A
2009;29;1;DIVORCIOS;1113.386260257;A
2009;29;2;DIVORCIOS;783.271417692;A
2009;29;3;DIVORCIOS;86.55806244;A
2009;29;4;DIVORCIOS;14.214606873;A
2009;29;05MAS;DIVORCIOS;4.923590028;A
2009;41;000;DIVORCIOS;4196.949999645;A
2009;41;0;DIVORCIOS;1804.588498075;A
2009;41;1;DIVORCIOS;1319.554339975;A
2009;41;2;DIVORCIOS;931.261127565;A
2009;41;3;DIVORCIOS;128.883978865;A
2009;41;4;DIVORCIOS;12.662055165;A
2008;C01;000;DIVORCIOS;19784.701197956;A
2008;C01;0;DIVORCIOS;8103.188624682;A
2008;C01;1;DIVORCIOS;6355.905095753;A
2008;C01;2;DIVORCIOS;4444.27677642;A
2008;C01;3;DIVORCIOS;772.892093966;A
2008;C01;4;DIVORCIOS;78.265547275;A
2008;C01;05MAS;DIVORCIOS;30.17305986;A
2008;04;000;DIVORCIOS;1459.899390218;A
2008;04;0;DIVORCIOS;653.907917411;A
2008;04;1;DIVORCIOS;461.515033195;A
2008;04;2;DIVORCIOS;276.858285841;A
2008;04;3;DIVORCIOS;56.31026775;A
2008;04;4;DIVORCIOS;7.073157822;A
2008;04;05MAS;DIVORCIOS;4.234728199;A
2008;11;000;DIVORCIOS;3029.88628849;A
2008;11;0;DIVORCIOS;1138.362894625;A
2008;11;1;DIVORCIOS;1040.263783822;A
2008;11;2;DIVORCIOS;701.11409692;A
2008;11;3;DIVORCIOS;124.83595297;A
2008;11;4;DIVORCIOS;16.765567315;A
2008;11;05MAS;DIVORCIOS;8.543992838;A
2008;14;000;DIVORCIOS;1595.530376772;A
2008;14;0;DIVORCIOS;618.687382398;A
2008;14;1;DIVORCIOS;524.206859958;A
2008;14;2;DIVORCIOS;382.073191764;A
2008;14;3;DIVORCIOS;62.14778022;A
2008;14;4;DIVORCIOS;5.610108288;A
2008;14;05MAS;DIVORCIOS;2.805054144;A
2008;18;000;DIVORCIOS;2172.357568834;A
2008;18;0;DIVORCIOS;883.302283714;A
2008;18;1;DIVORCIOS;657.604541729;A
2008;18;2;DIVORCIOS;533.789154224;A
2008;18;3;DIVORCIOS;89.381332709;A
2008;18;4;DIVORCIOS;8.280256458;A
2008;21;000;DIVORCIOS;1165.944181717;A
2008;21;0;DIVORCIOS;446.223359771;A
2008;21;1;DIVORCIOS;395.408269821;A
2008;21;2;DIVORCIOS;265.339802842;A
2008;21;3;DIVORCIOS;53.037579906;A
2008;21;4;DIVORCIOS;4.739714513;A
2008;21;05MAS;DIVORCIOS;1.195454864;A
2008;23;000;DIVORCIOS;1297.204501345;A
2008;23;0;DIVORCIOS;486.759187946;A
2008;23;1;DIVORCIOS;427.859535971;A
2008;23;2;DIVORCIOS;316.126193846;A
2008;23;3;DIVORCIOS;57.279188614;A
2008;23;4;DIVORCIOS;6.120263312;A
2008;23;05MAS;DIVORCIOS;3.060131656;A
2008;29;000;DIVORCIOS;4187.089941605;A
2008;29;0;DIVORCIOS;1892.061196537;A
2008;29;1;DIVORCIOS;1224.411584981;A
2008;29;2;DIVORCIOS;908.064020032;A
2008;29;3;DIVORCIOS;143.568736121;A
2008;29;4;DIVORCIOS;14.579650821;A
2008;29;05MAS;DIVORCIOS;4.404753113;A
2008;41;000;DIVORCIOS;4876.788948975;A
2008;41;0;DIVORCIOS;1983.88440228;A
2008;41;1;DIVORCIOS;1624.635486276;A
2008;41;2;DIVORCIOS;1060.912030951;A
2008;41;3;DIVORCIOS;186.331255676;A
2008;41;4;DIVORCIOS;15.096828746;A
2008;41;05MAS;DIVORCIOS;5.928945046;A
2007;C01;000;DIVORCIOS;21609.099999161;A
2007;C01;0;DIVORCIOS;9235.18263709;A
2007;C01;1;DIVORCIOS;6525.329655391;A
2007;C01;2;DIVORCIOS;4934.439281881;A
2007;C01;3;DIVORCIOS;783.028277506;A
2007;C01;4;DIVORCIOS;100.887294317;A
2007;C01;05MAS;DIVORCIOS;30.232852976;A
2007;04;000;DIVORCIOS;1642.139999901;A
2007;04;0;DIVORCIOS;736.159068449;A
2007;04;1;DIVORCIOS;447.781315037;A
2007;04;2;DIVORCIOS;403.270520527;A
2007;04;3;DIVORCIOS;46.627890409;A
2007;04;4;DIVORCIOS;4.305205479;A
2007;04;05MAS;DIVORCIOS;3.996;A
2007;11;000;DIVORCIOS;3287.229999146;A
2007;11;0;DIVORCIOS;1338.020561096;A
2007;11;1;DIVORCIOS;1067.731862316;A
2007;11;2;DIVORCIOS;736.208342806;A
2007;11;3;DIVORCIOS;122.349926317;A
2007;11;4;DIVORCIOS;18.592434365;A
2007;11;05MAS;DIVORCIOS;4.326872246;A
2007;14;000;DIVORCIOS;1853.999999925;A
2007;14;0;DIVORCIOS;795.645714253;A
2007;14;1;DIVORCIOS;541.148571406;A
2007;14;2;DIVORCIOS;436.171428555;A
2007;14;3;DIVORCIOS;71.245714283;A
2007;14;4;DIVORCIOS;8.091428571;A
2007;14;05MAS;DIVORCIOS;1.697142857;A
2007;18;000;DIVORCIOS;2389.41000052;A
2007;18;0;DIVORCIOS;985.989161519;A
2007;18;1;DIVORCIOS;739.053636439;A
2007;18;2;DIVORCIOS;554.398979947;A
2007;18;3;DIVORCIOS;90.650123231;A
2007;18;4;DIVORCIOS;15.541010916;A
2007;18;05MAS;DIVORCIOS;3.777088468;A
2007;21;000;DIVORCIOS;1393.309999774;A
2007;21;0;DIVORCIOS;508.429450436;A
2007;21;1;DIVORCIOS;498.411853017;A
2007;21;2;DIVORCIOS;322.914016395;A
2007;21;3;DIVORCIOS;53.393280993;A
2007;21;4;DIVORCIOS;5.07670498;A
2007;21;05MAS;DIVORCIOS;5.084693953;A
2007;23;000;DIVORCIOS;1422.190000204;A
2007;23;0;DIVORCIOS;622.67164801;A
2007;23;1;DIVORCIOS;411.298666543;A
2007;23;2;DIVORCIOS;335.169812323;A
2007;23;3;DIVORCIOS;44.32054999;A
2007;23;4;DIVORCIOS;6.631234166;A
2007;23;05MAS;DIVORCIOS;2.098089172;A
2007;29;000;DIVORCIOS;4555.859999734;A
2007;29;0;DIVORCIOS;2099.157279382;A
2007;29;1;DIVORCIOS;1279.07431143;A
2007;29;2;DIVORCIOS;996.945946468;A
2007;29;3;DIVORCIOS;146.700528726;A
2007;29;4;DIVORCIOS;27.252755466;A
2007;29;05MAS;DIVORCIOS;6.729178262;A
2007;41;000;DIVORCIOS;5064.959999957;A
2007;41;0;DIVORCIOS;2149.109753945;A
2007;41;1;DIVORCIOS;1540.829439203;A
2007;41;2;DIVORCIOS;1149.36023486;A
2007;41;3;DIVORCIOS;207.740263557;A
2007;41;4;DIVORCIOS;15.396520374;A
2007;41;05MAS;DIVORCIOS;2.523788018;A
2006;C01;000;DIVORCIOS;21218.50087;A
2006;C01;NC;DIVORCIOS;21218.50087;A
2006;04;000;DIVORCIOS;1595.879802;A
2006;04;NC;DIVORCIOS;1595.879802;A
2006;11;000;DIVORCIOS;3145.260002;A
2006;11;NC;DIVORCIOS;3145.260002;A
2006;14;000;DIVORCIOS;1834.890112;A
2006;14;NC;DIVORCIOS;1834.890112;A
2006;18;000;DIVORCIOS;2080.80049;A
2006;18;NC;DIVORCIOS;2080.80049;A
2006;21;000;DIVORCIOS;1332.84986;A
2006;21;NC;DIVORCIOS;1332.84986;A
2006;23;000;DIVORCIOS;1309.440144;A
2006;23;NC;DIVORCIOS;1309.440144;A
2006;29;000;DIVORCIOS;4712.309813;A
2006;29;NC;DIVORCIOS;4712.309813;A
2006;41;000;DIVORCIOS;5207.070647;A
2006;41;NC;DIVORCIOS;5207.070647;A
2005;C01;000;DIVORCIOS;10748.000406;A
2005;C01;NC;DIVORCIOS;10748.000406;A
2005;04;000;DIVORCIOS;833.000224;A
2005;04;NC;DIVORCIOS;833.000224;A
2005;11;000;DIVORCIOS;1642.999986;A
2005;11;NC;DIVORCIOS;1642.999986;A
2005;14;000;DIVORCIOS;939.000159;A
2005;14;NC;DIVORCIOS;939.000159;A
2005;18;000;DIVORCIOS;959.000189;A
2005;18;NC;DIVORCIOS;959.000189;A
2005;21;000;DIVORCIOS;726.999975;A
2005;21;NC;DIVORCIOS;726.999975;A
2005;23;000;DIVORCIOS;636.999935;A
2005;23;NC;DIVORCIOS;636.999935;A
2005;29;000;DIVORCIOS;2312.000002;A
2005;29;NC;DIVORCIOS;2312.000002;A
2005;41;000;DIVORCIOS;2697.999936;A
2005;41;NC;DIVORCIOS;2697.999936;A
2004;C01;000;DIVORCIOS;7744.999297;A
2004;C01;NC;DIVORCIOS;7744.999297;A
2004;04;000;DIVORCIOS;623.000146;A
2004;04;NC;DIVORCIOS;623.000146;A
2004;11;000;DIVORCIOS;1177.000044;A
2004;11;NC;DIVORCIOS;1177.000044;A
2004;14;000;DIVORCIOS;607.00024;A
2004;14;NC;DIVORCIOS;607.00024;A
2004;18;000;DIVORCIOS;873.000025;A
2004;18;NC;DIVORCIOS;873.000025;A
2004;21;000;DIVORCIOS;473.000077;A
2004;21;NC;DIVORCIOS;473.000077;A
2004;23;000;DIVORCIOS;411.9999;A
2004;23;NC;DIVORCIOS;411.9999;A
2004;29;000;DIVORCIOS;1704.999483;A
2004;29;NC;DIVORCIOS;1704.999483;A
2004;41;000;DIVORCIOS;1874.999382;A
2004;41;NC;DIVORCIOS;1874.999382;A
2003;C01;000;DIVORCIOS;6791.000174;A
2003;C01;NC;DIVORCIOS;6791.000174;A
2003;04;000;DIVORCIOS;513.000075;A
2003;04;NC;DIVORCIOS;513.000075;A
2003;11;000;DIVORCIOS;1006.00038;A
2003;11;NC;DIVORCIOS;1006.00038;A
2003;14;000;DIVORCIOS;567.99999;A
2003;14;NC;DIVORCIOS;567.99999;A
2003;18;000;DIVORCIOS;787.999854;A
2003;18;NC;DIVORCIOS;787.999854;A
2003;21;000;DIVORCIOS;439.999954;A
2003;21;NC;DIVORCIOS;439.999954;A
2003;23;000;DIVORCIOS;408.000085;A
2003;23;NC;DIVORCIOS;408.000085;A
2003;29;000;DIVORCIOS;1500.999744;A
2003;29;NC;DIVORCIOS;1500.999744;A
2003;41;000;DIVORCIOS;1567.000092;A
2003;41;NC;DIVORCIOS;1567.000092;A
2002;C01;000;DIVORCIOS;6363.999709;A
2002;C01;NC;DIVORCIOS;6363.999709;A
2002;04;000;DIVORCIOS;462.9999;A
2002;04;NC;DIVORCIOS;462.9999;A
2002;11;000;DIVORCIOS;957.999859;A
2002;11;NC;DIVORCIOS;957.999859;A
2002;14;000;DIVORCIOS;493.999804;A
2002;14;NC;DIVORCIOS;493.999804;A
2002;18;000;DIVORCIOS;746.999952;A
2002;18;NC;DIVORCIOS;746.999952;A
2002;21;000;DIVORCIOS;333.0;A
2002;21;NC;DIVORCIOS;333.0;A
2002;23;000;DIVORCIOS;356.999936;A
2002;23;NC;DIVORCIOS;356.999936;A
2002;29;000;DIVORCIOS;1505.000544;A
2002;29;NC;DIVORCIOS;1505.000544;A
2002;41;000;DIVORCIOS;1506.999714;A
2002;41;NC;DIVORCIOS;1506.999714;A
2001;C01;000;DIVORCIOS;5750.999337;A
2001;C01;NC;DIVORCIOS;5750.999337;A
2001;04;000;DIVORCIOS;423.999939;A
2001;04;NC;DIVORCIOS;423.999939;A
2001;11;000;DIVORCIOS;862.99983;A
2001;11;NC;DIVORCIOS;862.99983;A
2001;14;000;DIVORCIOS;500.000085;A
2001;14;NC;DIVORCIOS;500.000085;A
2001;18;000;DIVORCIOS;630.000204;A
2001;18;NC;DIVORCIOS;630.000204;A
2001;21;000;DIVORCIOS;327.999998;A
2001;21;NC;DIVORCIOS;327.999998;A
2001;23;000;DIVORCIOS;297.999919;A
2001;23;NC;DIVORCIOS;297.999919;A
2001;29;000;DIVORCIOS;1340.999712;A
2001;29;NC;DIVORCIOS;1340.999712;A
2001;41;000;DIVORCIOS;1366.99965;A
2001;41;NC;DIVORCIOS;1366.99965;A
2000;C01;000;DIVORCIOS;5740.00032;A
2000;C01;NC;DIVORCIOS;5740.00032;A
2000;04;000;DIVORCIOS;411.0;A
2000;04;NC;DIVORCIOS;411.0;A
2000;11;000;DIVORCIOS;936.000311;A
2000;11;NC;DIVORCIOS;936.000311;A
2000;14;000;DIVORCIOS;464.000102;A
2000;14;NC;DIVORCIOS;464.000102;A
2000;18;000;DIVORCIOS;665.999884;A
2000;18;NC;DIVORCIOS;665.999884;A
2000;21;000;DIVORCIOS;376.999989;A
2000;21;NC;DIVORCIOS;376.999989;A
2000;23;000;DIVORCIOS;255.999936;A
2000;23;NC;DIVORCIOS;255.999936;A
2000;29;000;DIVORCIOS;1409.0005;A
2000;29;NC;DIVORCIOS;1409.0005;A
2000;41;000;DIVORCIOS;1220.999598;A
2000;41;NC;DIVORCIOS;1220.999598;A
1999;C01;000;DIVORCIOS;5117.000106;A
1999;C01;NC;DIVORCIOS;5117.000106;A
1999;04;000;DIVORCIOS;386.000076;A
1999;04;NC;DIVORCIOS;386.000076;A
1999;11;000;DIVORCIOS;839.999809;A
1999;11;NC;DIVORCIOS;839.999809;A
1999;14;000;DIVORCIOS;382.999968;A
1999;14;NC;DIVORCIOS;382.999968;A
1999;18;000;DIVORCIOS;575.999946;A
1999;18;NC;DIVORCIOS;575.999946;A
1999;21;000;DIVORCIOS;300.00003;A
1999;21;NC;DIVORCIOS;300.00003;A
1999;23;000;DIVORCIOS;301.999996;A
1999;23;NC;DIVORCIOS;301.999996;A
1999;29;000;DIVORCIOS;1150.000369;A
1999;29;NC;DIVORCIOS;1150.000369;A
1999;41;000;DIVORCIOS;1179.999912;A
1999;41;NC;DIVORCIOS;1179.999912;A
1998;C01;000;DIVORCIOS;5076.99993;A
1998;C01;NC;DIVORCIOS;5076.99993;A
1998;04;000;DIVORCIOS;367.000102;A
1998;04;NC;DIVORCIOS;367.000102;A
1998;11;000;DIVORCIOS;769.999972;A
1998;11;NC;DIVORCIOS;769.999972;A
1998;14;000;DIVORCIOS;430.999854;A
1998;14;NC;DIVORCIOS;430.999854;A
1998;18;000;DIVORCIOS;552.0;A
1998;18;NC;DIVORCIOS;552.0;A
1998;21;000;DIVORCIOS;309.0;A
1998;21;NC;DIVORCIOS;309.0;A
1998;23;000;DIVORCIOS;301.999984;A
1998;23;NC;DIVORCIOS;301.999984;A
1998;29;000;DIVORCIOS;1159.999858;A
1998;29;NC;DIVORCIOS;1159.999858;A
1998;41;000;DIVORCIOS;1186.00016;A
1998;41;NC;DIVORCIOS;1186.00016;A
2020;C01;000;SEPARACIONES;569.10667;A
2020;C01;0;SEPARACIONES;330.38059;A
2020;C01;1;SEPARACIONES;91.64736;A
2020;C01;2;SEPARACIONES;130.30308;A
2020;C01;3;SEPARACIONES;15.05883;A
2020;C01;4;SEPARACIONES;1.71681;A
2020;04;000;SEPARACIONES;32.35418;A
2020;04;0;SEPARACIONES;17.41016;A
2020;04;1;SEPARACIONES;8.53944;A
2020;04;2;SEPARACIONES;4.26972;A
2020;04;3;SEPARACIONES;2.13486;A
2020;11;000;SEPARACIONES;91.37225;A
2020;11;0;SEPARACIONES;34.52537;A
2020;11;1;SEPARACIONES;14.73808;A
2020;11;2;SEPARACIONES;37.89792;A
2020;11;3;SEPARACIONES;4.21088;A
2020;14;000;SEPARACIONES;55.28281;A
2020;14;0;SEPARACIONES;40.94163;A
2020;14;1;SEPARACIONES;6.14622;A
2020;14;2;SEPARACIONES;6.14622;A
2020;14;3;SEPARACIONES;2.04874;A
2020;18;000;SEPARACIONES;68.52691;A
2020;18;0;SEPARACIONES;29.58106;A
2020;18;1;SEPARACIONES;12.98195;A
2020;18;2;SEPARACIONES;23.36751;A
2020;18;3;SEPARACIONES;2.59639;A
2020;21;000;SEPARACIONES;18.33693;A
2020;21;0;SEPARACIONES;11.34942;A
2020;21;1;SEPARACIONES;2.32917;A
2020;21;2;SEPARACIONES;4.65834;A
2020;23;000;SEPARACIONES;35.30201;A
2020;23;0;SEPARACIONES;26.53433;A
2020;23;2;SEPARACIONES;8.76768;A
2020;29;000;SEPARACIONES;142.65563;A
2020;29;0;SEPARACIONES;97.98378;A
2020;29;1;SEPARACIONES;21.16035;A
2020;29;2;SEPARACIONES;21.16035;A
2020;29;3;SEPARACIONES;2.35115;A
2020;41;000;SEPARACIONES;125.27595;A
2020;41;0;SEPARACIONES;72.05484;A
2020;41;1;SEPARACIONES;25.75215;A
2020;41;2;SEPARACIONES;24.03534;A
2020;41;3;SEPARACIONES;1.71681;A
2020;41;4;SEPARACIONES;1.71681;A
2019;C01;000;SEPARACIONES;731.04555;A
2019;C01;0;SEPARACIONES;404.91975;A
2019;C01;1;SEPARACIONES;146.9998;A
2019;C01;2;SEPARACIONES;155.48507;A
2019;C01;3;SEPARACIONES;19.56951;A
2019;C01;4;SEPARACIONES;4.07142;A
2019;04;000;SEPARACIONES;36.5805;A
2019;04;0;SEPARACIONES;24.39828;A
2019;04;1;SEPARACIONES;6.09111;A
2019;04;2;SEPARACIONES;6.09111;A
2019;11;000;SEPARACIONES;117.39034;A
2019;11;0;SEPARACIONES;51.98614;A
2019;11;1;SEPARACIONES;32.7021;A
2019;11;2;SEPARACIONES;26.16168;A
2019;11;3;SEPARACIONES;6.54042;A
2019;14;000;SEPARACIONES;71.72973;A
2019;14;0;SEPARACIONES;35.17148;A
2019;14;1;SEPARACIONES;13.16097;A
2019;14;2;SEPARACIONES;23.39728;A
2019;18;000;SEPARACIONES;60.09424;A
2019;18;0;SEPARACIONES;33.72416;A
2019;18;1;SEPARACIONES;11.9864;A
2019;18;2;SEPARACIONES;9.58912;A
2019;18;3;SEPARACIONES;4.79456;A
2019;21;000;SEPARACIONES;28.45104;A
2019;21;0;SEPARACIONES;13.16659;A
2019;21;1;SEPARACIONES;6.11378;A
2019;21;2;SEPARACIONES;6.11378;A
2019;21;3;SEPARACIONES;3.05689;A
2019;23;000;SEPARACIONES;53.24972;A
2019;23;0;SEPARACIONES;41.08884;A
2019;23;1;SEPARACIONES;3.04022;A
2019;23;2;SEPARACIONES;9.12066;A
2019;29;000;SEPARACIONES;201.02437;A
2019;29;0;SEPARACIONES;111.89385;A
2019;29;1;SEPARACIONES;44.56526;A
2019;29;2;SEPARACIONES;42.21972;A
2019;29;4;SEPARACIONES;2.34554;A
2019;41;000;SEPARACIONES;162.52561;A
2019;41;0;SEPARACIONES;93.49041;A
2019;41;1;SEPARACIONES;29.33996;A
2019;41;2;SEPARACIONES;32.79172;A
2019;41;3;SEPARACIONES;5.17764;A
2019;41;4;SEPARACIONES;1.72588;A
2018;C01;000;SEPARACIONES;820.8281;A
2018;C01;0;SEPARACIONES;472.1153;A
2018;C01;1;SEPARACIONES;169.4282;A
2018;C01;2;SEPARACIONES;140.414;A
2018;C01;3;SEPARACIONES;32.1024;A
2018;C01;4;SEPARACIONES;5.4562;A
2018;C01;05MAS;SEPARACIONES;1.312;A
2018;04;000;SEPARACIONES;26.8855;A
2018;04;0;SEPARACIONES;13.8639;A
2018;04;1;SEPARACIONES;8.1385;A
2018;04;2;SEPARACIONES;3.2554;A
2018;04;3;SEPARACIONES;1.6277;A
2018;11;000;SEPARACIONES;131.8558;A
2018;11;0;SEPARACIONES;75.2252;A
2018;11;1;SEPARACIONES;32.6715;A
2018;11;2;SEPARACIONES;19.6029;A
2018;11;3;SEPARACIONES;2.1781;A
2018;11;4;SEPARACIONES;2.1781;A
2018;14;000;SEPARACIONES;94.772;A
2018;14;0;SEPARACIONES;47.54;A
2018;14;1;SEPARACIONES;27.552;A
2018;14;2;SEPARACIONES;15.744;A
2018;14;3;SEPARACIONES;1.312;A
2018;14;4;SEPARACIONES;1.312;A
2018;14;05MAS;SEPARACIONES;1.312;A
2018;18;000;SEPARACIONES;120.6111;A
2018;18;0;SEPARACIONES;76.1967;A
2018;18;1;SEPARACIONES;25.7136;A
2018;18;2;SEPARACIONES;18.7008;A
2018;21;000;SEPARACIONES;27.635;A
2018;21;0;SEPARACIONES;18.461;A
2018;21;1;SEPARACIONES;6.116;A
2018;21;2;SEPARACIONES;3.058;A
2018;23;000;SEPARACIONES;86.754;A
2018;23;0;SEPARACIONES;65.9703;A
2018;23;1;SEPARACIONES;6.9279;A
2018;23;2;SEPARACIONES;13.8558;A
2018;29;000;SEPARACIONES;134.7646;A
2018;29;0;SEPARACIONES;63.985;A
2018;29;1;SEPARACIONES;31.4576;A
2018;29;2;SEPARACIONES;23.5932;A
2018;29;3;SEPARACIONES;13.7627;A
2018;29;4;SEPARACIONES;1.9661;A
2018;41;000;SEPARACIONES;197.5501;A
2018;41;0;SEPARACIONES;110.8732;A
2018;41;1;SEPARACIONES;30.8511;A
2018;41;2;SEPARACIONES;42.6039;A
2018;41;3;SEPARACIONES;13.2219;A
2017;C01;000;SEPARACIONES;839.597;A
2017;C01;0;SEPARACIONES;443.836;A
2017;C01;1;SEPARACIONES;213.1119;A
2017;C01;2;SEPARACIONES;157.4487;A
2017;C01;3;SEPARACIONES;20.8356;A
2017;C01;4;SEPARACIONES;4.3648;A
2017;04;000;SEPARACIONES;35.0423;A
2017;04;0;SEPARACIONES;15.2667;A
2017;04;1;SEPARACIONES;7.606;A
2017;04;2;SEPARACIONES;10.6484;A
2017;04;3;SEPARACIONES;1.5212;A
2017;11;000;SEPARACIONES;163.034;A
2017;11;0;SEPARACIONES;95.362;A
2017;11;1;SEPARACIONES;40.6032;A
2017;11;2;SEPARACIONES;23.6852;A
2017;11;3;SEPARACIONES;3.3836;A
2017;14;000;SEPARACIONES;92.572;A
2017;14;0;SEPARACIONES;56.02;A
2017;14;1;SEPARACIONES;22.845;A
2017;14;2;SEPARACIONES;12.184;A
2017;14;3;SEPARACIONES;1.523;A
2017;18;000;SEPARACIONES;91.1584;A
2017;18;0;SEPARACIONES;42.7936;A
2017;18;1;SEPARACIONES;36.2736;A
2017;18;2;SEPARACIONES;10.076;A
2017;18;3;SEPARACIONES;2.0152;A
2017;21;000;SEPARACIONES;32.839;A
2017;21;0;SEPARACIONES;9.0694;A
2017;21;1;SEPARACIONES;9.904;A
2017;21;2;SEPARACIONES;13.8656;A
2017;23;000;SEPARACIONES;76.0582;A
2017;23;0;SEPARACIONES;39.2086;A
2017;23;1;SEPARACIONES;20.472;A
2017;23;2;SEPARACIONES;14.3304;A
2017;23;3;SEPARACIONES;2.0472;A
2017;29;000;SEPARACIONES;159.5805;A
2017;29;0;SEPARACIONES;82.0221;A
2017;29;1;SEPARACIONES;35.5476;A
2017;29;2;SEPARACIONES;35.5476;A
2017;29;3;SEPARACIONES;4.8474;A
2017;29;4;SEPARACIONES;1.6158;A
2017;41;000;SEPARACIONES;189.3126;A
2017;41;0;SEPARACIONES;104.0936;A
2017;41;1;SEPARACIONES;39.8605;A
2017;41;2;SEPARACIONES;37.1115;A
2017;41;3;SEPARACIONES;5.498;A
2017;41;4;SEPARACIONES;2.749;A
2016;C01;000;SEPARACIONES;902.9587;A
2016;C01;0;SEPARACIONES;477.4809;A
2016;C01;1;SEPARACIONES;222.0151;A
2016;C01;2;SEPARACIONES;168.2046;A
2016;C01;3;SEPARACIONES;33.9658;A
2016;C01;4;SEPARACIONES;1.2923;A
2016;04;000;SEPARACIONES;42.5671;A
2016;04;0;SEPARACIONES;19.9588;A
2016;04;1;SEPARACIONES;14.6289;A
2016;04;2;SEPARACIONES;6.6495;A
2016;04;3;SEPARACIONES;1.3299;A
2016;11;000;SEPARACIONES;139.4344;A
2016;11;0;SEPARACIONES;68.4874;A
2016;11;1;SEPARACIONES;40.9916;A
2016;11;2;SEPARACIONES;28.3788;A
2016;11;3;SEPARACIONES;1.5766;A
2016;14;000;SEPARACIONES;115.2214;A
2016;14;0;SEPARACIONES;52.5862;A
2016;14;1;SEPARACIONES;32.6225;A
2016;14;2;SEPARACIONES;23.4882;A
2016;14;3;SEPARACIONES;6.5245;A
2016;18;000;SEPARACIONES;106.728;A
2016;18;0;SEPARACIONES;56.5928;A
2016;18;1;SEPARACIONES;25.932;A
2016;18;2;SEPARACIONES;17.288;A
2016;18;3;SEPARACIONES;6.9152;A
2016;21;000;SEPARACIONES;50.6884;A
2016;21;0;SEPARACIONES;33.3964;A
2016;21;1;SEPARACIONES;8.646;A
2016;21;2;SEPARACIONES;5.1876;A
2016;21;3;SEPARACIONES;3.4584;A
2016;23;000;SEPARACIONES;72.7504;A
2016;23;0;SEPARACIONES;45.844;A
2016;23;1;SEPARACIONES;14.948;A
2016;23;2;SEPARACIONES;8.9688;A
2016;23;3;SEPARACIONES;2.9896;A
2016;29;000;SEPARACIONES;172.0624;A
2016;29;0;SEPARACIONES;94.0312;A
2016;29;1;SEPARACIONES;39.0156;A
2016;29;2;SEPARACIONES;33.0132;A
2016;29;3;SEPARACIONES;6.0024;A
2016;41;000;SEPARACIONES;203.5066;A
2016;41;0;SEPARACIONES;106.5841;A
2016;41;1;SEPARACIONES;45.2305;A
2016;41;2;SEPARACIONES;45.2305;A
2016;41;3;SEPARACIONES;5.1692;A
2016;41;4;SEPARACIONES;1.2923;A
2015;C01;000;SEPARACIONES;899.1127;A
2015;C01;0;SEPARACIONES;454.8428;A
2015;C01;1;SEPARACIONES;206.4049;A
2015;C01;2;SEPARACIONES;174.8718;A
2015;C01;3;SEPARACIONES;53.8521;A
2015;C01;4;SEPARACIONES;7.7813;A
2015;C01;05MAS;SEPARACIONES;1.3598;A
2015;04;000;SEPARACIONES;56.0604;A
2015;04;0;SEPARACIONES;30.8028;A
2015;04;1;SEPARACIONES;12.6288;A
2015;04;2;SEPARACIONES;11.0502;A
2015;04;3;SEPARACIONES;1.5786;A
2015;11;000;SEPARACIONES;133.4995;A
2015;11;0;SEPARACIONES;61.7785;A
2015;11;1;SEPARACIONES;39.845;A
2015;11;2;SEPARACIONES;22.3132;A
2015;11;3;SEPARACIONES;7.969;A
2015;11;4;SEPARACIONES;1.5938;A
2015;14;000;SEPARACIONES;117.3954;A
2015;14;0;SEPARACIONES;44.4099;A
2015;14;1;SEPARACIONES;25.3215;A
2015;14;2;SEPARACIONES;40.2165;A
2015;14;3;SEPARACIONES;2.979;A
2015;14;4;SEPARACIONES;4.4685;A
2015;18;000;SEPARACIONES;108.1972;A
2015;18;0;SEPARACIONES;60.0652;A
2015;18;1;SEPARACIONES;22.347;A
2015;18;2;SEPARACIONES;15.471;A
2015;18;3;SEPARACIONES;8.595;A
2015;18;4;SEPARACIONES;1.719;A
2015;21;000;SEPARACIONES;40.5241;A
2015;21;0;SEPARACIONES;19.7215;A
2015;21;1;SEPARACIONES;14.859;A
2015;21;2;SEPARACIONES;5.9436;A
2015;23;000;SEPARACIONES;81.3217;A
2015;23;0;SEPARACIONES;38.7869;A
2015;23;1;SEPARACIONES;18.2292;A
2015;23;2;SEPARACIONES;13.6719;A
2015;23;3;SEPARACIONES;10.6337;A
2015;29;000;SEPARACIONES;173.1336;A
2015;29;0;SEPARACIONES;94.6048;A
2015;29;1;SEPARACIONES;36.4598;A
2015;29;2;SEPARACIONES;30.8506;A
2015;29;3;SEPARACIONES;11.2184;A
2015;41;000;SEPARACIONES;188.9808;A
2015;41;0;SEPARACIONES;104.6732;A
2015;41;1;SEPARACIONES;36.7146;A
2015;41;2;SEPARACIONES;35.3548;A
2015;41;3;SEPARACIONES;10.8784;A
2015;41;05MAS;SEPARACIONES;1.3598;A
2014;C01;000;SEPARACIONES;1033.68097;A
2014;C01;0;SEPARACIONES;501.1155;A
2014;C01;1;SEPARACIONES;258.1684;A
2014;C01;2;SEPARACIONES;236.11905;A
2014;C01;3;SEPARACIONES;33.84314;A
2014;C01;4;SEPARACIONES;4.43488;A
2014;04;000;SEPARACIONES;57.933;A
2014;04;0;SEPARACIONES;21.195;A
2014;04;1;SEPARACIONES;18.369;A
2014;04;2;SEPARACIONES;12.717;A
2014;04;3;SEPARACIONES;4.239;A
2014;04;4;SEPARACIONES;1.413;A
2014;11;000;SEPARACIONES;162.30564;A
2014;11;0;SEPARACIONES;87.16414;A
2014;11;1;SEPARACIONES;36.06792;A
2014;11;2;SEPARACIONES;30.0566;A
2014;11;3;SEPARACIONES;7.51415;A
2014;11;4;SEPARACIONES;1.50283;A
2014;14;000;SEPARACIONES;113.25196;A
2014;14;0;SEPARACIONES;51.62957;A
2014;14;1;SEPARACIONES;29.97846;A
2014;14;2;SEPARACIONES;28.31299;A
2014;14;3;SEPARACIONES;3.33094;A
2014;18;000;SEPARACIONES;138.23355;A
2014;18;0;SEPARACIONES;74.43345;A
2014;18;1;SEPARACIONES;36.4572;A
2014;18;2;SEPARACIONES;21.2667;A
2014;18;3;SEPARACIONES;4.55715;A
2014;18;4;SEPARACIONES;1.51905;A
2014;21;000;SEPARACIONES;57.99901;A
2014;21;0;SEPARACIONES;29.70681;A
2014;21;1;SEPARACIONES;15.56071;A
2014;21;2;SEPARACIONES;12.73149;A
2014;23;000;SEPARACIONES;74.8578;A
2014;23;0;SEPARACIONES;42.5662;A
2014;23;1;SEPARACIONES;16.1458;A
2014;23;2;SEPARACIONES;13.2102;A
2014;23;3;SEPARACIONES;2.9356;A
2014;29;000;SEPARACIONES;207.69645;A
2014;29;0;SEPARACIONES;77.2824;A
2014;29;1;SEPARACIONES;57.9618;A
2014;29;2;SEPARACIONES;67.6221;A
2014;29;3;SEPARACIONES;4.83015;A
2014;41;000;SEPARACIONES;221.40356;A
2014;41;0;SEPARACIONES;117.13793;A
2014;41;1;SEPARACIONES;47.62751;A
2014;41;2;SEPARACIONES;50.20197;A
2014;41;3;SEPARACIONES;6.43615;A
2013;C01;000;SEPARACIONES;974.08657;A
2013;C01;0;SEPARACIONES;439.69164;A
2013;C01;1;SEPARACIONES;276.77832;A
2013;C01;2;SEPARACIONES;222.38185;A
2013;C01;3;SEPARACIONES;31.07814;A
2013;C01;4;SEPARACIONES;4.15662;A
2013;04;000;SEPARACIONES;64.0302;A
2013;04;0;SEPARACIONES;22.9852;A
2013;04;1;SEPARACIONES;27.9106;A
2013;04;2;SEPARACIONES;11.4926;A
2013;04;3;SEPARACIONES;1.6418;A
2013;11;000;SEPARACIONES;161.1555;A
2013;11;0;SEPARACIONES;68.85735;A
2013;11;1;SEPARACIONES;45.41655;A
2013;11;2;SEPARACIONES;39.55635;A
2013;11;3;SEPARACIONES;7.32525;A
2013;14;000;SEPARACIONES;97.66512;A
2013;14;0;SEPARACIONES;35.26796;A
2013;14;1;SEPARACIONES;31.19858;A
2013;14;2;SEPARACIONES;23.05982;A
2013;14;3;SEPARACIONES;6.7823;A
2013;14;4;SEPARACIONES;1.35646;A
2013;18;000;SEPARACIONES;103.65564;A
2013;18;0;SEPARACIONES;54.5556;A
2013;18;1;SEPARACIONES;21.82224;A
2013;18;2;SEPARACIONES;19.09446;A
2013;18;3;SEPARACIONES;6.81945;A
2013;18;4;SEPARACIONES;1.36389;A
2013;21;000;SEPARACIONES;66.06842;A
2013;21;0;SEPARACIONES;24.41659;A
2013;21;1;SEPARACIONES;20.10778;A
2013;21;2;SEPARACIONES;17.23524;A
2013;21;3;SEPARACIONES;2.87254;A
2013;21;4;SEPARACIONES;1.43627;A
2013;23;000;SEPARACIONES;88.90119;A
2013;23;0;SEPARACIONES;39.51164;A
2013;23;1;SEPARACIONES;26.81147;A
2013;23;2;SEPARACIONES;22.57808;A
2013;29;000;SEPARACIONES;186.693;A
2013;29;0;SEPARACIONES;90.4743;A
2013;29;1;SEPARACIONES;51.6996;A
2013;29;2;SEPARACIONES;40.2108;A
2013;29;3;SEPARACIONES;4.3083;A
2013;41;000;SEPARACIONES;205.9175;A
2013;41;0;SEPARACIONES;103.623;A
2013;41;1;SEPARACIONES;51.8115;A
2013;41;2;SEPARACIONES;49.1545;A
2013;41;3;SEPARACIONES;1.3285;A
2012;C01;000;SEPARACIONES;1325.99833;A
2012;C01;0;SEPARACIONES;615.48143;A
2012;C01;1;SEPARACIONES;338.4834;A
2012;C01;2;SEPARACIONES;312.17917;A
2012;C01;3;SEPARACIONES;51.40521;A
2012;C01;4;SEPARACIONES;2.03194;A
2012;C01;05MAS;SEPARACIONES;6.41718;A
2012;04;000;SEPARACIONES;81.0995;A
2012;04;0;SEPARACIONES;29.73194;A
2012;04;1;SEPARACIONES;27.94033;A
2012;04;2;SEPARACIONES;23.42723;A
2012;11;000;SEPARACIONES;217.75166;A
2012;11;0;SEPARACIONES;84.84476;A
2012;11;1;SEPARACIONES;48.06214;A
2012;11;2;SEPARACIONES;61.82966;A
2012;11;3;SEPARACIONES;20.98316;A
2012;11;4;SEPARACIONES;2.03194;A
2012;14;000;SEPARACIONES;108.2448;A
2012;14;0;SEPARACIONES;47.88036;A
2012;14;1;SEPARACIONES;33.5358;A
2012;14;2;SEPARACIONES;20.0052;A
2012;14;3;SEPARACIONES;6.82344;A
2012;18;000;SEPARACIONES;139.01817;A
2012;18;0;SEPARACIONES;61.65197;A
2012;18;1;SEPARACIONES;45.46504;A
2012;18;2;SEPARACIONES;27.31684;A
2012;18;3;SEPARACIONES;4.58432;A
2012;21;000;SEPARACIONES;60.6245;A
2012;21;0;SEPARACIONES;31.89379;A
2012;21;1;SEPARACIONES;26.40638;A
2012;21;2;SEPARACIONES;2.32433;A
2012;23;000;SEPARACIONES;141.41699;A
2012;23;0;SEPARACIONES;63.24626;A
2012;23;1;SEPARACIONES;32.58879;A
2012;23;2;SEPARACIONES;38.75171;A
2012;23;3;SEPARACIONES;4.2316;A
2012;23;05MAS;SEPARACIONES;2.59863;A
2012;29;000;SEPARACIONES;271.91439;A
2012;29;0;SEPARACIONES;139.93425;A
2012;29;1;SEPARACIONES;54.52947;A
2012;29;2;SEPARACIONES;73.75263;A
2012;29;3;SEPARACIONES;3.69804;A
2012;41;000;SEPARACIONES;305.92832;A
2012;41;0;SEPARACIONES;156.2981;A
2012;41;1;SEPARACIONES;69.95545;A
2012;41;2;SEPARACIONES;64.77157;A
2012;41;3;SEPARACIONES;11.08465;A
2012;41;05MAS;SEPARACIONES;3.81855;A
2011;C01;000;SEPARACIONES;1399.03667512;A
2011;C01;0;SEPARACIONES;597.61326934;A
2011;C01;1;SEPARACIONES;395.66964198;A
2011;C01;2;SEPARACIONES;362.53823608;A
2011;C01;3;SEPARACIONES;37.77740571;A
2011;C01;4;SEPARACIONES;1.39980475;A
2011;C01;05MAS;SEPARACIONES;4.03831726;A
2011;04;000;SEPARACIONES;85.45557379;A
2011;04;0;SEPARACIONES;48.10559752;A
2011;04;1;SEPARACIONES;19.75055026;A
2011;04;2;SEPARACIONES;14.60111634;A
2011;04;3;SEPARACIONES;2.99830967;A
2011;11;000;SEPARACIONES;246.54489022;A
2011;11;0;SEPARACIONES;110.60361406;A
2011;11;1;SEPARACIONES;67.5891639;A
2011;11;2;SEPARACIONES;68.35211226;A
2011;14;000;SEPARACIONES;180.74680224;A
2011;14;0;SEPARACIONES;80.54059843;A
2011;14;1;SEPARACIONES;43.80398053;A
2011;14;2;SEPARACIONES;46.60359003;A
2011;14;3;SEPARACIONES;6.99902375;A
2011;14;4;SEPARACIONES;1.39980475;A
2011;14;05MAS;SEPARACIONES;1.39980475;A
2011;18;000;SEPARACIONES;166.89356225;A
2011;18;0;SEPARACIONES;57.28424747;A
2011;18;1;SEPARACIONES;46.73019743;A
2011;18;2;SEPARACIONES;53.56486235;A
2011;18;3;SEPARACIONES;6.67574249;A
2011;18;05MAS;SEPARACIONES;2.63851251;A
2011;21;000;SEPARACIONES;59.07766582;A
2011;21;0;SEPARACIONES;27.27707942;A
2011;21;1;SEPARACIONES;23.8504398;A
2011;21;2;SEPARACIONES;6.44231094;A
2011;21;3;SEPARACIONES;1.50783566;A
2011;23;000;SEPARACIONES;112.55728429;A
2011;23;0;SEPARACIONES;53.86105854;A
2011;23;1;SEPARACIONES;23.4784903;A
2011;23;2;SEPARACIONES;35.21773545;A
2011;29;000;SEPARACIONES;242.68781176;A
2011;29;0;SEPARACIONES;93.38138165;A
2011;29;1;SEPARACIONES;80.35851551;A
2011;29;2;SEPARACIONES;61.78601971;A
2011;29;3;SEPARACIONES;7.16189489;A
2011;41;000;SEPARACIONES;305.07308475;A
2011;41;0;SEPARACIONES;126.55969225;A
2011;41;1;SEPARACIONES;90.10830425;A
2011;41;2;SEPARACIONES;75.970489;A
2011;41;3;SEPARACIONES;12.43459925;A
2010;C01;000;SEPARACIONES;1530.47424568;A
2010;C01;1;SEPARACIONES;447.94742009;A
2010;C01;2;SEPARACIONES;416.94888787;A
2010;C01;3;SEPARACIONES;57.05293315;A
2010;C01;4;SEPARACIONES;10.89592969;A
2010;C01;05MAS;SEPARACIONES;597.62907488;A
2010;04;000;SEPARACIONES;67.26164627;A
2010;04;1;SEPARACIONES;34.77162333;A
2010;04;2;SEPARACIONES;21.6295921;A
2010;04;05MAS;SEPARACIONES;10.86043084;A
2010;11;000;SEPARACIONES;276.67635717;A
2010;11;1;SEPARACIONES;73.59114228;A
2010;11;2;SEPARACIONES;91.08713589;A
2010;11;3;SEPARACIONES;5.83199787;A
2010;11;05MAS;SEPARACIONES;106.16608113;A
2010;14;000;SEPARACIONES;201.9348937;A
2010;14;1;SEPARACIONES;65.57628038;A
2010;14;2;SEPARACIONES;59.11832732;A
2010;14;3;SEPARACIONES;10.2987048;A
2010;14;4;SEPARACIONES;2.58885124;A
2010;14;05MAS;SEPARACIONES;64.35272996;A
2010;18;000;SEPARACIONES;185.5777762;A
2010;18;1;SEPARACIONES;44.23264926;A
2010;18;2;SEPARACIONES;45.59399835;A
2010;18;3;SEPARACIONES;3.94716595;A
2010;18;4;SEPARACIONES;3.94716595;A
2010;18;05MAS;SEPARACIONES;87.85679669;A
2010;21;000;SEPARACIONES;67.9660588;A
2010;21;1;SEPARACIONES;18.9051928;A
2010;21;2;SEPARACIONES;18.57121372;A
2010;21;3;SEPARACIONES;2.2732549;A
2010;21;05MAS;SEPARACIONES;28.21639738;A
2010;23;000;SEPARACIONES;120.14646873;A
2010;23;1;SEPARACIONES;31.55864653;A
2010;23;2;SEPARACIONES;26.44925821;A
2010;23;3;SEPARACIONES;9.44343463;A
2010;23;4;SEPARACIONES;3.02495558;A
2010;23;05MAS;SEPARACIONES;49.67017378;A
2010;29;000;SEPARACIONES;269.07493748;A
2010;29;1;SEPARACIONES;71.60155021;A
2010;29;2;SEPARACIONES;76.96455449;A
2010;29;3;SEPARACIONES;12.35414566;A
2010;29;4;SEPARACIONES;1.33495692;A
2010;29;05MAS;SEPARACIONES;106.8197302;A
2010;41;000;SEPARACIONES;341.83610733;A
2010;41;1;SEPARACIONES;107.7103353;A
2010;41;2;SEPARACIONES;77.53480779;A
2010;41;3;SEPARACIONES;12.90422934;A
2010;41;05MAS;SEPARACIONES;143.6867349;A
2009;C01;000;SEPARACIONES;1592.640000016;A
2009;C01;0;SEPARACIONES;624.7443944896;A
2009;C01;1;SEPARACIONES;444.4180267469;A
2009;C01;2;SEPARACIONES;423.0097372119;A
2009;C01;3;SEPARACIONES;82.2255454984;A
2009;C01;4;SEPARACIONES;15.9059130905;A
2009;C01;05MAS;SEPARACIONES;2.3363829787;A
2009;04;000;SEPARACIONES;82.4700000021;A
2009;04;0;SEPARACIONES;38.5559148946;A
2009;04;1;SEPARACIONES;23.5301276602;A
2009;04;2;SEPARACIONES;18.2865106387;A
2009;04;3;SEPARACIONES;2.0974468086;A
2009;11;000;SEPARACIONES;275.3500000001;A
2009;11;0;SEPARACIONES;100.6985106381;A
2009;11;1;SEPARACIONES;73.8359574469;A
2009;11;2;SEPARACIONES;87.936170213;A
2009;11;3;SEPARACIONES;10.5429787234;A
2009;11;05MAS;SEPARACIONES;2.3363829787;A
2009;14;000;SEPARACIONES;191.580000002;A
2009;14;0;SEPARACIONES;58.528639176;A
2009;14;1;SEPARACIONES;55.882837114;A
2009;14;2;SEPARACIONES;62.97806598;A
2009;14;3;SEPARACIONES;8.312857732;A
2009;14;4;SEPARACIONES;5.8776;A
2009;18;000;SEPARACIONES;187.1600000002;A
2009;18;0;SEPARACIONES;61.5446634616;A
2009;18;1;SEPARACIONES;56.9721634616;A
2009;18;2;SEPARACIONES;55.8290384616;A
2009;18;3;SEPARACIONES;9.8364423077;A
2009;18;4;SEPARACIONES;2.9776923077;A
2009;21;000;SEPARACIONES;80.0000000014;A
2009;21;0;SEPARACIONES;41.1759420296;A
2009;21;1;SEPARACIONES;25.3879347831;A
2009;21;2;SEPARACIONES;13.4361231887;A
2009;23;000;SEPARACIONES;140.120000003;A
2009;23;0;SEPARACIONES;50.9846666677;A
2009;23;1;SEPARACIONES;38.7396666677;A
2009;23;2;SEPARACIONES;40.4343333341;A
2009;23;3;SEPARACIONES;9.9613333335;A
2009;29;000;SEPARACIONES;262.8999999998;A
2009;29;0;SEPARACIONES;119.3358974358;A
2009;29;1;SEPARACIONES;68.282051282;A
2009;29;2;SEPARACIONES;62.5974358974;A
2009;29;3;SEPARACIONES;8.2282051282;A
2009;29;4;SEPARACIONES;4.4564102564;A
2009;41;000;SEPARACIONES;373.0600000074;A
2009;41;0;SEPARACIONES;153.9201601862;A
2009;41;1;SEPARACIONES;101.7872883314;A
2009;41;2;SEPARACIONES;81.5120594984;A
2009;41;3;SEPARACIONES;33.246281465;A
2009;41;4;SEPARACIONES;2.5942105264;A
2008;C01;000;SEPARACIONES;1692.7371674121;A
2008;C01;0;SEPARACIONES;701.71555322;A
2008;C01;1;SEPARACIONES;502.4927584006;A
2008;C01;2;SEPARACIONES;401.879498771;A
2008;C01;3;SEPARACIONES;62.7326211368;A
2008;C01;4;SEPARACIONES;14.5595897545;A
2008;C01;05MAS;SEPARACIONES;9.3571461292;A
2008;04;000;SEPARACIONES;96.2877203913;A
2008;04;0;SEPARACIONES;53.222850336;A
2008;04;1;SEPARACIONES;28.3449874416;A
2008;04;2;SEPARACIONES;9.3671980269;A
2008;04;3;SEPARACIONES;4.0145134401;A
2008;04;4;SEPARACIONES;1.3381711467;A
2008;11;000;SEPARACIONES;285.8106521385;A
2008;11;0;SEPARACIONES;114.5572460104;A
2008;11;1;SEPARACIONES;87.5398441799;A
2008;11;2;SEPARACIONES;68.013912961;A
2008;11;3;SEPARACIONES;9.5972131561;A
2008;11;05MAS;SEPARACIONES;6.1024358311;A
2008;14;000;SEPARACIONES;227.038028358;A
2008;14;0;SEPARACIONES;98.7761424808;A
2008;14;1;SEPARACIONES;59.962626711;A
2008;14;2;SEPARACIONES;55.9138001307;A
2008;14;3;SEPARACIONES;7.9096130047;A
2008;14;4;SEPARACIONES;4.4758460308;A
2008;18;000;SEPARACIONES;182.40095509;A
2008;18;0;SEPARACIONES;76.1344305849;A
2008;18;1;SEPARACIONES;54.204984733;A
2008;18;2;SEPARACIONES;48.021917158;A
2008;18;3;SEPARACIONES;1.0305112625;A
2008;18;4;SEPARACIONES;3.0091113516;A
2008;21;000;SEPARACIONES;100.3696713296;A
2008;21;0;SEPARACIONES;30.2985790212;A
2008;21;1;SEPARACIONES;47.4218027978;A
2008;21;2;SEPARACIONES;18.8246447553;A
2008;21;3;SEPARACIONES;3.8246447553;A
2008;23;000;SEPARACIONES;135.4196187528;A
2008;23;0;SEPARACIONES;45.843136005;A
2008;23;1;SEPARACIONES;52.3164494262;A
2008;23;2;SEPARACIONES;25.8820897956;A
2008;23;3;SEPARACIONES;11.377943526;A
2008;29;000;SEPARACIONES;266.3862143614;A
2008;29;0;SEPARACIONES;120.554250908;A
2008;29;1;SEPARACIONES;70.0548379994;A
2008;29;2;SEPARACIONES;62.2217003632;A
2008;29;3;SEPARACIONES;9.2777125454;A
2008;29;4;SEPARACIONES;2.2777125454;A
2008;29;05MAS;SEPARACIONES;2.0;A
2008;41;000;SEPARACIONES;399.0243069905;A
2008;41;0;SEPARACIONES;162.3289178737;A
2008;41;1;SEPARACIONES;102.6472251117;A
2008;41;2;SEPARACIONES;113.6342355803;A
2008;41;3;SEPARACIONES;15.7004694467;A
2008;41;4;SEPARACIONES;3.45874868;A
2008;41;05MAS;SEPARACIONES;1.2547102981;A
2007;C01;000;SEPARACIONES;2252.190000142;A
2007;C01;0;SEPARACIONES;885.79541058;A
2007;C01;1;SEPARACIONES;656.883226045;A
2007;C01;2;SEPARACIONES;583.919057451;A
2007;C01;3;SEPARACIONES;106.535398424;A
2007;C01;4;SEPARACIONES;14.300134914;A
2007;C01;05MAS;SEPARACIONES;4.756772728;A
2007;04;000;SEPARACIONES;121.410000006;A
2007;04;0;SEPARACIONES;45.86727273;A
2007;04;1;SEPARACIONES;29.200909092;A
2007;04;2;SEPARACIONES;44.490000002;A
2007;04;3;SEPARACIONES;1.851818182;A
2007;11;000;SEPARACIONES;345.03999999;A
2007;11;0;SEPARACIONES;139.785569618;A
2007;11;1;SEPARACIONES;112.648909441;A
2007;11;2;SEPARACIONES;67.02331061;A
2007;11;3;SEPARACIONES;25.582210321;A
2007;14;000;SEPARACIONES;269.900000005;A
2007;14;0;SEPARACIONES;93.947272729;A
2007;14;1;SEPARACIONES;88.063636365;A
2007;14;2;SEPARACIONES;74.005454547;A
2007;14;3;SEPARACIONES;13.883636364;A
2007;18;000;SEPARACIONES;229.899999993;A
2007;18;0;SEPARACIONES;100.806504062;A
2007;18;1;SEPARACIONES;60.236585364;A
2007;18;2;SEPARACIONES;59.211382112;A
2007;18;3;SEPARACIONES;7.113821138;A
2007;18;4;SEPARACIONES;2.531707317;A
2007;21;000;SEPARACIONES;120.089999991;A
2007;21;0;SEPARACIONES;42.648113205;A
2007;21;1;SEPARACIONES;49.091320752;A
2007;21;2;SEPARACIONES;22.520943393;A
2007;21;3;SEPARACIONES;5.829622641;A
2007;23;000;SEPARACIONES;213.10999998;A
2007;23;0;SEPARACIONES;68.76891025;A
2007;23;1;SEPARACIONES;59.37814102;A
2007;23;2;SEPARACIONES;55.38538461;A
2007;23;3;SEPARACIONES;24.17955128;A
2007;23;4;SEPARACIONES;2.81051282;A
2007;23;05MAS;SEPARACIONES;2.5875;A
2007;29;000;SEPARACIONES;424.9200001;A
2007;29;0;SEPARACIONES;179.33441353;A
2007;29;1;SEPARACIONES;108.567985362;A
2007;29;2;SEPARACIONES;116.321155456;A
2007;29;3;SEPARACIONES;17.44253666;A
2007;29;4;SEPARACIONES;1.084636364;A
2007;29;05MAS;SEPARACIONES;2.169272728;A
2007;41;000;SEPARACIONES;527.820000077;A
2007;41;0;SEPARACIONES;214.637354456;A
2007;41;1;SEPARACIONES;149.695738649;A
2007;41;2;SEPARACIONES;144.961426721;A
2007;41;3;SEPARACIONES;10.652201838;A
2007;41;4;SEPARACIONES;7.873278413;A
2006;C01;000;SEPARACIONES;4085.709783;A
2006;C01;NC;SEPARACIONES;4085.709783;A
2006;04;000;SEPARACIONES;267.840027;A
2006;04;NC;SEPARACIONES;267.840027;A
2006;11;000;SEPARACIONES;640.770013;A
2006;11;NC;SEPARACIONES;640.770013;A
2006;14;000;SEPARACIONES;451.979978;A
2006;14;NC;SEPARACIONES;451.979978;A
2006;18;000;SEPARACIONES;537.299946;A
2006;18;NC;SEPARACIONES;537.299946;A
2006;21;000;SEPARACIONES;286.899984;A
2006;21;NC;SEPARACIONES;286.899984;A
2006;23;000;SEPARACIONES;326.429937;A
2006;23;NC;SEPARACIONES;326.429937;A
2006;29;000;SEPARACIONES;657.509904;A
2006;29;NC;SEPARACIONES;657.509904;A
2006;41;000;SEPARACIONES;916.979994;A
2006;41;NC;SEPARACIONES;916.979994;A
2005;C01;000;SEPARACIONES;11613.00000646;A
2005;C01;NC;SEPARACIONES;11613.00000646;A
2005;04;000;SEPARACIONES;808.99999851;A
2005;04;NC;SEPARACIONES;808.99999851;A
2005;11;000;SEPARACIONES;1853.00000467;A
2005;11;NC;SEPARACIONES;1853.00000467;A
2005;14;000;SEPARACIONES;1087.99999705;A
2005;14;NC;SEPARACIONES;1087.99999705;A
2005;18;000;SEPARACIONES;1255.99999686;A
2005;18;NC;SEPARACIONES;1255.99999686;A
2005;21;000;SEPARACIONES;779.00000184;A
2005;21;NC;SEPARACIONES;779.00000184;A
2005;23;000;SEPARACIONES;816.99999969;A
2005;23;NC;SEPARACIONES;816.99999969;A
2005;29;000;SEPARACIONES;2263.00000248;A
2005;29;NC;SEPARACIONES;2263.00000248;A
2005;41;000;SEPARACIONES;2748.00000536;A
2005;41;NC;SEPARACIONES;2748.00000536;A
2004;C01;000;SEPARACIONES;14276.001079;A
2004;C01;NC;SEPARACIONES;14276.001079;A
2004;04;000;SEPARACIONES;1112.00024;A
2004;04;NC;SEPARACIONES;1112.00024;A
2004;11;000;SEPARACIONES;2093.000459;A
2004;11;NC;SEPARACIONES;2093.000459;A
2004;14;000;SEPARACIONES;1267.00032;A
2004;14;NC;SEPARACIONES;1267.00032;A
2004;18;000;SEPARACIONES;1612.9995;A
2004;18;NC;SEPARACIONES;1612.9995;A
2004;21;000;SEPARACIONES;935.999804;A
2004;21;NC;SEPARACIONES;935.999804;A
2004;23;000;SEPARACIONES;895.000176;A
2004;23;NC;SEPARACIONES;895.000176;A
2004;29;000;SEPARACIONES;2906.000692;A
2004;29;NC;SEPARACIONES;2906.000692;A
2004;41;000;SEPARACIONES;3453.999888;A
2004;41;NC;SEPARACIONES;3453.999888;A
2003;C01;000;SEPARACIONES;12967.001106;A
2003;C01;NC;SEPARACIONES;12967.001106;A
2003;04;000;SEPARACIONES;910.999995;A
2003;04;NC;SEPARACIONES;910.999995;A
2003;11;000;SEPARACIONES;1905.00024;A
2003;11;NC;SEPARACIONES;1905.00024;A
2003;14;000;SEPARACIONES;1177.00044;A
2003;14;NC;SEPARACIONES;1177.00044;A
2003;18;000;SEPARACIONES;1573.999476;A
2003;18;NC;SEPARACIONES;1573.999476;A
2003;21;000;SEPARACIONES;761.00001;A
2003;21;NC;SEPARACIONES;761.00001;A
2003;23;000;SEPARACIONES;810.000224;A
2003;23;NC;SEPARACIONES;810.000224;A
2003;29;000;SEPARACIONES;2759.000618;A
2003;29;NC;SEPARACIONES;2759.000618;A
2003;41;000;SEPARACIONES;3070.000103;A
2003;41;NC;SEPARACIONES;3070.000103;A
2002;C01;000;SEPARACIONES;12611.000178;A
2002;C01;NC;SEPARACIONES;12611.000178;A
2002;04;000;SEPARACIONES;1013.99996;A
2002;04;NC;SEPARACIONES;1013.99996;A
2002;11;000;SEPARACIONES;1800.000576;A
2002;11;NC;SEPARACIONES;1800.000576;A
2002;14;000;SEPARACIONES;1117.999998;A
2002;14;NC;SEPARACIONES;1117.999998;A
2002;18;000;SEPARACIONES;1362.000035;A
2002;18;NC;SEPARACIONES;1362.000035;A
2002;21;000;SEPARACIONES;693.999885;A
2002;21;NC;SEPARACIONES;693.999885;A
2002;23;000;SEPARACIONES;793.999797;A
2002;23;NC;SEPARACIONES;793.999797;A
2002;29;000;SEPARACIONES;2621.999218;A
2002;29;NC;SEPARACIONES;2621.999218;A
2002;41;000;SEPARACIONES;3207.000709;A
2002;41;NC;SEPARACIONES;3207.000709;A
2001;C01;000;SEPARACIONES;10770.998593;A
2001;C01;NC;SEPARACIONES;10770.998593;A
2001;04;000;SEPARACIONES;733.999794;A
2001;04;NC;SEPARACIONES;733.999794;A
2001;11;000;SEPARACIONES;1631.99998;A
2001;11;NC;SEPARACIONES;1631.99998;A
2001;14;000;SEPARACIONES;1051.99975;A
2001;14;NC;SEPARACIONES;1051.99975;A
2001;18;000;SEPARACIONES;1143.999663;A
2001;18;NC;SEPARACIONES;1143.999663;A
2001;21;000;SEPARACIONES;718.99982;A
2001;21;NC;SEPARACIONES;718.99982;A
2001;23;000;SEPARACIONES;708.0;A
2001;23;NC;SEPARACIONES;708.0;A
2001;29;000;SEPARACIONES;2181.999582;A
2001;29;NC;SEPARACIONES;2181.999582;A
2001;41;000;SEPARACIONES;2600.000004;A
2001;41;NC;SEPARACIONES;2600.000004;A
2000;C01;000;SEPARACIONES;10759.000045;A
2000;C01;NC;SEPARACIONES;10759.000045;A
2000;04;000;SEPARACIONES;759.000089;A
2000;04;NC;SEPARACIONES;759.000089;A
2000;11;000;SEPARACIONES;1694.00028;A
2000;11;NC;SEPARACIONES;1694.00028;A
2000;14;000;SEPARACIONES;904.999872;A
2000;14;NC;SEPARACIONES;904.999872;A
2000;18;000;SEPARACIONES;1188.000051;A
2000;18;NC;SEPARACIONES;1188.000051;A
2000;21;000;SEPARACIONES;655.000038;A
2000;21;NC;SEPARACIONES;655.000038;A
2000;23;000;SEPARACIONES;667.000116;A
2000;23;NC;SEPARACIONES;667.000116;A
2000;29;000;SEPARACIONES;2343.999334;A
2000;29;NC;SEPARACIONES;2343.999334;A
2000;41;000;SEPARACIONES;2547.000265;A
2000;41;NC;SEPARACIONES;2547.000265;A
1999;C01;000;SEPARACIONES;9376.389167;A
1999;C01;NC;SEPARACIONES;9376.389167;A
1999;04;000;SEPARACIONES;638.000217;A
1999;04;NC;SEPARACIONES;638.000217;A
1999;11;000;SEPARACIONES;1402.999689;A
1999;11;NC;SEPARACIONES;1402.999689;A
1999;14;000;SEPARACIONES;865.999735;A
1999;14;NC;SEPARACIONES;865.999735;A
1999;18;000;SEPARACIONES;1033.000086;A
1999;18;NC;SEPARACIONES;1033.000086;A
1999;21;000;SEPARACIONES;549.999954;A
1999;21;NC;SEPARACIONES;549.999954;A
1999;23;000;SEPARACIONES;601.0002;A
1999;23;NC;SEPARACIONES;601.0002;A
1999;29;000;SEPARACIONES;2020.999806;A
1999;29;NC;SEPARACIONES;2020.999806;A
1999;41;000;SEPARACIONES;2264.38948;A
1999;41;NC;SEPARACIONES;2264.38948;A
1998;C01;000;SEPARACIONES;9329.556592;A
1998;C01;NC;SEPARACIONES;9329.556592;A
1998;04;000;SEPARACIONES;673.999758;A
1998;04;NC;SEPARACIONES;673.999758;A
1998;11;000;SEPARACIONES;1387.9998;A
1998;11;NC;SEPARACIONES;1387.9998;A
1998;14;000;SEPARACIONES;894.99984;A
1998;14;NC;SEPARACIONES;894.99984;A
1998;18;000;SEPARACIONES;945.99972;A
1998;18;NC;SEPARACIONES;945.99972;A
1998;21;000;SEPARACIONES;570.000144;A
1998;21;NC;SEPARACIONES;570.000144;A
1998;23;000;SEPARACIONES;594.000154;A
1998;23;NC;SEPARACIONES;594.000154;A
1998;29;000;SEPARACIONES;1871.99972;A
1998;29;NC;SEPARACIONES;1871.99972;A
1998;41;000;SEPARACIONES;2390.557456;A
1998;41;NC;SEPARACIONES;2390.557456;A
2020;C01;000;NULIDADES;5.05742;A
2020;C01;0;NULIDADES;5.05742;A
2020;04;000;NULIDADES;2.13486;A
2020;04;0;NULIDADES;2.13486;A
2020;23;000;NULIDADES;2.92256;A
2020;23;0;NULIDADES;2.92256;A
2019;C01;000;NULIDADES;13.00912;A
2019;C01;0;NULIDADES;2.34554;A
2019;C01;1;NULIDADES;2.18014;A
2019;C01;2;NULIDADES;8.48344;A
2019;11;000;NULIDADES;6.54042;A
2019;11;1;NULIDADES;2.18014;A
2019;11;2;NULIDADES;4.36028;A
2019;18;000;NULIDADES;2.39728;A
2019;18;2;NULIDADES;2.39728;A
2019;29;000;NULIDADES;2.34554;A
2019;29;0;NULIDADES;2.34554;A
2019;41;000;NULIDADES;1.72588;A
2019;41;2;NULIDADES;1.72588;A
2018;C01;000;NULIDADES;15.9558;A
2018;C01;0;NULIDADES;11.8116;A
2018;C01;1;NULIDADES;4.1442;A
2018;04;000;NULIDADES;1.6277;A
2018;04;0;NULIDADES;1.6277;A
2018;11;000;NULIDADES;8.7124;A
2018;11;0;NULIDADES;6.5343;A
2018;11;1;NULIDADES;2.1781;A
2018;14;000;NULIDADES;1.312;A
2018;14;0;NULIDADES;1.312;A
2018;18;000;NULIDADES;2.3376;A
2018;18;0;NULIDADES;2.3376;A
2018;29;000;NULIDADES;1.9661;A
2018;29;1;NULIDADES;1.9661;A
2017;C01;000;NULIDADES;18.7654;A
2017;C01;0;NULIDADES;18.7654;A
2017;04;000;NULIDADES;1.5212;A
2017;04;0;NULIDADES;1.5212;A
2017;14;000;NULIDADES;1.523;A
2017;14;0;NULIDADES;1.523;A
2017;18;000;NULIDADES;4.0304;A
2017;18;0;NULIDADES;4.0304;A
2017;23;000;NULIDADES;4.0944;A
2017;23;0;NULIDADES;4.0944;A
2017;29;000;NULIDADES;4.8474;A
2017;29;0;NULIDADES;4.8474;A
2017;41;000;NULIDADES;2.749;A
2017;41;0;NULIDADES;2.749;A
2016;C01;000;NULIDADES;13.6103;A
2016;C01;0;NULIDADES;10.5888;A
2016;C01;2;NULIDADES;3.0215;A
2016;04;000;NULIDADES;1.3299;A
2016;04;0;NULIDADES;1.3299;A
2016;14;000;NULIDADES;1.3049;A
2016;14;0;NULIDADES;1.3049;A
2016;18;000;NULIDADES;1.7288;A
2016;18;0;NULIDADES;1.7288;A
2016;21;000;NULIDADES;3.4584;A
2016;21;0;NULIDADES;1.7292;A
2016;21;2;NULIDADES;1.7292;A
2016;23;000;NULIDADES;1.4948;A
2016;23;0;NULIDADES;1.4948;A
2016;29;000;NULIDADES;3.0012;A
2016;29;0;NULIDADES;3.0012;A
2016;41;000;NULIDADES;1.2923;A
2016;41;2;NULIDADES;1.2923;A
2015;C01;000;NULIDADES;29.5612;A
2015;C01;0;NULIDADES;14.9249;A
2015;C01;1;NULIDADES;5.4817;A
2015;C01;2;NULIDADES;7.7523;A
2015;C01;3;NULIDADES;1.4023;A
2015;04;000;NULIDADES;3.1572;A
2015;04;0;NULIDADES;3.1572;A
2015;11;000;NULIDADES;4.7814;A
2015;11;0;NULIDADES;1.5938;A
2015;11;2;NULIDADES;3.1876;A
2015;18;000;NULIDADES;3.438;A
2015;18;0;NULIDADES;1.719;A
2015;18;2;NULIDADES;1.719;A
2015;21;000;NULIDADES;2.9718;A
2015;21;0;NULIDADES;1.4859;A
2015;21;2;NULIDADES;1.4859;A
2015;29;000;NULIDADES;8.4138;A
2015;29;0;NULIDADES;5.6092;A
2015;29;1;NULIDADES;1.4023;A
2015;29;3;NULIDADES;1.4023;A
2015;41;000;NULIDADES;6.799;A
2015;41;0;NULIDADES;1.3598;A
2015;41;1;NULIDADES;4.0794;A
2015;41;2;NULIDADES;1.3598;A
2014;C01;000;NULIDADES;38.00724;A
2014;C01;0;NULIDADES;26.18236;A
2014;C01;1;NULIDADES;4.40011;A
2014;C01;2;NULIDADES;7.42477;A
2014;11;000;NULIDADES;9.01698;A
2014;11;0;NULIDADES;6.01132;A
2014;11;1;NULIDADES;1.50283;A
2014;11;2;NULIDADES;1.50283;A
2014;18;000;NULIDADES;1.51905;A
2014;18;0;NULIDADES;1.51905;A
2014;21;000;NULIDADES;2.82922;A
2014;21;0;NULIDADES;1.41461;A
2014;21;2;NULIDADES;1.41461;A
2014;23;000;NULIDADES;1.4678;A
2014;23;0;NULIDADES;1.4678;A
2014;29;000;NULIDADES;6.4402;A
2014;29;0;NULIDADES;1.61005;A
2014;29;1;NULIDADES;1.61005;A
2014;29;2;NULIDADES;3.2201;A
2014;41;000;NULIDADES;16.73399;A
2014;41;0;NULIDADES;14.15953;A
2014;41;1;NULIDADES;1.28723;A
2014;41;2;NULIDADES;1.28723;A
2013;C01;000;NULIDADES;29.96762;A
2013;C01;0;NULIDADES;29.96762;A
2013;11;000;NULIDADES;2.9301;A
2013;11;0;NULIDADES;2.9301;A
2013;14;000;NULIDADES;1.35646;A
2013;14;0;NULIDADES;1.35646;A
2013;18;000;NULIDADES;5.45556;A
2013;18;0;NULIDADES;5.45556;A
2013;21;000;NULIDADES;1.43627;A
2013;21;0;NULIDADES;1.43627;A
2013;23;000;NULIDADES;1.41113;A
2013;23;0;NULIDADES;1.41113;A
2013;29;000;NULIDADES;1.4361;A
2013;29;0;NULIDADES;1.4361;A
2013;41;000;NULIDADES;15.942;A
2013;41;0;NULIDADES;15.942;A
2012;C01;000;NULIDADES;24.00002;A
2012;C01;0;NULIDADES;24.00002;A
2012;04;000;NULIDADES;3.0;A
2012;04;0;NULIDADES;3.0;A
2012;29;000;NULIDADES;2.0;A
2012;29;0;NULIDADES;2.0;A
2012;41;000;NULIDADES;19.00002;A
2012;41;0;NULIDADES;19.00002;A
2011;C01;000;NULIDADES;31.0;A
2011;C01;0;NULIDADES;29.0;A
2011;C01;1;NULIDADES;2.0;A
2011;04;000;NULIDADES;2.0;A
2011;04;1;NULIDADES;2.0;A
2011;11;000;NULIDADES;2.0;A
2011;11;0;NULIDADES;2.0;A
2011;14;000;NULIDADES;2.0;A
2011;14;0;NULIDADES;2.0;A
2011;18;000;NULIDADES;3.0;A
2011;18;0;NULIDADES;3.0;A
2011;23;000;NULIDADES;1.0;A
2011;23;0;NULIDADES;1.0;A
2011;29;000;NULIDADES;9.0;A
2011;29;0;NULIDADES;9.0;A
2011;41;000;NULIDADES;12.0;A
2011;41;0;NULIDADES;12.0;A
2010;C01;000;NULIDADES;30.0;A
2010;C01;0;NULIDADES;20.0;A
2010;C01;1;NULIDADES;3.0;A
2010;C01;2;NULIDADES;7.0;A
2010;04;000;NULIDADES;5.0;A
2010;04;0;NULIDADES;5.0;A
2010;11;000;NULIDADES;4.0;A
2010;11;0;NULIDADES;2.0;A
2010;11;2;NULIDADES;2.0;A
2010;14;000;NULIDADES;1.0;A
2010;14;1;NULIDADES;1.0;A
2010;18;000;NULIDADES;4.0;A
2010;18;0;NULIDADES;2.0;A
2010;18;2;NULIDADES;2.0;A
2010;21;000;NULIDADES;1.0;A
2010;21;1;NULIDADES;1.0;A
2010;29;000;NULIDADES;8.0;A
2010;29;0;NULIDADES;6.0;A
2010;29;2;NULIDADES;2.0;A
2010;41;000;NULIDADES;7.0;A
2010;41;0;NULIDADES;5.0;A
2010;41;1;NULIDADES;1.0;A
2010;41;2;NULIDADES;1.0;A
2009;C01;000;NULIDADES;22.800000001;A
2009;C01;0;NULIDADES;22.800000001;A
2009;11;000;NULIDADES;1.0;A
2009;11;0;NULIDADES;1.0;A
2009;14;000;NULIDADES;2.7;A
2009;14;0;NULIDADES;2.7;A
2009;18;000;NULIDADES;3.200000001;A
2009;18;0;NULIDADES;3.200000001;A
2009;21;000;NULIDADES;1.8;A
2009;21;0;NULIDADES;1.8;A
2009;23;000;NULIDADES;2.0;A
2009;23;0;NULIDADES;2.0;A
2009;29;000;NULIDADES;4.0;A
2009;29;0;NULIDADES;4.0;A
2009;41;000;NULIDADES;8.1;A
2009;41;0;NULIDADES;8.1;A
2008;C01;000;NULIDADES;20.03268282;A
2008;C01;0;NULIDADES;20.03268282;A
2008;04;000;NULIDADES;1.82545068;A
2008;04;0;NULIDADES;1.82545068;A
2008;11;000;NULIDADES;1.0;A
2008;11;0;NULIDADES;1.0;A
2008;14;000;NULIDADES;1.0;A
2008;14;0;NULIDADES;1.0;A
2008;21;000;NULIDADES;2.73817602;A
2008;21;0;NULIDADES;2.73817602;A
2008;29;000;NULIDADES;3.21090136;A
2008;29;0;NULIDADES;3.21090136;A
2008;41;000;NULIDADES;10.25815476;A
2008;41;0;NULIDADES;10.25815476;A
2007;C01;000;NULIDADES;23.25;A
2007;C01;0;NULIDADES;21.25;A
2007;C01;1;NULIDADES;2.0;A
2007;04;000;NULIDADES;1.9;A
2007;04;0;NULIDADES;1.9;A
2007;11;000;NULIDADES;1.0;A
2007;11;0;NULIDADES;1.0;A
2007;14;000;NULIDADES;3.8;A
2007;14;0;NULIDADES;3.8;A
2007;18;000;NULIDADES;5.7;A
2007;18;0;NULIDADES;5.7;A
2007;21;000;NULIDADES;2.85;A
2007;21;0;NULIDADES;2.85;A
2007;29;000;NULIDADES;5.0;A
2007;29;0;NULIDADES;4.0;A
2007;29;1;NULIDADES;1.0;A
2007;41;000;NULIDADES;3.0;A
2007;41;0;NULIDADES;2.0;A
2007;41;1;NULIDADES;1.0;A
2006;C01;000;NULIDADES;36.42;A
2006;C01;NC;NULIDADES;36.42;A
2006;04;000;NULIDADES;1.0;A
2006;04;NC;NULIDADES;1.0;A
2006;11;000;NULIDADES;7.44;A
2006;11;NC;NULIDADES;7.44;A
2006;14;000;NULIDADES;8.37;A
2006;14;NC;NULIDADES;8.37;A
2006;18;000;NULIDADES;1.8;A
2006;18;NC;NULIDADES;1.8;A
2006;21;000;NULIDADES;1.0;A
2006;21;NC;NULIDADES;1.0;A
2006;23;000;NULIDADES;1.0;A
2006;23;NC;NULIDADES;1.0;A
2006;29;000;NULIDADES;8.37;A
2006;29;NC;NULIDADES;8.37;A
2006;41;000;NULIDADES;7.44;A
2006;41;NC;NULIDADES;7.44;A
2005;C01;000;NULIDADES;37.00000001;A
2005;C01;NC;NULIDADES;37.00000001;A
2005;04;000;NULIDADES;7.0;A
2005;04;NC;NULIDADES;7.0;A
2005;11;000;NULIDADES;3.0;A
2005;11;NC;NULIDADES;3.0;A
2005;14;000;NULIDADES;3.0;A
2005;14;NC;NULIDADES;3.0;A
2005;18;000;NULIDADES;1.0;A
2005;18;NC;NULIDADES;1.0;A
2005;21;000;NULIDADES;1.0;A
2005;21;NC;NULIDADES;1.0;A
2005;23;000;NULIDADES;1.0;A
2005;23;NC;NULIDADES;1.0;A
2005;29;000;NULIDADES;13.00000001;A
2005;29;NC;NULIDADES;13.00000001;A
2005;41;000;NULIDADES;8.0;A
2005;41;NC;NULIDADES;8.0;A
2004;C01;000;NULIDADES;33.000001;A
2004;C01;NC;NULIDADES;33.000001;A
2004;04;000;NULIDADES;1.0;A
2004;04;NC;NULIDADES;1.0;A
2004;11;000;NULIDADES;6.0;A
2004;11;NC;NULIDADES;6.0;A
2004;14;000;NULIDADES;2.0;A
2004;14;NC;NULIDADES;2.0;A
2004;18;000;NULIDADES;4.0;A
2004;18;NC;NULIDADES;4.0;A
2004;23;000;NULIDADES;2.0;A
2004;23;NC;NULIDADES;2.0;A
2004;29;000;NULIDADES;7.0;A
2004;29;NC;NULIDADES;7.0;A
2004;41;000;NULIDADES;11.000001;A
2004;41;NC;NULIDADES;11.000001;A
2003;C01;000;NULIDADES;43.0;A
2003;C01;NC;NULIDADES;43.0;A
2003;04;000;NULIDADES;6.0;A
2003;04;NC;NULIDADES;6.0;A
2003;11;000;NULIDADES;6.0;A
2003;11;NC;NULIDADES;6.0;A
2003;14;000;NULIDADES;5.0;A
2003;14;NC;NULIDADES;5.0;A
2003;18;000;NULIDADES;2.0;A
2003;18;NC;NULIDADES;2.0;A
2003;21;000;NULIDADES;2.0;A
2003;21;NC;NULIDADES;2.0;A
2003;23;000;NULIDADES;0.0;A
2003;23;NC;NULIDADES;0.0;A
2003;29;000;NULIDADES;16.0;A
2003;29;NC;NULIDADES;16.0;A
2003;41;000;NULIDADES;6.0;A
2003;41;NC;NULIDADES;6.0;A
2002;C01;000;NULIDADES;29.0;A
2002;C01;NC;NULIDADES;29.0;A
2002;04;000;NULIDADES;3.0;A
2002;04;NC;NULIDADES;3.0;A
2002;11;000;NULIDADES;5.0;A
2002;11;NC;NULIDADES;5.0;A
2002;14;000;NULIDADES;2.0;A
2002;14;NC;NULIDADES;2.0;A
2002;18;000;NULIDADES;1.0;A
2002;18;NC;NULIDADES;1.0;A
2002;23;000;NULIDADES;1.0;A
2002;23;NC;NULIDADES;1.0;A
2002;29;000;NULIDADES;11.0;A
2002;29;NC;NULIDADES;11.0;A
2002;41;000;NULIDADES;6.0;A
2002;41;NC;NULIDADES;6.0;A
2001;C01;000;NULIDADES;18.0;A
2001;C01;NC;NULIDADES;18.0;A
2001;04;000;NULIDADES;3.0;A
2001;04;NC;NULIDADES;3.0;A
2001;11;000;NULIDADES;4.0;A
2001;11;NC;NULIDADES;4.0;A
2001;14;000;NULIDADES;4.0;A
2001;14;NC;NULIDADES;4.0;A
2001;18;000;NULIDADES;4.0;A
2001;18;NC;NULIDADES;4.0;A
2001;29;000;NULIDADES;2.0;A
2001;29;NC;NULIDADES;2.0;A
2001;41;000;NULIDADES;1.0;A
2001;41;NC;NULIDADES;1.0;A
2000;C01;000;NULIDADES;20.0;A
2000;C01;NC;NULIDADES;20.0;A
2000;11;000;NULIDADES;2.0;A
2000;11;NC;NULIDADES;2.0;A
2000;18;000;NULIDADES;5.0;A
2000;18;NC;NULIDADES;5.0;A
2000;23;000;NULIDADES;2.0;A
2000;23;NC;NULIDADES;2.0;A
2000;29;000;NULIDADES;6.0;A
2000;29;NC;NULIDADES;6.0;A
2000;41;000;NULIDADES;5.0;A
2000;41;NC;NULIDADES;5.0;A
1999;C01;000;NULIDADES;16.0;A
1999;C01;NC;NULIDADES;16.0;A
1999;11;000;NULIDADES;2.0;A
1999;11;NC;NULIDADES;2.0;A
1999;14;000;NULIDADES;1.0;A
1999;14;NC;NULIDADES;1.0;A
1999;18;000;NULIDADES;1.0;A
1999;18;NC;NULIDADES;1.0;A
1999;21;000;NULIDADES;1.0;A
1999;21;NC;NULIDADES;1.0;A
1999;23;000;NULIDADES;2.0;A
1999;23;NC;NULIDADES;2.0;A
1999;29;000;NULIDADES;2.0;A
1999;29;NC;NULIDADES;2.0;A
1999;41;000;NULIDADES;7.0;A
1999;41;NC;NULIDADES;7.0;A
1998;C01;000;NULIDADES;18.0;A
1998;C01;NC;NULIDADES;18.0;A
1998;11;000;NULIDADES;1.0;A
1998;11;NC;NULIDADES;1.0;A
1998;18;000;NULIDADES;3.0;A
1998;18;NC;NULIDADES;3.0;A
1998;21;000;NULIDADES;1.0;A
1998;21;NC;NULIDADES;1.0;A
1998;23;000;NULIDADES;1.0;A
1998;23;NC;NULIDADES;1.0;A
1998;29;000;NULIDADES;5.0;A
1998;29;NC;NULIDADES;5.0;A
1998;41;000;NULIDADES;7.0;A
1998;41;NC;NULIDADES;7.0;A
